week,staff_id,staff_name,role,service,present,roster_staff_id,is_off_roster
1,STF-b77cdc60,Allison Hill,doctor,emergency,1,STF-5ca26577,0
2,STF-b77cdc60,Allison Hill,doctor,emergency,1,STF-5ca26577,0
3,STF-b77cdc60,Allison Hill,doctor,emergency,0,STF-5ca26577,0
4,STF-b77cdc60,Allison Hill,doctor,emergency,1,STF-5ca26577,0
5,STF-b77cdc60,Allison Hill,doctor,emergency,1,STF-5ca26577,0
6,STF-b77cdc60,Allison Hill,doctor,emergency,0,STF-5ca26577,0
7,STF-b77cdc60,Allison Hill,doctor,emergency,1,STF-5ca26577,0
8,STF-b77cdc60,Allison Hill,doctor,emergency,1,STF-5ca26577,0
9,STF-b77cdc60,Allison Hill,doctor,emergency,0,STF-5ca26577,0
10,STF-b77cdc60,Allison Hill,doctor,emergency,1,STF-5ca26577,0
11,STF-b77cdc60,Allison Hill,doctor,emergency,1,STF-5ca26577,0
12,STF-b77cdc60,Allison Hill,doctor,emergency,0,STF-5ca26577,0
13,STF-b77cdc60,Allison Hill,doctor,emergency,1,STF-5ca26577,0
14,STF-b77cdc60,Allison Hill,doctor,emergency,1,STF-5ca26577,0
15,STF-b77cdc60,Allison Hill,doctor,emergency,0,STF-5ca26577,0
16,STF-b77cdc60,Allison Hill,doctor,emergency,1,STF-5ca26577,0
17,STF-b77cdc60,Allison Hill,doctor,emergency,1,STF-5ca26577,0
18,STF-b77cdc60,Allison Hill,doctor,emergency,0,STF-5ca26577,0
19,STF-b77cdc60,Allison Hill,doctor,emergency,1,STF-5ca26577,0
20,STF-b77cdc60,Allison Hill,doctor,emergency,1,STF-5ca26577,0
21,STF-b77cdc60,Allison Hill,doctor,emergency,0,STF-5ca26577,0
22,STF-b77cdc60,Allison Hill,doctor,emergency,0,STF-5ca26577,0
23,STF-b77cdc60,Allison Hill,doctor,emergency,1,STF-5ca26577,0
24,STF-b77cdc60,Allison Hill,doctor,emergency,0,STF-5ca26577,0
25,STF-b77cdc60,Allison Hill,doctor,emergency,0,STF-5ca26577,0
26,STF-b77cdc60,Allison Hill,doctor,emergency,1,STF-5ca26577,0
27,STF-b77cdc60,Allison Hill,doctor,emergency,0,STF-5ca26577,0
28,STF-b77cdc60,Allison Hill,doctor,emergency,1,STF-5ca26577,0
29,STF-b77cdc60,Allison Hill,doctor,emergency,1,STF-5ca26577,0
30,STF-b77cdc60,Allison Hill,doctor,emergency,0,STF-5ca26577,0
31,STF-b77cdc60,Allison Hill,doctor,emergency,0,STF-5ca26577,0
32,STF-b77cdc60,Allison Hill,doctor,emergency,1,STF-5ca26577,0
33,STF-b77cdc60,Allison Hill,doctor,emergency,0,STF-5ca26577,0
34,STF-b77cdc60,Allison Hill,doctor,emergency,0,STF-5ca26577,0
35,STF-b77cdc60,Allison Hill,doctor,emergency,1,STF-5ca26577,0
36,STF-b77cdc60,Allison Hill,doctor,emergency,0,STF-5ca26577,0
37,STF-b77cdc60,Allison Hill,doctor,emergency,0,STF-5ca26577,0
38,STF-b77cdc60,Allison Hill,doctor,emergency,1,STF-5ca26577,0
39,STF-b77cdc60,Allison Hill,doctor,emergency,0,STF-5ca26577,0
40,STF-b77cdc60,Allison Hill,doctor,emergency,1,STF-5ca26577,0
41,STF-b77cdc60,Allison Hill,doctor,emergency,1,STF-5ca26577,0
42,STF-b77cdc60,Allison Hill,doctor,emergency,0,STF-5ca26577,0
43,STF-b77cdc60,Allison Hill,doctor,emergency,1,STF-5ca26577,0
44,STF-b77cdc60,Allison Hill,doctor,emergency,1,STF-5ca26577,0
45,STF-b77cdc60,Allison Hill,doctor,emergency,0,STF-5ca26577,0
46,STF-b77cdc60,Allison Hill,doctor,emergency,1,STF-5ca26577,0
47,STF-b77cdc60,Allison Hill,doctor,emergency,1,STF-5ca26577,0
48,STF-b77cdc60,Allison Hill,doctor,emergency,0,STF-5ca26577,0
49,STF-b77cdc60,Allison Hill,doctor,emergency,1,STF-5ca26577,0
50,STF-b77cdc60,Allison Hill,doctor,emergency,1,STF-5ca26577,0
51,STF-b77cdc60,Allison Hill,doctor,emergency,0,STF-5ca26577,0
52,STF-b77cdc60,Allison Hill,doctor,emergency,1,STF-5ca26577,0
1,STF-5e560b99,Noah Rhodes,doctor,emergency,1,STF-02ae59ca,0
2,STF-5e560b99,Noah Rhodes,doctor,emergency,1,STF-02ae59ca,0
3,STF-5e560b99,Noah Rhodes,doctor,emergency,0,STF-02ae59ca,0
4,STF-5e560b99,Noah Rhodes,doctor,emergency,1,STF-02ae59ca,0
5,STF-5e560b99,Noah Rhodes,doctor,emergency,1,STF-02ae59ca,0
6,STF-5e560b99,Noah Rhodes,doctor,emergency,0,STF-02ae59ca,0
7,STF-5e560b99,Noah Rhodes,doctor,emergency,1,STF-02ae59ca,0
8,STF-5e560b99,Noah Rhodes,doctor,emergency,1,STF-02ae59ca,0
9,STF-5e560b99,Noah Rhodes,doctor,emergency,0,STF-02ae59ca,0
10,STF-5e560b99,Noah Rhodes,doctor,emergency,1,STF-02ae59ca,0
11,STF-5e560b99,Noah Rhodes,doctor,emergency,1,STF-02ae59ca,0
12,STF-5e560b99,Noah Rhodes,doctor,emergency,0,STF-02ae59ca,0
13,STF-5e560b99,Noah Rhodes,doctor,emergency,0,STF-02ae59ca,0
14,STF-5e560b99,Noah Rhodes,doctor,emergency,0,STF-02ae59ca,0
15,STF-5e560b99,Noah Rhodes,doctor,emergency,0,STF-02ae59ca,0
16,STF-5e560b99,Noah Rhodes,doctor,emergency,0,STF-02ae59ca,0
17,STF-5e560b99,Noah Rhodes,doctor,emergency,1,STF-02ae59ca,0
18,STF-5e560b99,Noah Rhodes,doctor,emergency,0,STF-02ae59ca,0
19,STF-5e560b99,Noah Rhodes,doctor,emergency,1,STF-02ae59ca,0
20,STF-5e560b99,Noah Rhodes,doctor,emergency,1,STF-02ae59ca,0
21,STF-5e560b99,Noah Rhodes,doctor,emergency,0,STF-02ae59ca,0
22,STF-5e560b99,Noah Rhodes,doctor,emergency,1,STF-02ae59ca,0
23,STF-5e560b99,Noah Rhodes,doctor,emergency,0,STF-02ae59ca,0
24,STF-5e560b99,Noah Rhodes,doctor,emergency,0,STF-02ae59ca,0
25,STF-5e560b99,Noah Rhodes,doctor,emergency,1,STF-02ae59ca,0
26,STF-5e560b99,Noah Rhodes,doctor,emergency,1,STF-02ae59ca,0
27,STF-5e560b99,Noah Rhodes,doctor,emergency,0,STF-02ae59ca,0
28,STF-5e560b99,Noah Rhodes,doctor,emergency,1,STF-02ae59ca,0
29,STF-5e560b99,Noah Rhodes,doctor,emergency,0,STF-02ae59ca,0
30,STF-5e560b99,Noah Rhodes,doctor,emergency,0,STF-02ae59ca,0
31,STF-5e560b99,Noah Rhodes,doctor,emergency,1,STF-02ae59ca,0
32,STF-5e560b99,Noah Rhodes,doctor,emergency,1,STF-02ae59ca,0
33,STF-5e560b99,Noah Rhodes,doctor,emergency,0,STF-02ae59ca,0
34,STF-5e560b99,Noah Rhodes,doctor,emergency,0,STF-02ae59ca,0
35,STF-5e560b99,Noah Rhodes,doctor,emergency,1,STF-02ae59ca,0
36,STF-5e560b99,Noah Rhodes,doctor,emergency,0,STF-02ae59ca,0
37,STF-5e560b99,Noah Rhodes,doctor,emergency,1,STF-02ae59ca,0
38,STF-5e560b99,Noah Rhodes,doctor,emergency,1,STF-02ae59ca,0
39,STF-5e560b99,Noah Rhodes,doctor,emergency,0,STF-02ae59ca,0
40,STF-5e560b99,Noah Rhodes,doctor,emergency,1,STF-02ae59ca,0
41,STF-5e560b99,Noah Rhodes,doctor,emergency,1,STF-02ae59ca,0
42,STF-5e560b99,Noah Rhodes,doctor,emergency,0,STF-02ae59ca,0
43,STF-5e560b99,Noah Rhodes,doctor,emergency,1,STF-02ae59ca,0
44,STF-5e560b99,Noah Rhodes,doctor,emergency,1,STF-02ae59ca,0
45,STF-5e560b99,Noah Rhodes,doctor,emergency,0,STF-02ae59ca,0
46,STF-5e560b99,Noah Rhodes,doctor,emergency,1,STF-02ae59ca,0
47,STF-5e560b99,Noah Rhodes,doctor,emergency,0,STF-02ae59ca,0
48,STF-5e560b99,Noah Rhodes,doctor,emergency,0,STF-02ae59ca,0
49,STF-5e560b99,Noah Rhodes,doctor,emergency,1,STF-02ae59ca,0
50,STF-5e560b99,Noah Rhodes,doctor,emergency,1,STF-02ae59ca,0
51,STF-5e560b99,Noah Rhodes,doctor,emergency,0,STF-02ae59ca,0
52,STF-5e560b99,Noah Rhodes,doctor,emergency,1,STF-02ae59ca,0
1,STF-2e0dd6e9,Angie Henderson,doctor,emergency,1,STF-d8006e7c,0
2,STF-2e0dd6e9,Angie Henderson,doctor,emergency,1,STF-d8006e7c,0
3,STF-2e0dd6e9,Angie Henderson,doctor,emergency,0,STF-d8006e7c,0
4,STF-2e0dd6e9,Angie Henderson,doctor,emergency,0,STF-d8006e7c,0
5,STF-2e0dd6e9,Angie Henderson,doctor,emergency,1,STF-d8006e7c,0
6,STF-2e0dd6e9,Angie Henderson,doctor,emergency,0,STF-d8006e7c,0
7,STF-2e0dd6e9,Angie Henderson,doctor,emergency,0,STF-d8006e7c,0
8,STF-2e0dd6e9,Angie Henderson,doctor,emergency,1,STF-d8006e7c,0
9,STF-2e0dd6e9,Angie Henderson,doctor,emergency,0,STF-d8006e7c,0
10,STF-2e0dd6e9,Angie Henderson,doctor,emergency,0,STF-d8006e7c,0
11,STF-2e0dd6e9,Angie Henderson,doctor,emergency,1,STF-d8006e7c,0
12,STF-2e0dd6e9,Angie Henderson,doctor,emergency,0,STF-d8006e7c,0
13,STF-2e0dd6e9,Angie Henderson,doctor,emergency,1,STF-d8006e7c,0
14,STF-2e0dd6e9,Angie Henderson,doctor,emergency,1,STF-d8006e7c,0
15,STF-2e0dd6e9,Angie Henderson,doctor,emergency,0,STF-d8006e7c,0
16,STF-2e0dd6e9,Angie Henderson,doctor,emergency,1,STF-d8006e7c,0
17,STF-2e0dd6e9,Angie Henderson,doctor,emergency,1,STF-d8006e7c,0
18,STF-2e0dd6e9,Angie Henderson,doctor,emergency,0,STF-d8006e7c,0
19,STF-2e0dd6e9,Angie Henderson,doctor,emergency,0,STF-d8006e7c,0
20,STF-2e0dd6e9,Angie Henderson,doctor,emergency,1,STF-d8006e7c,0
21,STF-2e0dd6e9,Angie Henderson,doctor,emergency,0,STF-d8006e7c,0
22,STF-2e0dd6e9,Angie Henderson,doctor,emergency,1,STF-d8006e7c,0
23,STF-2e0dd6e9,Angie Henderson,doctor,emergency,1,STF-d8006e7c,0
24,STF-2e0dd6e9,Angie Henderson,doctor,emergency,0,STF-d8006e7c,0
25,STF-2e0dd6e9,Angie Henderson,doctor,emergency,1,STF-d8006e7c,0
26,STF-2e0dd6e9,Angie Henderson,doctor,emergency,1,STF-d8006e7c,0
27,STF-2e0dd6e9,Angie Henderson,doctor,emergency,0,STF-d8006e7c,0
28,STF-2e0dd6e9,Angie Henderson,doctor,emergency,1,STF-d8006e7c,0
29,STF-2e0dd6e9,Angie Henderson,doctor,emergency,1,STF-d8006e7c,0
30,STF-2e0dd6e9,Angie Henderson,doctor,emergency,0,STF-d8006e7c,0
31,STF-2e0dd6e9,Angie Henderson,doctor,emergency,0,STF-d8006e7c,0
32,STF-2e0dd6e9,Angie Henderson,doctor,emergency,1,STF-d8006e7c,0
33,STF-2e0dd6e9,Angie Henderson,doctor,emergency,0,STF-d8006e7c,0
34,STF-2e0dd6e9,Angie Henderson,doctor,emergency,1,STF-d8006e7c,0
35,STF-2e0dd6e9,Angie Henderson,doctor,emergency,1,STF-d8006e7c,0
36,STF-2e0dd6e9,Angie Henderson,doctor,emergency,0,STF-d8006e7c,0
37,STF-2e0dd6e9,Angie Henderson,doctor,emergency,1,STF-d8006e7c,0
38,STF-2e0dd6e9,Angie Henderson,doctor,emergency,0,STF-d8006e7c,0
39,STF-2e0dd6e9,Angie Henderson,doctor,emergency,0,STF-d8006e7c,0
40,STF-2e0dd6e9,Angie Henderson,doctor,emergency,1,STF-d8006e7c,0
41,STF-2e0dd6e9,Angie Henderson,doctor,emergency,1,STF-d8006e7c,0
42,STF-2e0dd6e9,Angie Henderson,doctor,emergency,0,STF-d8006e7c,0
43,STF-2e0dd6e9,Angie Henderson,doctor,emergency,1,STF-d8006e7c,0
44,STF-2e0dd6e9,Angie Henderson,doctor,emergency,1,STF-d8006e7c,0
45,STF-2e0dd6e9,Angie Henderson,doctor,emergency,0,STF-d8006e7c,0
46,STF-2e0dd6e9,Angie Henderson,doctor,emergency,1,STF-d8006e7c,0
47,STF-2e0dd6e9,Angie Henderson,doctor,emergency,1,STF-d8006e7c,0
48,STF-2e0dd6e9,Angie Henderson,doctor,emergency,0,STF-d8006e7c,0
49,STF-2e0dd6e9,Angie Henderson,doctor,emergency,1,STF-d8006e7c,0
50,STF-2e0dd6e9,Angie Henderson,doctor,emergency,1,STF-d8006e7c,0
51,STF-2e0dd6e9,Angie Henderson,doctor,emergency,0,STF-d8006e7c,0
52,STF-2e0dd6e9,Angie Henderson,doctor,emergency,1,STF-d8006e7c,0
1,STF-403052c0,Daniel Wagner,doctor,emergency,1,STF-212d8b31,0
2,STF-403052c0,Daniel Wagner,doctor,emergency,1,STF-212d8b31,0
3,STF-403052c0,Daniel Wagner,doctor,emergency,0,STF-212d8b31,0
4,STF-403052c0,Daniel Wagner,doctor,emergency,1,STF-212d8b31,0
5,STF-403052c0,Daniel Wagner,doctor,emergency,1,STF-212d8b31,0
6,STF-403052c0,Daniel Wagner,doctor,emergency,0,STF-212d8b31,0
7,STF-403052c0,Daniel Wagner,doctor,emergency,1,STF-212d8b31,0
8,STF-403052c0,Daniel Wagner,doctor,emergency,1,STF-212d8b31,0
9,STF-403052c0,Daniel Wagner,doctor,emergency,0,STF-212d8b31,0
10,STF-403052c0,Daniel Wagner,doctor,emergency,1,STF-212d8b31,0
11,STF-403052c0,Daniel Wagner,doctor,emergency,1,STF-212d8b31,0
12,STF-403052c0,Daniel Wagner,doctor,emergency,0,STF-212d8b31,0
13,STF-403052c0,Daniel Wagner,doctor,emergency,0,STF-212d8b31,0
14,STF-403052c0,Daniel Wagner,doctor,emergency,1,STF-212d8b31,0
15,STF-403052c0,Daniel Wagner,doctor,emergency,0,STF-212d8b31,0
16,STF-403052c0,Daniel Wagner,doctor,emergency,1,STF-212d8b31,0
17,STF-403052c0,Daniel Wagner,doctor,emergency,1,STF-212d8b31,0
18,STF-403052c0,Daniel Wagner,doctor,emergency,0,STF-212d8b31,0
19,STF-403052c0,Daniel Wagner,doctor,emergency,1,STF-212d8b31,0
20,STF-403052c0,Daniel Wagner,doctor,emergency,1,STF-212d8b31,0
21,STF-403052c0,Daniel Wagner,doctor,emergency,0,STF-212d8b31,0
22,STF-403052c0,Daniel Wagner,doctor,emergency,1,STF-212d8b31,0
23,STF-403052c0,Daniel Wagner,doctor,emergency,1,STF-212d8b31,0
24,STF-403052c0,Daniel Wagner,doctor,emergency,0,STF-212d8b31,0
25,STF-403052c0,Daniel Wagner,doctor,emergency,1,STF-212d8b31,0
26,STF-403052c0,Daniel Wagner,doctor,emergency,1,STF-212d8b31,0
27,STF-403052c0,Daniel Wagner,doctor,emergency,0,STF-212d8b31,0
28,STF-403052c0,Daniel Wagner,doctor,emergency,1,STF-212d8b31,0
29,STF-403052c0,Daniel Wagner,doctor,emergency,1,STF-212d8b31,0
30,STF-403052c0,Daniel Wagner,doctor,emergency,0,STF-212d8b31,0
31,STF-403052c0,Daniel Wagner,doctor,emergency,1,STF-212d8b31,0
32,STF-403052c0,Daniel Wagner,doctor,emergency,1,STF-212d8b31,0
33,STF-403052c0,Daniel Wagner,doctor,emergency,0,STF-212d8b31,0
34,STF-403052c0,Daniel Wagner,doctor,emergency,1,STF-212d8b31,0
35,STF-403052c0,Daniel Wagner,doctor,emergency,1,STF-212d8b31,0
36,STF-403052c0,Daniel Wagner,doctor,emergency,0,STF-212d8b31,0
37,STF-403052c0,Daniel Wagner,doctor,emergency,0,STF-212d8b31,0
38,STF-403052c0,Daniel Wagner,doctor,emergency,0,STF-212d8b31,0
39,STF-403052c0,Daniel Wagner,doctor,emergency,0,STF-212d8b31,0
40,STF-403052c0,Daniel Wagner,doctor,emergency,1,STF-212d8b31,0
41,STF-403052c0,Daniel Wagner,doctor,emergency,1,STF-212d8b31,0
42,STF-403052c0,Daniel Wagner,doctor,emergency,0,STF-212d8b31,0
43,STF-403052c0,Daniel Wagner,doctor,emergency,1,STF-212d8b31,0
44,STF-403052c0,Daniel Wagner,doctor,emergency,1,STF-212d8b31,0
45,STF-403052c0,Daniel Wagner,doctor,emergency,0,STF-212d8b31,0
46,STF-403052c0,Daniel Wagner,doctor,emergency,1,STF-212d8b31,0
47,STF-403052c0,Daniel Wagner,doctor,emergency,1,STF-212d8b31,0
48,STF-403052c0,Daniel Wagner,doctor,emergency,0,STF-212d8b31,0
49,STF-403052c0,Daniel Wagner,doctor,emergency,1,STF-212d8b31,0
50,STF-403052c0,Daniel Wagner,doctor,emergency,1,STF-212d8b31,0
51,STF-403052c0,Daniel Wagner,doctor,emergency,0,STF-212d8b31,0
52,STF-403052c0,Daniel Wagner,doctor,emergency,1,STF-212d8b31,0
1,STF-c696ae9c,Cristian Santos,doctor,emergency,1,STF-107a58e4,0
2,STF-c696ae9c,Cristian Santos,doctor,emergency,1,STF-107a58e4,0
3,STF-c696ae9c,Cristian Santos,doctor,emergency,0,STF-107a58e4,0
4,STF-c696ae9c,Cristian Santos,doctor,emergency,1,STF-107a58e4,0
5,STF-c696ae9c,Cristian Santos,doctor,emergency,1,STF-107a58e4,0
6,STF-c696ae9c,Cristian Santos,doctor,emergency,0,STF-107a58e4,0
7,STF-c696ae9c,Cristian Santos,doctor,emergency,1,STF-107a58e4,0
8,STF-c696ae9c,Cristian Santos,doctor,emergency,1,STF-107a58e4,0
9,STF-c696ae9c,Cristian Santos,doctor,emergency,0,STF-107a58e4,0
10,STF-c696ae9c,Cristian Santos,doctor,emergency,0,STF-107a58e4,0
11,STF-c696ae9c,Cristian Santos,doctor,emergency,1,STF-107a58e4,0
12,STF-c696ae9c,Cristian Santos,doctor,emergency,0,STF-107a58e4,0
13,STF-c696ae9c,Cristian Santos,doctor,emergency,0,STF-107a58e4,0
14,STF-c696ae9c,Cristian Santos,doctor,emergency,0,STF-107a58e4,0
15,STF-c696ae9c,Cristian Santos,doctor,emergency,0,STF-107a58e4,0
16,STF-c696ae9c,Cristian Santos,doctor,emergency,1,STF-107a58e4,0
17,STF-c696ae9c,Cristian Santos,doctor,emergency,1,STF-107a58e4,0
18,STF-c696ae9c,Cristian Santos,doctor,emergency,0,STF-107a58e4,0
19,STF-c696ae9c,Cristian Santos,doctor,emergency,1,STF-107a58e4,0
20,STF-c696ae9c,Cristian Santos,doctor,emergency,1,STF-107a58e4,0
21,STF-c696ae9c,Cristian Santos,doctor,emergency,0,STF-107a58e4,0
22,STF-c696ae9c,Cristian Santos,doctor,emergency,1,STF-107a58e4,0
23,STF-c696ae9c,Cristian Santos,doctor,emergency,1,STF-107a58e4,0
24,STF-c696ae9c,Cristian Santos,doctor,emergency,0,STF-107a58e4,0
25,STF-c696ae9c,Cristian Santos,doctor,emergency,1,STF-107a58e4,0
26,STF-c696ae9c,Cristian Santos,doctor,emergency,1,STF-107a58e4,0
27,STF-c696ae9c,Cristian Santos,doctor,emergency,0,STF-107a58e4,0
28,STF-c696ae9c,Cristian Santos,doctor,emergency,1,STF-107a58e4,0
29,STF-c696ae9c,Cristian Santos,doctor,emergency,1,STF-107a58e4,0
30,STF-c696ae9c,Cristian Santos,doctor,emergency,0,STF-107a58e4,0
31,STF-c696ae9c,Cristian Santos,doctor,emergency,1,STF-107a58e4,0
32,STF-c696ae9c,Cristian Santos,doctor,emergency,1,STF-107a58e4,0
33,STF-c696ae9c,Cristian Santos,doctor,emergency,0,STF-107a58e4,0
34,STF-c696ae9c,Cristian Santos,doctor,emergency,1,STF-107a58e4,0
35,STF-c696ae9c,Cristian Santos,doctor,emergency,0,STF-107a58e4,0
36,STF-c696ae9c,Cristian Santos,doctor,emergency,0,STF-107a58e4,0
37,STF-c696ae9c,Cristian Santos,doctor,emergency,1,STF-107a58e4,0
38,STF-c696ae9c,Cristian Santos,doctor,emergency,1,STF-107a58e4,0
39,STF-c696ae9c,Cristian Santos,doctor,emergency,0,STF-107a58e4,0
40,STF-c696ae9c,Cristian Santos,doctor,emergency,1,STF-107a58e4,0
41,STF-c696ae9c,Cristian Santos,doctor,emergency,1,STF-107a58e4,0
42,STF-c696ae9c,Cristian Santos,doctor,emergency,0,STF-107a58e4,0
43,STF-c696ae9c,Cristian Santos,doctor,emergency,1,STF-107a58e4,0
44,STF-c696ae9c,Cristian Santos,doctor,emergency,1,STF-107a58e4,0
45,STF-c696ae9c,Cristian Santos,doctor,emergency,0,STF-107a58e4,0
46,STF-c696ae9c,Cristian Santos,doctor,emergency,0,STF-107a58e4,0
47,STF-c696ae9c,Cristian Santos,doctor,emergency,1,STF-107a58e4,0
48,STF-c696ae9c,Cristian Santos,doctor,emergency,0,STF-107a58e4,0
49,STF-c696ae9c,Cristian Santos,doctor,emergency,1,STF-107a58e4,0
50,STF-c696ae9c,Cristian Santos,doctor,emergency,1,STF-107a58e4,0
51,STF-c696ae9c,Cristian Santos,doctor,emergency,0,STF-107a58e4,0
52,STF-c696ae9c,Cristian Santos,doctor,emergency,1,STF-107a58e4,0
1,STF-bea9d5c9,Connie Lawrence,doctor,emergency,1,STF-ca932dea,0
2,STF-bea9d5c9,Connie Lawrence,doctor,emergency,1,STF-ca932dea,0
3,STF-bea9d5c9,Connie Lawrence,doctor,emergency,0,STF-ca932dea,0
4,STF-bea9d5c9,Connie Lawrence,doctor,emergency,1,STF-ca932dea,0
5,STF-bea9d5c9,Connie Lawrence,doctor,emergency,1,STF-ca932dea,0
6,STF-bea9d5c9,Connie Lawrence,doctor,emergency,0,STF-ca932dea,0
7,STF-bea9d5c9,Connie Lawrence,doctor,emergency,1,STF-ca932dea,0
8,STF-bea9d5c9,Connie Lawrence,doctor,emergency,1,STF-ca932dea,0
9,STF-bea9d5c9,Connie Lawrence,doctor,emergency,0,STF-ca932dea,0
10,STF-bea9d5c9,Connie Lawrence,doctor,emergency,1,STF-ca932dea,0
11,STF-bea9d5c9,Connie Lawrence,doctor,emergency,1,STF-ca932dea,0
12,STF-bea9d5c9,Connie Lawrence,doctor,emergency,0,STF-ca932dea,0
13,STF-bea9d5c9,Connie Lawrence,doctor,emergency,1,STF-ca932dea,0
14,STF-bea9d5c9,Connie Lawrence,doctor,emergency,1,STF-ca932dea,0
15,STF-bea9d5c9,Connie Lawrence,doctor,emergency,0,STF-ca932dea,0
16,STF-bea9d5c9,Connie Lawrence,doctor,emergency,1,STF-ca932dea,0
17,STF-bea9d5c9,Connie Lawrence,doctor,emergency,1,STF-ca932dea,0
18,STF-bea9d5c9,Connie Lawrence,doctor,emergency,0,STF-ca932dea,0
19,STF-bea9d5c9,Connie Lawrence,doctor,emergency,1,STF-ca932dea,0
20,STF-bea9d5c9,Connie Lawrence,doctor,emergency,1,STF-ca932dea,0
21,STF-bea9d5c9,Connie Lawrence,doctor,emergency,0,STF-ca932dea,0
22,STF-bea9d5c9,Connie Lawrence,doctor,emergency,1,STF-ca932dea,0
23,STF-bea9d5c9,Connie Lawrence,doctor,emergency,1,STF-ca932dea,0
24,STF-bea9d5c9,Connie Lawrence,doctor,emergency,0,STF-ca932dea,0
25,STF-bea9d5c9,Connie Lawrence,doctor,emergency,0,STF-ca932dea,0
26,STF-bea9d5c9,Connie Lawrence,doctor,emergency,1,STF-ca932dea,0
27,STF-bea9d5c9,Connie Lawrence,doctor,emergency,0,STF-ca932dea,0
28,STF-bea9d5c9,Connie Lawrence,doctor,emergency,0,STF-ca932dea,0
29,STF-bea9d5c9,Connie Lawrence,doctor,emergency,1,STF-ca932dea,0
30,STF-bea9d5c9,Connie Lawrence,doctor,emergency,0,STF-ca932dea,0
31,STF-bea9d5c9,Connie Lawrence,doctor,emergency,1,STF-ca932dea,0
32,STF-bea9d5c9,Connie Lawrence,doctor,emergency,1,STF-ca932dea,0
33,STF-bea9d5c9,Connie Lawrence,doctor,emergency,0,STF-ca932dea,0
34,STF-bea9d5c9,Connie Lawrence,doctor,emergency,1,STF-ca932dea,0
35,STF-bea9d5c9,Connie Lawrence,doctor,emergency,1,STF-ca932dea,0
36,STF-bea9d5c9,Connie Lawrence,doctor,emergency,0,STF-ca932dea,0
37,STF-bea9d5c9,Connie Lawrence,doctor,emergency,1,STF-ca932dea,0
38,STF-bea9d5c9,Connie Lawrence,doctor,emergency,1,STF-ca932dea,0
39,STF-bea9d5c9,Connie Lawrence,doctor,emergency,0,STF-ca932dea,0
40,STF-bea9d5c9,Connie Lawrence,doctor,emergency,1,STF-ca932dea,0
41,STF-bea9d5c9,Connie Lawrence,doctor,emergency,1,STF-ca932dea,0
42,STF-bea9d5c9,Connie Lawrence,doctor,emergency,0,STF-ca932dea,0
43,STF-bea9d5c9,Connie Lawrence,doctor,emergency,1,STF-ca932dea,0
44,STF-bea9d5c9,Connie Lawrence,doctor,emergency,1,STF-ca932dea,0
45,STF-bea9d5c9,Connie Lawrence,doctor,emergency,0,STF-ca932dea,0
46,STF-bea9d5c9,Connie Lawrence,doctor,emergency,1,STF-ca932dea,0
47,STF-bea9d5c9,Connie Lawrence,doctor,emergency,1,STF-ca932dea,0
48,STF-bea9d5c9,Connie Lawrence,doctor,emergency,0,STF-ca932dea,0
49,STF-bea9d5c9,Connie Lawrence,doctor,emergency,1,STF-ca932dea,0
50,STF-bea9d5c9,Connie Lawrence,doctor,emergency,1,STF-ca932dea,0
51,STF-bea9d5c9,Connie Lawrence,doctor,emergency,0,STF-ca932dea,0
52,STF-bea9d5c9,Connie Lawrence,doctor,emergency,1,STF-ca932dea,0
1,STF-d114bde8,Abigail Shaffer,doctor,emergency,1,STF-39082289,0
2,STF-d114bde8,Abigail Shaffer,doctor,emergency,1,STF-39082289,0
3,STF-d114bde8,Abigail Shaffer,doctor,emergency,0,STF-39082289,0
4,STF-d114bde8,Abigail Shaffer,doctor,emergency,1,STF-39082289,0
5,STF-d114bde8,Abigail Shaffer,doctor,emergency,1,STF-39082289,0
6,STF-d114bde8,Abigail Shaffer,doctor,emergency,0,STF-39082289,0
7,STF-d114bde8,Abigail Shaffer,doctor,emergency,1,STF-39082289,0
8,STF-d114bde8,Abigail Shaffer,doctor,emergency,1,STF-39082289,0
9,STF-d114bde8,Abigail Shaffer,doctor,emergency,0,STF-39082289,0
10,STF-d114bde8,Abigail Shaffer,doctor,emergency,1,STF-39082289,0
11,STF-d114bde8,Abigail Shaffer,doctor,emergency,1,STF-39082289,0
12,STF-d114bde8,Abigail Shaffer,doctor,emergency,0,STF-39082289,0
13,STF-d114bde8,Abigail Shaffer,doctor,emergency,1,STF-39082289,0
14,STF-d114bde8,Abigail Shaffer,doctor,emergency,1,STF-39082289,0
15,STF-d114bde8,Abigail Shaffer,doctor,emergency,0,STF-39082289,0
16,STF-d114bde8,Abigail Shaffer,doctor,emergency,1,STF-39082289,0
17,STF-d114bde8,Abigail Shaffer,doctor,emergency,1,STF-39082289,0
18,STF-d114bde8,Abigail Shaffer,doctor,emergency,0,STF-39082289,0
19,STF-d114bde8,Abigail Shaffer,doctor,emergency,1,STF-39082289,0
20,STF-d114bde8,Abigail Shaffer,doctor,emergency,1,STF-39082289,0
21,STF-d114bde8,Abigail Shaffer,doctor,emergency,0,STF-39082289,0
22,STF-d114bde8,Abigail Shaffer,doctor,emergency,1,STF-39082289,0
23,STF-d114bde8,Abigail Shaffer,doctor,emergency,1,STF-39082289,0
24,STF-d114bde8,Abigail Shaffer,doctor,emergency,0,STF-39082289,0
25,STF-d114bde8,Abigail Shaffer,doctor,emergency,1,STF-39082289,0
26,STF-d114bde8,Abigail Shaffer,doctor,emergency,1,STF-39082289,0
27,STF-d114bde8,Abigail Shaffer,doctor,emergency,0,STF-39082289,0
28,STF-d114bde8,Abigail Shaffer,doctor,emergency,1,STF-39082289,0
29,STF-d114bde8,Abigail Shaffer,doctor,emergency,1,STF-39082289,0
30,STF-d114bde8,Abigail Shaffer,doctor,emergency,0,STF-39082289,0
31,STF-d114bde8,Abigail Shaffer,doctor,emergency,0,STF-39082289,0
32,STF-d114bde8,Abigail Shaffer,doctor,emergency,1,STF-39082289,0
33,STF-d114bde8,Abigail Shaffer,doctor,emergency,0,STF-39082289,0
34,STF-d114bde8,Abigail Shaffer,doctor,emergency,0,STF-39082289,0
35,STF-d114bde8,Abigail Shaffer,doctor,emergency,1,STF-39082289,0
36,STF-d114bde8,Abigail Shaffer,doctor,emergency,0,STF-39082289,0
37,STF-d114bde8,Abigail Shaffer,doctor,emergency,1,STF-39082289,0
38,STF-d114bde8,Abigail Shaffer,doctor,emergency,1,STF-39082289,0
39,STF-d114bde8,Abigail Shaffer,doctor,emergency,0,STF-39082289,0
40,STF-d114bde8,Abigail Shaffer,doctor,emergency,1,STF-39082289,0
41,STF-d114bde8,Abigail Shaffer,doctor,emergency,1,STF-39082289,0
42,STF-d114bde8,Abigail Shaffer,doctor,emergency,0,STF-39082289,0
43,STF-d114bde8,Abigail Shaffer,doctor,emergency,1,STF-39082289,0
44,STF-d114bde8,Abigail Shaffer,doctor,emergency,1,STF-39082289,0
45,STF-d114bde8,Abigail Shaffer,doctor,emergency,0,STF-39082289,0
46,STF-d114bde8,Abigail Shaffer,doctor,emergency,1,STF-39082289,0
47,STF-d114bde8,Abigail Shaffer,doctor,emergency,1,STF-39082289,0
48,STF-d114bde8,Abigail Shaffer,doctor,emergency,0,STF-39082289,0
49,STF-d114bde8,Abigail Shaffer,doctor,emergency,1,STF-39082289,0
50,STF-d114bde8,Abigail Shaffer,doctor,emergency,1,STF-39082289,0
51,STF-d114bde8,Abigail Shaffer,doctor,emergency,0,STF-39082289,0
52,STF-d114bde8,Abigail Shaffer,doctor,emergency,1,STF-39082289,0
1,STF-7dfe6d32,Gina Moore,doctor,emergency,1,STF-702887af,0
2,STF-7dfe6d32,Gina Moore,doctor,emergency,1,STF-702887af,0
3,STF-7dfe6d32,Gina Moore,doctor,emergency,0,STF-702887af,0
4,STF-7dfe6d32,Gina Moore,doctor,emergency,1,STF-702887af,0
5,STF-7dfe6d32,Gina Moore,doctor,emergency,0,STF-702887af,0
6,STF-7dfe6d32,Gina Moore,doctor,emergency,0,STF-702887af,0
7,STF-7dfe6d32,Gina Moore,doctor,emergency,1,STF-702887af,0
8,STF-7dfe6d32,Gina Moore,doctor,emergency,1,STF-702887af,0
9,STF-7dfe6d32,Gina Moore,doctor,emergency,0,STF-702887af,0
10,STF-7dfe6d32,Gina Moore,doctor,emergency,1,STF-702887af,0
11,STF-7dfe6d32,Gina Moore,doctor,emergency,1,STF-702887af,0
12,STF-7dfe6d32,Gina Moore,doctor,emergency,0,STF-702887af,0
13,STF-7dfe6d32,Gina Moore,doctor,emergency,0,STF-702887af,0
14,STF-7dfe6d32,Gina Moore,doctor,emergency,1,STF-702887af,0
15,STF-7dfe6d32,Gina Moore,doctor,emergency,0,STF-702887af,0
16,STF-7dfe6d32,Gina Moore,doctor,emergency,1,STF-702887af,0
17,STF-7dfe6d32,Gina Moore,doctor,emergency,1,STF-702887af,0
18,STF-7dfe6d32,Gina Moore,doctor,emergency,0,STF-702887af,0
19,STF-7dfe6d32,Gina Moore,doctor,emergency,1,STF-702887af,0
20,STF-7dfe6d32,Gina Moore,doctor,emergency,0,STF-702887af,0
21,STF-7dfe6d32,Gina Moore,doctor,emergency,0,STF-702887af,0
22,STF-7dfe6d32,Gina Moore,doctor,emergency,1,STF-702887af,0
23,STF-7dfe6d32,Gina Moore,doctor,emergency,1,STF-702887af,0
24,STF-7dfe6d32,Gina Moore,doctor,emergency,0,STF-702887af,0
25,STF-7dfe6d32,Gina Moore,doctor,emergency,1,STF-702887af,0
26,STF-7dfe6d32,Gina Moore,doctor,emergency,1,STF-702887af,0
27,STF-7dfe6d32,Gina Moore,doctor,emergency,0,STF-702887af,0
28,STF-7dfe6d32,Gina Moore,doctor,emergency,1,STF-702887af,0
29,STF-7dfe6d32,Gina Moore,doctor,emergency,0,STF-702887af,0
30,STF-7dfe6d32,Gina Moore,doctor,emergency,0,STF-702887af,0
31,STF-7dfe6d32,Gina Moore,doctor,emergency,1,STF-702887af,0
32,STF-7dfe6d32,Gina Moore,doctor,emergency,1,STF-702887af,0
33,STF-7dfe6d32,Gina Moore,doctor,emergency,0,STF-702887af,0
34,STF-7dfe6d32,Gina Moore,doctor,emergency,1,STF-702887af,0
35,STF-7dfe6d32,Gina Moore,doctor,emergency,1,STF-702887af,0
36,STF-7dfe6d32,Gina Moore,doctor,emergency,0,STF-702887af,0
37,STF-7dfe6d32,Gina Moore,doctor,emergency,1,STF-702887af,0
38,STF-7dfe6d32,Gina Moore,doctor,emergency,0,STF-702887af,0
39,STF-7dfe6d32,Gina Moore,doctor,emergency,0,STF-702887af,0
40,STF-7dfe6d32,Gina Moore,doctor,emergency,1,STF-702887af,0
41,STF-7dfe6d32,Gina Moore,doctor,emergency,1,STF-702887af,0
42,STF-7dfe6d32,Gina Moore,doctor,emergency,0,STF-702887af,0
43,STF-7dfe6d32,Gina Moore,doctor,emergency,1,STF-702887af,0
44,STF-7dfe6d32,Gina Moore,doctor,emergency,1,STF-702887af,0
45,STF-7dfe6d32,Gina Moore,doctor,emergency,0,STF-702887af,0
46,STF-7dfe6d32,Gina Moore,doctor,emergency,1,STF-702887af,0
47,STF-7dfe6d32,Gina Moore,doctor,emergency,1,STF-702887af,0
48,STF-7dfe6d32,Gina Moore,doctor,emergency,0,STF-702887af,0
49,STF-7dfe6d32,Gina Moore,doctor,emergency,1,STF-702887af,0
50,STF-7dfe6d32,Gina Moore,doctor,emergency,1,STF-702887af,0
51,STF-7dfe6d32,Gina Moore,doctor,emergency,0,STF-702887af,0
52,STF-7dfe6d32,Gina Moore,doctor,emergency,1,STF-702887af,0
1,STF-ebbeb197,Gabrielle Davis,nurse,emergency,1,STF-249f63bb,0
2,STF-ebbeb197,Gabrielle Davis,nurse,emergency,1,STF-249f63bb,0
3,STF-ebbeb197,Gabrielle Davis,nurse,emergency,0,STF-249f63bb,0
4,STF-ebbeb197,Gabrielle Davis,nurse,emergency,1,STF-249f63bb,0
5,STF-ebbeb197,Gabrielle Davis,nurse,emergency,0,STF-249f63bb,0
6,STF-ebbeb197,Gabrielle Davis,nurse,emergency,0,STF-249f63bb,0
7,STF-ebbeb197,Gabrielle Davis,nurse,emergency,1,STF-249f63bb,0
8,STF-ebbeb197,Gabrielle Davis,nurse,emergency,0,STF-249f63bb,0
9,STF-ebbeb197,Gabrielle Davis,nurse,emergency,0,STF-249f63bb,0
10,STF-ebbeb197,Gabrielle Davis,nurse,emergency,1,STF-249f63bb,0
11,STF-ebbeb197,Gabrielle Davis,nurse,emergency,1,STF-249f63bb,0
12,STF-ebbeb197,Gabrielle Davis,nurse,emergency,0,STF-249f63bb,0
13,STF-ebbeb197,Gabrielle Davis,nurse,emergency,1,STF-249f63bb,0
14,STF-ebbeb197,Gabrielle Davis,nurse,emergency,1,STF-249f63bb,0
15,STF-ebbeb197,Gabrielle Davis,nurse,emergency,0,STF-249f63bb,0
16,STF-ebbeb197,Gabrielle Davis,nurse,emergency,1,STF-249f63bb,0
17,STF-ebbeb197,Gabrielle Davis,nurse,emergency,0,STF-249f63bb,0
18,STF-ebbeb197,Gabrielle Davis,nurse,emergency,0,STF-249f63bb,0
19,STF-ebbeb197,Gabrielle Davis,nurse,emergency,1,STF-249f63bb,0
20,STF-ebbeb197,Gabrielle Davis,nurse,emergency,1,STF-249f63bb,0
21,STF-ebbeb197,Gabrielle Davis,nurse,emergency,0,STF-249f63bb,0
22,STF-ebbeb197,Gabrielle Davis,nurse,emergency,1,STF-249f63bb,0
23,STF-ebbeb197,Gabrielle Davis,nurse,emergency,1,STF-249f63bb,0
24,STF-ebbeb197,Gabrielle Davis,nurse,emergency,0,STF-249f63bb,0
25,STF-ebbeb197,Gabrielle Davis,nurse,emergency,0,STF-249f63bb,0
26,STF-ebbeb197,Gabrielle Davis,nurse,emergency,1,STF-249f63bb,0
27,STF-ebbeb197,Gabrielle Davis,nurse,emergency,0,STF-249f63bb,0
28,STF-ebbeb197,Gabrielle Davis,nurse,emergency,1,STF-249f63bb,0
29,STF-ebbeb197,Gabrielle Davis,nurse,emergency,1,STF-249f63bb,0
30,STF-ebbeb197,Gabrielle Davis,nurse,emergency,0,STF-249f63bb,0
31,STF-ebbeb197,Gabrielle Davis,nurse,emergency,1,STF-249f63bb,0
32,STF-ebbeb197,Gabrielle Davis,nurse,emergency,1,STF-249f63bb,0
33,STF-ebbeb197,Gabrielle Davis,nurse,emergency,0,STF-249f63bb,0
34,STF-ebbeb197,Gabrielle Davis,nurse,emergency,0,STF-249f63bb,0
35,STF-ebbeb197,Gabrielle Davis,nurse,emergency,1,STF-249f63bb,0
36,STF-ebbeb197,Gabrielle Davis,nurse,emergency,0,STF-249f63bb,0
37,STF-ebbeb197,Gabrielle Davis,nurse,emergency,1,STF-249f63bb,0
38,STF-ebbeb197,Gabrielle Davis,nurse,emergency,1,STF-249f63bb,0
39,STF-ebbeb197,Gabrielle Davis,nurse,emergency,0,STF-249f63bb,0
40,STF-ebbeb197,Gabrielle Davis,nurse,emergency,1,STF-249f63bb,0
41,STF-ebbeb197,Gabrielle Davis,nurse,emergency,1,STF-249f63bb,0
42,STF-ebbeb197,Gabrielle Davis,nurse,emergency,0,STF-249f63bb,0
43,STF-ebbeb197,Gabrielle Davis,nurse,emergency,1,STF-249f63bb,0
44,STF-ebbeb197,Gabrielle Davis,nurse,emergency,1,STF-249f63bb,0
45,STF-ebbeb197,Gabrielle Davis,nurse,emergency,0,STF-249f63bb,0
46,STF-ebbeb197,Gabrielle Davis,nurse,emergency,1,STF-249f63bb,0
47,STF-ebbeb197,Gabrielle Davis,nurse,emergency,1,STF-249f63bb,0
48,STF-ebbeb197,Gabrielle Davis,nurse,emergency,0,STF-249f63bb,0
49,STF-ebbeb197,Gabrielle Davis,nurse,emergency,1,STF-249f63bb,0
50,STF-ebbeb197,Gabrielle Davis,nurse,emergency,1,STF-249f63bb,0
51,STF-ebbeb197,Gabrielle Davis,nurse,emergency,0,STF-249f63bb,0
52,STF-ebbeb197,Gabrielle Davis,nurse,emergency,1,STF-249f63bb,0
1,STF-d3c13ca9,Ryan Munoz,nurse,emergency,0,STF-094f410b,0
2,STF-d3c13ca9,Ryan Munoz,nurse,emergency,1,STF-094f410b,0
3,STF-d3c13ca9,Ryan Munoz,nurse,emergency,0,STF-094f410b,0
4,STF-d3c13ca9,Ryan Munoz,nurse,emergency,1,STF-094f410b,0
5,STF-d3c13ca9,Ryan Munoz,nurse,emergency,1,STF-094f410b,0
6,STF-d3c13ca9,Ryan Munoz,nurse,emergency,0,STF-094f410b,0
7,STF-d3c13ca9,Ryan Munoz,nurse,emergency,1,STF-094f410b,0
8,STF-d3c13ca9,Ryan Munoz,nurse,emergency,1,STF-094f410b,0
9,STF-d3c13ca9,Ryan Munoz,nurse,emergency,0,STF-094f410b,0
10,STF-d3c13ca9,Ryan Munoz,nurse,emergency,1,STF-094f410b,0
11,STF-d3c13ca9,Ryan Munoz,nurse,emergency,1,STF-094f410b,0
12,STF-d3c13ca9,Ryan Munoz,nurse,emergency,0,STF-094f410b,0
13,STF-d3c13ca9,Ryan Munoz,nurse,emergency,1,STF-094f410b,0
14,STF-d3c13ca9,Ryan Munoz,nurse,emergency,1,STF-094f410b,0
15,STF-d3c13ca9,Ryan Munoz,nurse,emergency,0,STF-094f410b,0
16,STF-d3c13ca9,Ryan Munoz,nurse,emergency,1,STF-094f410b,0
17,STF-d3c13ca9,Ryan Munoz,nurse,emergency,1,STF-094f410b,0
18,STF-d3c13ca9,Ryan Munoz,nurse,emergency,0,STF-094f410b,0
19,STF-d3c13ca9,Ryan Munoz,nurse,emergency,1,STF-094f410b,0
20,STF-d3c13ca9,Ryan Munoz,nurse,emergency,1,STF-094f410b,0
21,STF-d3c13ca9,Ryan Munoz,nurse,emergency,0,STF-094f410b,0
22,STF-d3c13ca9,Ryan Munoz,nurse,emergency,1,STF-094f410b,0
23,STF-d3c13ca9,Ryan Munoz,nurse,emergency,1,STF-094f410b,0
24,STF-d3c13ca9,Ryan Munoz,nurse,emergency,0,STF-094f410b,0
25,STF-d3c13ca9,Ryan Munoz,nurse,emergency,1,STF-094f410b,0
26,STF-d3c13ca9,Ryan Munoz,nurse,emergency,1,STF-094f410b,0
27,STF-d3c13ca9,Ryan Munoz,nurse,emergency,0,STF-094f410b,0
28,STF-d3c13ca9,Ryan Munoz,nurse,emergency,1,STF-094f410b,0
29,STF-d3c13ca9,Ryan Munoz,nurse,emergency,1,STF-094f410b,0
30,STF-d3c13ca9,Ryan Munoz,nurse,emergency,0,STF-094f410b,0
31,STF-d3c13ca9,Ryan Munoz,nurse,emergency,1,STF-094f410b,0
32,STF-d3c13ca9,Ryan Munoz,nurse,emergency,1,STF-094f410b,0
33,STF-d3c13ca9,Ryan Munoz,nurse,emergency,0,STF-094f410b,0
34,STF-d3c13ca9,Ryan Munoz,nurse,emergency,1,STF-094f410b,0
35,STF-d3c13ca9,Ryan Munoz,nurse,emergency,1,STF-094f410b,0
36,STF-d3c13ca9,Ryan Munoz,nurse,emergency,0,STF-094f410b,0
37,STF-d3c13ca9,Ryan Munoz,nurse,emergency,1,STF-094f410b,0
38,STF-d3c13ca9,Ryan Munoz,nurse,emergency,1,STF-094f410b,0
39,STF-d3c13ca9,Ryan Munoz,nurse,emergency,0,STF-094f410b,0
40,STF-d3c13ca9,Ryan Munoz,nurse,emergency,1,STF-094f410b,0
41,STF-d3c13ca9,Ryan Munoz,nurse,emergency,0,STF-094f410b,0
42,STF-d3c13ca9,Ryan Munoz,nurse,emergency,0,STF-094f410b,0
43,STF-d3c13ca9,Ryan Munoz,nurse,emergency,1,STF-094f410b,0
44,STF-d3c13ca9,Ryan Munoz,nurse,emergency,1,STF-094f410b,0
45,STF-d3c13ca9,Ryan Munoz,nurse,emergency,0,STF-094f410b,0
46,STF-d3c13ca9,Ryan Munoz,nurse,emergency,1,STF-094f410b,0
47,STF-d3c13ca9,Ryan Munoz,nurse,emergency,1,STF-094f410b,0
48,STF-d3c13ca9,Ryan Munoz,nurse,emergency,0,STF-094f410b,0
49,STF-d3c13ca9,Ryan Munoz,nurse,emergency,1,STF-094f410b,0
50,STF-d3c13ca9,Ryan Munoz,nurse,emergency,1,STF-094f410b,0
51,STF-d3c13ca9,Ryan Munoz,nurse,emergency,0,STF-094f410b,0
52,STF-d3c13ca9,Ryan Munoz,nurse,emergency,1,STF-094f410b,0
1,STF-4e69ee46,Monica Herrera,nurse,emergency,1,STF-d7ab0c23,0
2,STF-4e69ee46,Monica Herrera,nurse,emergency,1,STF-d7ab0c23,0
3,STF-4e69ee46,Monica Herrera,nurse,emergency,0,STF-d7ab0c23,0
4,STF-4e69ee46,Monica Herrera,nurse,emergency,1,STF-d7ab0c23,0
5,STF-4e69ee46,Monica Herrera,nurse,emergency,1,STF-d7ab0c23,0
6,STF-4e69ee46,Monica Herrera,nurse,emergency,0,STF-d7ab0c23,0
7,STF-4e69ee46,Monica Herrera,nurse,emergency,1,STF-d7ab0c23,0
8,STF-4e69ee46,Monica Herrera,nurse,emergency,1,STF-d7ab0c23,0
9,STF-4e69ee46,Monica Herrera,nurse,emergency,0,STF-d7ab0c23,0
10,STF-4e69ee46,Monica Herrera,nurse,emergency,1,STF-d7ab0c23,0
11,STF-4e69ee46,Monica Herrera,nurse,emergency,1,STF-d7ab0c23,0
12,STF-4e69ee46,Monica Herrera,nurse,emergency,0,STF-d7ab0c23,0
13,STF-4e69ee46,Monica Herrera,nurse,emergency,1,STF-d7ab0c23,0
14,STF-4e69ee46,Monica Herrera,nurse,emergency,1,STF-d7ab0c23,0
15,STF-4e69ee46,Monica Herrera,nurse,emergency,0,STF-d7ab0c23,0
16,STF-4e69ee46,Monica Herrera,nurse,emergency,1,STF-d7ab0c23,0
17,STF-4e69ee46,Monica Herrera,nurse,emergency,1,STF-d7ab0c23,0
18,STF-4e69ee46,Monica Herrera,nurse,emergency,0,STF-d7ab0c23,0
19,STF-4e69ee46,Monica Herrera,nurse,emergency,1,STF-d7ab0c23,0
20,STF-4e69ee46,Monica Herrera,nurse,emergency,1,STF-d7ab0c23,0
21,STF-4e69ee46,Monica Herrera,nurse,emergency,0,STF-d7ab0c23,0
22,STF-4e69ee46,Monica Herrera,nurse,emergency,1,STF-d7ab0c23,0
23,STF-4e69ee46,Monica Herrera,nurse,emergency,1,STF-d7ab0c23,0
24,STF-4e69ee46,Monica Herrera,nurse,emergency,0,STF-d7ab0c23,0
25,STF-4e69ee46,Monica Herrera,nurse,emergency,1,STF-d7ab0c23,0
26,STF-4e69ee46,Monica Herrera,nurse,emergency,1,STF-d7ab0c23,0
27,STF-4e69ee46,Monica Herrera,nurse,emergency,0,STF-d7ab0c23,0
28,STF-4e69ee46,Monica Herrera,nurse,emergency,1,STF-d7ab0c23,0
29,STF-4e69ee46,Monica Herrera,nurse,emergency,1,STF-d7ab0c23,0
30,STF-4e69ee46,Monica Herrera,nurse,emergency,0,STF-d7ab0c23,0
31,STF-4e69ee46,Monica Herrera,nurse,emergency,1,STF-d7ab0c23,0
32,STF-4e69ee46,Monica Herrera,nurse,emergency,0,STF-d7ab0c23,0
33,STF-4e69ee46,Monica Herrera,nurse,emergency,0,STF-d7ab0c23,0
34,STF-4e69ee46,Monica Herrera,nurse,emergency,1,STF-d7ab0c23,0
35,STF-4e69ee46,Monica Herrera,nurse,emergency,1,STF-d7ab0c23,0
36,STF-4e69ee46,Monica Herrera,nurse,emergency,0,STF-d7ab0c23,0
37,STF-4e69ee46,Monica Herrera,nurse,emergency,1,STF-d7ab0c23,0
38,STF-4e69ee46,Monica Herrera,nurse,emergency,1,STF-d7ab0c23,0
39,STF-4e69ee46,Monica Herrera,nurse,emergency,0,STF-d7ab0c23,0
40,STF-4e69ee46,Monica Herrera,nurse,emergency,1,STF-d7ab0c23,0
41,STF-4e69ee46,Monica Herrera,nurse,emergency,1,STF-d7ab0c23,0
42,STF-4e69ee46,Monica Herrera,nurse,emergency,0,STF-d7ab0c23,0
43,STF-4e69ee46,Monica Herrera,nurse,emergency,1,STF-d7ab0c23,0
44,STF-4e69ee46,Monica Herrera,nurse,emergency,1,STF-d7ab0c23,0
45,STF-4e69ee46,Monica Herrera,nurse,emergency,0,STF-d7ab0c23,0
46,STF-4e69ee46,Monica Herrera,nurse,emergency,1,STF-d7ab0c23,0
47,STF-4e69ee46,Monica Herrera,nurse,emergency,1,STF-d7ab0c23,0
48,STF-4e69ee46,Monica Herrera,nurse,emergency,0,STF-d7ab0c23,0
49,STF-4e69ee46,Monica Herrera,nurse,emergency,1,STF-d7ab0c23,0
50,STF-4e69ee46,Monica Herrera,nurse,emergency,1,STF-d7ab0c23,0
51,STF-4e69ee46,Monica Herrera,nurse,emergency,0,STF-d7ab0c23,0
52,STF-4e69ee46,Monica Herrera,nurse,emergency,1,STF-d7ab0c23,0
1,STF-a373df11,Jamie Arnold,nurse,emergency,1,STF-e51bdcb4,0
2,STF-a373df11,Jamie Arnold,nurse,emergency,1,STF-e51bdcb4,0
3,STF-a373df11,Jamie Arnold,nurse,emergency,0,STF-e51bdcb4,0
4,STF-a373df11,Jamie Arnold,nurse,emergency,1,STF-e51bdcb4,0
5,STF-a373df11,Jamie Arnold,nurse,emergency,1,STF-e51bdcb4,0
6,STF-a373df11,Jamie Arnold,nurse,emergency,0,STF-e51bdcb4,0
7,STF-a373df11,Jamie Arnold,nurse,emergency,1,STF-e51bdcb4,0
8,STF-a373df11,Jamie Arnold,nurse,emergency,1,STF-e51bdcb4,0
9,STF-a373df11,Jamie Arnold,nurse,emergency,0,STF-e51bdcb4,0
10,STF-a373df11,Jamie Arnold,nurse,emergency,1,STF-e51bdcb4,0
11,STF-a373df11,Jamie Arnold,nurse,emergency,1,STF-e51bdcb4,0
12,STF-a373df11,Jamie Arnold,nurse,emergency,0,STF-e51bdcb4,0
13,STF-a373df11,Jamie Arnold,nurse,emergency,0,STF-e51bdcb4,0
14,STF-a373df11,Jamie Arnold,nurse,emergency,1,STF-e51bdcb4,0
15,STF-a373df11,Jamie Arnold,nurse,emergency,0,STF-e51bdcb4,0
16,STF-a373df11,Jamie Arnold,nurse,emergency,0,STF-e51bdcb4,0
17,STF-a373df11,Jamie Arnold,nurse,emergency,1,STF-e51bdcb4,0
18,STF-a373df11,Jamie Arnold,nurse,emergency,0,STF-e51bdcb4,0
19,STF-a373df11,Jamie Arnold,nurse,emergency,1,STF-e51bdcb4,0
20,STF-a373df11,Jamie Arnold,nurse,emergency,1,STF-e51bdcb4,0
21,STF-a373df11,Jamie Arnold,nurse,emergency,0,STF-e51bdcb4,0
22,STF-a373df11,Jamie Arnold,nurse,emergency,1,STF-e51bdcb4,0
23,STF-a373df11,Jamie Arnold,nurse,emergency,0,STF-e51bdcb4,0
24,STF-a373df11,Jamie Arnold,nurse,emergency,0,STF-e51bdcb4,0
25,STF-a373df11,Jamie Arnold,nurse,emergency,1,STF-e51bdcb4,0
26,STF-a373df11,Jamie Arnold,nurse,emergency,1,STF-e51bdcb4,0
27,STF-a373df11,Jamie Arnold,nurse,emergency,0,STF-e51bdcb4,0
28,STF-a373df11,Jamie Arnold,nurse,emergency,1,STF-e51bdcb4,0
29,STF-a373df11,Jamie Arnold,nurse,emergency,1,STF-e51bdcb4,0
30,STF-a373df11,Jamie Arnold,nurse,emergency,0,STF-e51bdcb4,0
31,STF-a373df11,Jamie Arnold,nurse,emergency,1,STF-e51bdcb4,0
32,STF-a373df11,Jamie Arnold,nurse,emergency,1,STF-e51bdcb4,0
33,STF-a373df11,Jamie Arnold,nurse,emergency,0,STF-e51bdcb4,0
34,STF-a373df11,Jamie Arnold,nurse,emergency,1,STF-e51bdcb4,0
35,STF-a373df11,Jamie Arnold,nurse,emergency,1,STF-e51bdcb4,0
36,STF-a373df11,Jamie Arnold,nurse,emergency,0,STF-e51bdcb4,0
37,STF-a373df11,Jamie Arnold,nurse,emergency,1,STF-e51bdcb4,0
38,STF-a373df11,Jamie Arnold,nurse,emergency,1,STF-e51bdcb4,0
39,STF-a373df11,Jamie Arnold,nurse,emergency,0,STF-e51bdcb4,0
40,STF-a373df11,Jamie Arnold,nurse,emergency,0,STF-e51bdcb4,0
41,STF-a373df11,Jamie Arnold,nurse,emergency,1,STF-e51bdcb4,0
42,STF-a373df11,Jamie Arnold,nurse,emergency,0,STF-e51bdcb4,0
43,STF-a373df11,Jamie Arnold,nurse,emergency,0,STF-e51bdcb4,0
44,STF-a373df11,Jamie Arnold,nurse,emergency,1,STF-e51bdcb4,0
45,STF-a373df11,Jamie Arnold,nurse,emergency,0,STF-e51bdcb4,0
46,STF-a373df11,Jamie Arnold,nurse,emergency,1,STF-e51bdcb4,0
47,STF-a373df11,Jamie Arnold,nurse,emergency,1,STF-e51bdcb4,0
48,STF-a373df11,Jamie Arnold,nurse,emergency,0,STF-e51bdcb4,0
49,STF-a373df11,Jamie Arnold,nurse,emergency,1,STF-e51bdcb4,0
50,STF-a373df11,Jamie Arnold,nurse,emergency,1,STF-e51bdcb4,0
51,STF-a373df11,Jamie Arnold,nurse,emergency,0,STF-e51bdcb4,0
52,STF-a373df11,Jamie Arnold,nurse,emergency,1,STF-e51bdcb4,0
1,STF-ac9813b7,Lisa Hensley,nurse,emergency,1,STF-8cabb71f,0
2,STF-ac9813b7,Lisa Hensley,nurse,emergency,1,STF-8cabb71f,0
3,STF-ac9813b7,Lisa Hensley,nurse,emergency,0,STF-8cabb71f,0
4,STF-ac9813b7,Lisa Hensley,nurse,emergency,1,STF-8cabb71f,0
5,STF-ac9813b7,Lisa Hensley,nurse,emergency,1,STF-8cabb71f,0
6,STF-ac9813b7,Lisa Hensley,nurse,emergency,0,STF-8cabb71f,0
7,STF-ac9813b7,Lisa Hensley,nurse,emergency,0,STF-8cabb71f,0
8,STF-ac9813b7,Lisa Hensley,nurse,emergency,1,STF-8cabb71f,0
9,STF-ac9813b7,Lisa Hensley,nurse,emergency,0,STF-8cabb71f,0
10,STF-ac9813b7,Lisa Hensley,nurse,emergency,1,STF-8cabb71f,0
11,STF-ac9813b7,Lisa Hensley,nurse,emergency,1,STF-8cabb71f,0
12,STF-ac9813b7,Lisa Hensley,nurse,emergency,0,STF-8cabb71f,0
13,STF-ac9813b7,Lisa Hensley,nurse,emergency,1,STF-8cabb71f,0
14,STF-ac9813b7,Lisa Hensley,nurse,emergency,1,STF-8cabb71f,0
15,STF-ac9813b7,Lisa Hensley,nurse,emergency,0,STF-8cabb71f,0
16,STF-ac9813b7,Lisa Hensley,nurse,emergency,1,STF-8cabb71f,0
17,STF-ac9813b7,Lisa Hensley,nurse,emergency,1,STF-8cabb71f,0
18,STF-ac9813b7,Lisa Hensley,nurse,emergency,0,STF-8cabb71f,0
19,STF-ac9813b7,Lisa Hensley,nurse,emergency,1,STF-8cabb71f,0
20,STF-ac9813b7,Lisa Hensley,nurse,emergency,1,STF-8cabb71f,0
21,STF-ac9813b7,Lisa Hensley,nurse,emergency,0,STF-8cabb71f,0
22,STF-ac9813b7,Lisa Hensley,nurse,emergency,0,STF-8cabb71f,0
23,STF-ac9813b7,Lisa Hensley,nurse,emergency,1,STF-8cabb71f,0
24,STF-ac9813b7,Lisa Hensley,nurse,emergency,0,STF-8cabb71f,0
25,STF-ac9813b7,Lisa Hensley,nurse,emergency,1,STF-8cabb71f,0
26,STF-ac9813b7,Lisa Hensley,nurse,emergency,1,STF-8cabb71f,0
27,STF-ac9813b7,Lisa Hensley,nurse,emergency,0,STF-8cabb71f,0
28,STF-ac9813b7,Lisa Hensley,nurse,emergency,1,STF-8cabb71f,0
29,STF-ac9813b7,Lisa Hensley,nurse,emergency,1,STF-8cabb71f,0
30,STF-ac9813b7,Lisa Hensley,nurse,emergency,0,STF-8cabb71f,0
31,STF-ac9813b7,Lisa Hensley,nurse,emergency,1,STF-8cabb71f,0
32,STF-ac9813b7,Lisa Hensley,nurse,emergency,1,STF-8cabb71f,0
33,STF-ac9813b7,Lisa Hensley,nurse,emergency,0,STF-8cabb71f,0
34,STF-ac9813b7,Lisa Hensley,nurse,emergency,1,STF-8cabb71f,0
35,STF-ac9813b7,Lisa Hensley,nurse,emergency,1,STF-8cabb71f,0
36,STF-ac9813b7,Lisa Hensley,nurse,emergency,0,STF-8cabb71f,0
37,STF-ac9813b7,Lisa Hensley,nurse,emergency,1,STF-8cabb71f,0
38,STF-ac9813b7,Lisa Hensley,nurse,emergency,1,STF-8cabb71f,0
39,STF-ac9813b7,Lisa Hensley,nurse,emergency,0,STF-8cabb71f,0
40,STF-ac9813b7,Lisa Hensley,nurse,emergency,1,STF-8cabb71f,0
41,STF-ac9813b7,Lisa Hensley,nurse,emergency,1,STF-8cabb71f,0
42,STF-ac9813b7,Lisa Hensley,nurse,emergency,0,STF-8cabb71f,0
43,STF-ac9813b7,Lisa Hensley,nurse,emergency,1,STF-8cabb71f,0
44,STF-ac9813b7,Lisa Hensley,nurse,emergency,1,STF-8cabb71f,0
45,STF-ac9813b7,Lisa Hensley,nurse,emergency,0,STF-8cabb71f,0
46,STF-ac9813b7,Lisa Hensley,nurse,emergency,1,STF-8cabb71f,0
47,STF-ac9813b7,Lisa Hensley,nurse,emergency,1,STF-8cabb71f,0
48,STF-ac9813b7,Lisa Hensley,nurse,emergency,0,STF-8cabb71f,0
49,STF-ac9813b7,Lisa Hensley,nurse,emergency,1,STF-8cabb71f,0
50,STF-ac9813b7,Lisa Hensley,nurse,emergency,1,STF-8cabb71f,0
51,STF-ac9813b7,Lisa Hensley,nurse,emergency,0,STF-8cabb71f,0
52,STF-ac9813b7,Lisa Hensley,nurse,emergency,1,STF-8cabb71f,0
1,STF-f37035ac,Michele Williams,nurse,emergency,0,STF-34c0563d,0
2,STF-f37035ac,Michele Williams,nurse,emergency,1,STF-34c0563d,0
3,STF-f37035ac,Michele Williams,nurse,emergency,0,STF-34c0563d,0
4,STF-f37035ac,Michele Williams,nurse,emergency,1,STF-34c0563d,0
5,STF-f37035ac,Michele Williams,nurse,emergency,1,STF-34c0563d,0
6,STF-f37035ac,Michele Williams,nurse,emergency,0,STF-34c0563d,0
7,STF-f37035ac,Michele Williams,nurse,emergency,1,STF-34c0563d,0
8,STF-f37035ac,Michele Williams,nurse,emergency,1,STF-34c0563d,0
9,STF-f37035ac,Michele Williams,nurse,emergency,0,STF-34c0563d,0
10,STF-f37035ac,Michele Williams,nurse,emergency,1,STF-34c0563d,0
11,STF-f37035ac,Michele Williams,nurse,emergency,1,STF-34c0563d,0
12,STF-f37035ac,Michele Williams,nurse,emergency,0,STF-34c0563d,0
13,STF-f37035ac,Michele Williams,nurse,emergency,1,STF-34c0563d,0
14,STF-f37035ac,Michele Williams,nurse,emergency,1,STF-34c0563d,0
15,STF-f37035ac,Michele Williams,nurse,emergency,0,STF-34c0563d,0
16,STF-f37035ac,Michele Williams,nurse,emergency,1,STF-34c0563d,0
17,STF-f37035ac,Michele Williams,nurse,emergency,1,STF-34c0563d,0
18,STF-f37035ac,Michele Williams,nurse,emergency,0,STF-34c0563d,0
19,STF-f37035ac,Michele Williams,nurse,emergency,1,STF-34c0563d,0
20,STF-f37035ac,Michele Williams,nurse,emergency,1,STF-34c0563d,0
21,STF-f37035ac,Michele Williams,nurse,emergency,0,STF-34c0563d,0
22,STF-f37035ac,Michele Williams,nurse,emergency,1,STF-34c0563d,0
23,STF-f37035ac,Michele Williams,nurse,emergency,1,STF-34c0563d,0
24,STF-f37035ac,Michele Williams,nurse,emergency,0,STF-34c0563d,0
25,STF-f37035ac,Michele Williams,nurse,emergency,1,STF-34c0563d,0
26,STF-f37035ac,Michele Williams,nurse,emergency,1,STF-34c0563d,0
27,STF-f37035ac,Michele Williams,nurse,emergency,0,STF-34c0563d,0
28,STF-f37035ac,Michele Williams,nurse,emergency,1,STF-34c0563d,0
29,STF-f37035ac,Michele Williams,nurse,emergency,1,STF-34c0563d,0
30,STF-f37035ac,Michele Williams,nurse,emergency,0,STF-34c0563d,0
31,STF-f37035ac,Michele Williams,nurse,emergency,1,STF-34c0563d,0
32,STF-f37035ac,Michele Williams,nurse,emergency,0,STF-34c0563d,0
33,STF-f37035ac,Michele Williams,nurse,emergency,0,STF-34c0563d,0
34,STF-f37035ac,Michele Williams,nurse,emergency,1,STF-34c0563d,0
35,STF-f37035ac,Michele Williams,nurse,emergency,1,STF-34c0563d,0
36,STF-f37035ac,Michele Williams,nurse,emergency,0,STF-34c0563d,0
37,STF-f37035ac,Michele Williams,nurse,emergency,1,STF-34c0563d,0
38,STF-f37035ac,Michele Williams,nurse,emergency,1,STF-34c0563d,0
39,STF-f37035ac,Michele Williams,nurse,emergency,0,STF-34c0563d,0
40,STF-f37035ac,Michele Williams,nurse,emergency,1,STF-34c0563d,0
41,STF-f37035ac,Michele Williams,nurse,emergency,1,STF-34c0563d,0
42,STF-f37035ac,Michele Williams,nurse,emergency,0,STF-34c0563d,0
43,STF-f37035ac,Michele Williams,nurse,emergency,1,STF-34c0563d,0
44,STF-f37035ac,Michele Williams,nurse,emergency,0,STF-34c0563d,0
45,STF-f37035ac,Michele Williams,nurse,emergency,0,STF-34c0563d,0
46,STF-f37035ac,Michele Williams,nurse,emergency,1,STF-34c0563d,0
47,STF-f37035ac,Michele Williams,nurse,emergency,1,STF-34c0563d,0
48,STF-f37035ac,Michele Williams,nurse,emergency,0,STF-34c0563d,0
49,STF-f37035ac,Michele Williams,nurse,emergency,1,STF-34c0563d,0
50,STF-f37035ac,Michele Williams,nurse,emergency,1,STF-34c0563d,0
51,STF-f37035ac,Michele Williams,nurse,emergency,0,STF-34c0563d,0
52,STF-f37035ac,Michele Williams,nurse,emergency,1,STF-34c0563d,0
1,STF-e15cfd51,Dylan Miller,nurse,emergency,1,STF-130577e6,0
2,STF-e15cfd51,Dylan Miller,nurse,emergency,1,STF-130577e6,0
3,STF-e15cfd51,Dylan Miller,nurse,emergency,0,STF-130577e6,0
4,STF-e15cfd51,Dylan Miller,nurse,emergency,1,STF-130577e6,0
5,STF-e15cfd51,Dylan Miller,nurse,emergency,1,STF-130577e6,0
6,STF-e15cfd51,Dylan Miller,nurse,emergency,0,STF-130577e6,0
7,STF-e15cfd51,Dylan Miller,nurse,emergency,1,STF-130577e6,0
8,STF-e15cfd51,Dylan Miller,nurse,emergency,1,STF-130577e6,0
9,STF-e15cfd51,Dylan Miller,nurse,emergency,0,STF-130577e6,0
10,STF-e15cfd51,Dylan Miller,nurse,emergency,1,STF-130577e6,0
11,STF-e15cfd51,Dylan Miller,nurse,emergency,1,STF-130577e6,0
12,STF-e15cfd51,Dylan Miller,nurse,emergency,0,STF-130577e6,0
13,STF-e15cfd51,Dylan Miller,nurse,emergency,1,STF-130577e6,0
14,STF-e15cfd51,Dylan Miller,nurse,emergency,1,STF-130577e6,0
15,STF-e15cfd51,Dylan Miller,nurse,emergency,0,STF-130577e6,0
16,STF-e15cfd51,Dylan Miller,nurse,emergency,1,STF-130577e6,0
17,STF-e15cfd51,Dylan Miller,nurse,emergency,1,STF-130577e6,0
18,STF-e15cfd51,Dylan Miller,nurse,emergency,0,STF-130577e6,0
19,STF-e15cfd51,Dylan Miller,nurse,emergency,1,STF-130577e6,0
20,STF-e15cfd51,Dylan Miller,nurse,emergency,0,STF-130577e6,0
21,STF-e15cfd51,Dylan Miller,nurse,emergency,0,STF-130577e6,0
22,STF-e15cfd51,Dylan Miller,nurse,emergency,0,STF-130577e6,0
23,STF-e15cfd51,Dylan Miller,nurse,emergency,1,STF-130577e6,0
24,STF-e15cfd51,Dylan Miller,nurse,emergency,0,STF-130577e6,0
25,STF-e15cfd51,Dylan Miller,nurse,emergency,1,STF-130577e6,0
26,STF-e15cfd51,Dylan Miller,nurse,emergency,0,STF-130577e6,0
27,STF-e15cfd51,Dylan Miller,nurse,emergency,0,STF-130577e6,0
28,STF-e15cfd51,Dylan Miller,nurse,emergency,0,STF-130577e6,0
29,STF-e15cfd51,Dylan Miller,nurse,emergency,1,STF-130577e6,0
30,STF-e15cfd51,Dylan Miller,nurse,emergency,0,STF-130577e6,0
31,STF-e15cfd51,Dylan Miller,nurse,emergency,1,STF-130577e6,0
32,STF-e15cfd51,Dylan Miller,nurse,emergency,1,STF-130577e6,0
33,STF-e15cfd51,Dylan Miller,nurse,emergency,0,STF-130577e6,0
34,STF-e15cfd51,Dylan Miller,nurse,emergency,1,STF-130577e6,0
35,STF-e15cfd51,Dylan Miller,nurse,emergency,1,STF-130577e6,0
36,STF-e15cfd51,Dylan Miller,nurse,emergency,0,STF-130577e6,0
37,STF-e15cfd51,Dylan Miller,nurse,emergency,1,STF-130577e6,0
38,STF-e15cfd51,Dylan Miller,nurse,emergency,1,STF-130577e6,0
39,STF-e15cfd51,Dylan Miller,nurse,emergency,0,STF-130577e6,0
40,STF-e15cfd51,Dylan Miller,nurse,emergency,1,STF-130577e6,0
41,STF-e15cfd51,Dylan Miller,nurse,emergency,1,STF-130577e6,0
42,STF-e15cfd51,Dylan Miller,nurse,emergency,0,STF-130577e6,0
43,STF-e15cfd51,Dylan Miller,nurse,emergency,1,STF-130577e6,0
44,STF-e15cfd51,Dylan Miller,nurse,emergency,0,STF-130577e6,0
45,STF-e15cfd51,Dylan Miller,nurse,emergency,0,STF-130577e6,0
46,STF-e15cfd51,Dylan Miller,nurse,emergency,1,STF-130577e6,0
47,STF-e15cfd51,Dylan Miller,nurse,emergency,1,STF-130577e6,0
48,STF-e15cfd51,Dylan Miller,nurse,emergency,0,STF-130577e6,0
49,STF-e15cfd51,Dylan Miller,nurse,emergency,1,STF-130577e6,0
50,STF-e15cfd51,Dylan Miller,nurse,emergency,1,STF-130577e6,0
51,STF-e15cfd51,Dylan Miller,nurse,emergency,0,STF-130577e6,0
52,STF-e15cfd51,Dylan Miller,nurse,emergency,1,STF-130577e6,0
1,STF-8325689b,Brian Ramirez,nurse,emergency,1,STF-768c9d6f,0
2,STF-8325689b,Brian Ramirez,nurse,emergency,1,STF-768c9d6f,0
3,STF-8325689b,Brian Ramirez,nurse,emergency,0,STF-768c9d6f,0
4,STF-8325689b,Brian Ramirez,nurse,emergency,1,STF-768c9d6f,0
5,STF-8325689b,Brian Ramirez,nurse,emergency,1,STF-768c9d6f,0
6,STF-8325689b,Brian Ramirez,nurse,emergency,0,STF-768c9d6f,0
7,STF-8325689b,Brian Ramirez,nurse,emergency,1,STF-768c9d6f,0
8,STF-8325689b,Brian Ramirez,nurse,emergency,1,STF-768c9d6f,0
9,STF-8325689b,Brian Ramirez,nurse,emergency,0,STF-768c9d6f,0
10,STF-8325689b,Brian Ramirez,nurse,emergency,0,STF-768c9d6f,0
11,STF-8325689b,Brian Ramirez,nurse,emergency,1,STF-768c9d6f,0
12,STF-8325689b,Brian Ramirez,nurse,emergency,0,STF-768c9d6f,0
13,STF-8325689b,Brian Ramirez,nurse,emergency,1,STF-768c9d6f,0
14,STF-8325689b,Brian Ramirez,nurse,emergency,0,STF-768c9d6f,0
15,STF-8325689b,Brian Ramirez,nurse,emergency,0,STF-768c9d6f,0
16,STF-8325689b,Brian Ramirez,nurse,emergency,1,STF-768c9d6f,0
17,STF-8325689b,Brian Ramirez,nurse,emergency,1,STF-768c9d6f,0
18,STF-8325689b,Brian Ramirez,nurse,emergency,0,STF-768c9d6f,0
19,STF-8325689b,Brian Ramirez,nurse,emergency,1,STF-768c9d6f,0
20,STF-8325689b,Brian Ramirez,nurse,emergency,1,STF-768c9d6f,0
21,STF-8325689b,Brian Ramirez,nurse,emergency,0,STF-768c9d6f,0
22,STF-8325689b,Brian Ramirez,nurse,emergency,1,STF-768c9d6f,0
23,STF-8325689b,Brian Ramirez,nurse,emergency,1,STF-768c9d6f,0
24,STF-8325689b,Brian Ramirez,nurse,emergency,0,STF-768c9d6f,0
25,STF-8325689b,Brian Ramirez,nurse,emergency,1,STF-768c9d6f,0
26,STF-8325689b,Brian Ramirez,nurse,emergency,1,STF-768c9d6f,0
27,STF-8325689b,Brian Ramirez,nurse,emergency,0,STF-768c9d6f,0
28,STF-8325689b,Brian Ramirez,nurse,emergency,0,STF-768c9d6f,0
29,STF-8325689b,Brian Ramirez,nurse,emergency,1,STF-768c9d6f,0
30,STF-8325689b,Brian Ramirez,nurse,emergency,0,STF-768c9d6f,0
31,STF-8325689b,Brian Ramirez,nurse,emergency,1,STF-768c9d6f,0
32,STF-8325689b,Brian Ramirez,nurse,emergency,1,STF-768c9d6f,0
33,STF-8325689b,Brian Ramirez,nurse,emergency,0,STF-768c9d6f,0
34,STF-8325689b,Brian Ramirez,nurse,emergency,1,STF-768c9d6f,0
35,STF-8325689b,Brian Ramirez,nurse,emergency,1,STF-768c9d6f,0
36,STF-8325689b,Brian Ramirez,nurse,emergency,0,STF-768c9d6f,0
37,STF-8325689b,Brian Ramirez,nurse,emergency,1,STF-768c9d6f,0
38,STF-8325689b,Brian Ramirez,nurse,emergency,1,STF-768c9d6f,0
39,STF-8325689b,Brian Ramirez,nurse,emergency,0,STF-768c9d6f,0
40,STF-8325689b,Brian Ramirez,nurse,emergency,1,STF-768c9d6f,0
41,STF-8325689b,Brian Ramirez,nurse,emergency,1,STF-768c9d6f,0
42,STF-8325689b,Brian Ramirez,nurse,emergency,0,STF-768c9d6f,0
43,STF-8325689b,Brian Ramirez,nurse,emergency,1,STF-768c9d6f,0
44,STF-8325689b,Brian Ramirez,nurse,emergency,1,STF-768c9d6f,0
45,STF-8325689b,Brian Ramirez,nurse,emergency,0,STF-768c9d6f,0
46,STF-8325689b,Brian Ramirez,nurse,emergency,0,STF-768c9d6f,0
47,STF-8325689b,Brian Ramirez,nurse,emergency,1,STF-768c9d6f,0
48,STF-8325689b,Brian Ramirez,nurse,emergency,0,STF-768c9d6f,0
49,STF-8325689b,Brian Ramirez,nurse,emergency,1,STF-768c9d6f,0
50,STF-8325689b,Brian Ramirez,nurse,emergency,1,STF-768c9d6f,0
51,STF-8325689b,Brian Ramirez,nurse,emergency,0,STF-768c9d6f,0
52,STF-8325689b,Brian Ramirez,nurse,emergency,0,STF-768c9d6f,0
1,STF-b0bc8d3f,Holly Wood,nurse,emergency,1,STF-abec8336,0
2,STF-b0bc8d3f,Holly Wood,nurse,emergency,1,STF-abec8336,0
3,STF-b0bc8d3f,Holly Wood,nurse,emergency,0,STF-abec8336,0
4,STF-b0bc8d3f,Holly Wood,nurse,emergency,1,STF-abec8336,0
5,STF-b0bc8d3f,Holly Wood,nurse,emergency,1,STF-abec8336,0
6,STF-b0bc8d3f,Holly Wood,nurse,emergency,0,STF-abec8336,0
7,STF-b0bc8d3f,Holly Wood,nurse,emergency,1,STF-abec8336,0
8,STF-b0bc8d3f,Holly Wood,nurse,emergency,1,STF-abec8336,0
9,STF-b0bc8d3f,Holly Wood,nurse,emergency,0,STF-abec8336,0
10,STF-b0bc8d3f,Holly Wood,nurse,emergency,1,STF-abec8336,0
11,STF-b0bc8d3f,Holly Wood,nurse,emergency,1,STF-abec8336,0
12,STF-b0bc8d3f,Holly Wood,nurse,emergency,0,STF-abec8336,0
13,STF-b0bc8d3f,Holly Wood,nurse,emergency,1,STF-abec8336,0
14,STF-b0bc8d3f,Holly Wood,nurse,emergency,1,STF-abec8336,0
15,STF-b0bc8d3f,Holly Wood,nurse,emergency,0,STF-abec8336,0
16,STF-b0bc8d3f,Holly Wood,nurse,emergency,1,STF-abec8336,0
17,STF-b0bc8d3f,Holly Wood,nurse,emergency,1,STF-abec8336,0
18,STF-b0bc8d3f,Holly Wood,nurse,emergency,0,STF-abec8336,0
19,STF-b0bc8d3f,Holly Wood,nurse,emergency,1,STF-abec8336,0
20,STF-b0bc8d3f,Holly Wood,nurse,emergency,1,STF-abec8336,0
21,STF-b0bc8d3f,Holly Wood,nurse,emergency,0,STF-abec8336,0
22,STF-b0bc8d3f,Holly Wood,nurse,emergency,1,STF-abec8336,0
23,STF-b0bc8d3f,Holly Wood,nurse,emergency,1,STF-abec8336,0
24,STF-b0bc8d3f,Holly Wood,nurse,emergency,0,STF-abec8336,0
25,STF-b0bc8d3f,Holly Wood,nurse,emergency,1,STF-abec8336,0
26,STF-b0bc8d3f,Holly Wood,nurse,emergency,1,STF-abec8336,0
27,STF-b0bc8d3f,Holly Wood,nurse,emergency,0,STF-abec8336,0
28,STF-b0bc8d3f,Holly Wood,nurse,emergency,1,STF-abec8336,0
29,STF-b0bc8d3f,Holly Wood,nurse,emergency,1,STF-abec8336,0
30,STF-b0bc8d3f,Holly Wood,nurse,emergency,0,STF-abec8336,0
31,STF-b0bc8d3f,Holly Wood,nurse,emergency,1,STF-abec8336,0
32,STF-b0bc8d3f,Holly Wood,nurse,emergency,1,STF-abec8336,0
33,STF-b0bc8d3f,Holly Wood,nurse,emergency,0,STF-abec8336,0
34,STF-b0bc8d3f,Holly Wood,nurse,emergency,1,STF-abec8336,0
35,STF-b0bc8d3f,Holly Wood,nurse,emergency,1,STF-abec8336,0
36,STF-b0bc8d3f,Holly Wood,nurse,emergency,0,STF-abec8336,0
37,STF-b0bc8d3f,Holly Wood,nurse,emergency,1,STF-abec8336,0
38,STF-b0bc8d3f,Holly Wood,nurse,emergency,1,STF-abec8336,0
39,STF-b0bc8d3f,Holly Wood,nurse,emergency,0,STF-abec8336,0
40,STF-b0bc8d3f,Holly Wood,nurse,emergency,1,STF-abec8336,0
41,STF-b0bc8d3f,Holly Wood,nurse,emergency,1,STF-abec8336,0
42,STF-b0bc8d3f,Holly Wood,nurse,emergency,0,STF-abec8336,0
43,STF-b0bc8d3f,Holly Wood,nurse,emergency,1,STF-abec8336,0
44,STF-b0bc8d3f,Holly Wood,nurse,emergency,1,STF-abec8336,0
45,STF-b0bc8d3f,Holly Wood,nurse,emergency,0,STF-abec8336,0
46,STF-b0bc8d3f,Holly Wood,nurse,emergency,1,STF-abec8336,0
47,STF-b0bc8d3f,Holly Wood,nurse,emergency,1,STF-abec8336,0
48,STF-b0bc8d3f,Holly Wood,nurse,emergency,0,STF-abec8336,0
49,STF-b0bc8d3f,Holly Wood,nurse,emergency,1,STF-abec8336,0
50,STF-b0bc8d3f,Holly Wood,nurse,emergency,0,STF-abec8336,0
51,STF-b0bc8d3f,Holly Wood,nurse,emergency,0,STF-abec8336,0
52,STF-b0bc8d3f,Holly Wood,nurse,emergency,1,STF-abec8336,0
1,STF-806b98e6,Derek Zuniga,nurse,emergency,1,STF-6f6535f8,0
2,STF-806b98e6,Derek Zuniga,nurse,emergency,1,STF-6f6535f8,0
3,STF-806b98e6,Derek Zuniga,nurse,emergency,0,STF-6f6535f8,0
4,STF-806b98e6,Derek Zuniga,nurse,emergency,1,STF-6f6535f8,0
5,STF-806b98e6,Derek Zuniga,nurse,emergency,1,STF-6f6535f8,0
6,STF-806b98e6,Derek Zuniga,nurse,emergency,0,STF-6f6535f8,0
7,STF-806b98e6,Derek Zuniga,nurse,emergency,1,STF-6f6535f8,0
8,STF-806b98e6,Derek Zuniga,nurse,emergency,1,STF-6f6535f8,0
9,STF-806b98e6,Derek Zuniga,nurse,emergency,0,STF-6f6535f8,0
10,STF-806b98e6,Derek Zuniga,nurse,emergency,1,STF-6f6535f8,0
11,STF-806b98e6,Derek Zuniga,nurse,emergency,0,STF-6f6535f8,0
12,STF-806b98e6,Derek Zuniga,nurse,emergency,0,STF-6f6535f8,0
13,STF-806b98e6,Derek Zuniga,nurse,emergency,1,STF-6f6535f8,0
14,STF-806b98e6,Derek Zuniga,nurse,emergency,0,STF-6f6535f8,0
15,STF-806b98e6,Derek Zuniga,nurse,emergency,0,STF-6f6535f8,0
16,STF-806b98e6,Derek Zuniga,nurse,emergency,1,STF-6f6535f8,0
17,STF-806b98e6,Derek Zuniga,nurse,emergency,1,STF-6f6535f8,0
18,STF-806b98e6,Derek Zuniga,nurse,emergency,0,STF-6f6535f8,0
19,STF-806b98e6,Derek Zuniga,nurse,emergency,1,STF-6f6535f8,0
20,STF-806b98e6,Derek Zuniga,nurse,emergency,1,STF-6f6535f8,0
21,STF-806b98e6,Derek Zuniga,nurse,emergency,0,STF-6f6535f8,0
22,STF-806b98e6,Derek Zuniga,nurse,emergency,1,STF-6f6535f8,0
23,STF-806b98e6,Derek Zuniga,nurse,emergency,1,STF-6f6535f8,0
24,STF-806b98e6,Derek Zuniga,nurse,emergency,0,STF-6f6535f8,0
25,STF-806b98e6,Derek Zuniga,nurse,emergency,1,STF-6f6535f8,0
26,STF-806b98e6,Derek Zuniga,nurse,emergency,1,STF-6f6535f8,0
27,STF-806b98e6,Derek Zuniga,nurse,emergency,0,STF-6f6535f8,0
28,STF-806b98e6,Derek Zuniga,nurse,emergency,1,STF-6f6535f8,0
29,STF-806b98e6,Derek Zuniga,nurse,emergency,1,STF-6f6535f8,0
30,STF-806b98e6,Derek Zuniga,nurse,emergency,0,STF-6f6535f8,0
31,STF-806b98e6,Derek Zuniga,nurse,emergency,1,STF-6f6535f8,0
32,STF-806b98e6,Derek Zuniga,nurse,emergency,0,STF-6f6535f8,0
33,STF-806b98e6,Derek Zuniga,nurse,emergency,0,STF-6f6535f8,0
34,STF-806b98e6,Derek Zuniga,nurse,emergency,0,STF-6f6535f8,0
35,STF-806b98e6,Derek Zuniga,nurse,emergency,1,STF-6f6535f8,0
36,STF-806b98e6,Derek Zuniga,nurse,emergency,0,STF-6f6535f8,0
37,STF-806b98e6,Derek Zuniga,nurse,emergency,1,STF-6f6535f8,0
38,STF-806b98e6,Derek Zuniga,nurse,emergency,1,STF-6f6535f8,0
39,STF-806b98e6,Derek Zuniga,nurse,emergency,0,STF-6f6535f8,0
40,STF-806b98e6,Derek Zuniga,nurse,emergency,1,STF-6f6535f8,0
41,STF-806b98e6,Derek Zuniga,nurse,emergency,1,STF-6f6535f8,0
42,STF-806b98e6,Derek Zuniga,nurse,emergency,0,STF-6f6535f8,0
43,STF-806b98e6,Derek Zuniga,nurse,emergency,1,STF-6f6535f8,0
44,STF-806b98e6,Derek Zuniga,nurse,emergency,1,STF-6f6535f8,0
45,STF-806b98e6,Derek Zuniga,nurse,emergency,0,STF-6f6535f8,0
46,STF-806b98e6,Derek Zuniga,nurse,emergency,1,STF-6f6535f8,0
47,STF-806b98e6,Derek Zuniga,nurse,emergency,1,STF-6f6535f8,0
48,STF-806b98e6,Derek Zuniga,nurse,emergency,0,STF-6f6535f8,0
49,STF-806b98e6,Derek Zuniga,nurse,emergency,0,STF-6f6535f8,0
50,STF-806b98e6,Derek Zuniga,nurse,emergency,1,STF-6f6535f8,0
51,STF-806b98e6,Derek Zuniga,nurse,emergency,0,STF-6f6535f8,0
52,STF-806b98e6,Derek Zuniga,nurse,emergency,1,STF-6f6535f8,0
1,STF-36140a6a,Lisa Jackson,nurse,emergency,1,STF-b4fb711c,0
2,STF-36140a6a,Lisa Jackson,nurse,emergency,1,STF-b4fb711c,0
3,STF-36140a6a,Lisa Jackson,nurse,emergency,0,STF-b4fb711c,0
4,STF-36140a6a,Lisa Jackson,nurse,emergency,1,STF-b4fb711c,0
5,STF-36140a6a,Lisa Jackson,nurse,emergency,1,STF-b4fb711c,0
6,STF-36140a6a,Lisa Jackson,nurse,emergency,0,STF-b4fb711c,0
7,STF-36140a6a,Lisa Jackson,nurse,emergency,1,STF-b4fb711c,0
8,STF-36140a6a,Lisa Jackson,nurse,emergency,0,STF-b4fb711c,0
9,STF-36140a6a,Lisa Jackson,nurse,emergency,0,STF-b4fb711c,0
10,STF-36140a6a,Lisa Jackson,nurse,emergency,1,STF-b4fb711c,0
11,STF-36140a6a,Lisa Jackson,nurse,emergency,1,STF-b4fb711c,0
12,STF-36140a6a,Lisa Jackson,nurse,emergency,0,STF-b4fb711c,0
13,STF-36140a6a,Lisa Jackson,nurse,emergency,1,STF-b4fb711c,0
14,STF-36140a6a,Lisa Jackson,nurse,emergency,1,STF-b4fb711c,0
15,STF-36140a6a,Lisa Jackson,nurse,emergency,0,STF-b4fb711c,0
16,STF-36140a6a,Lisa Jackson,nurse,emergency,1,STF-b4fb711c,0
17,STF-36140a6a,Lisa Jackson,nurse,emergency,1,STF-b4fb711c,0
18,STF-36140a6a,Lisa Jackson,nurse,emergency,0,STF-b4fb711c,0
19,STF-36140a6a,Lisa Jackson,nurse,emergency,1,STF-b4fb711c,0
20,STF-36140a6a,Lisa Jackson,nurse,emergency,1,STF-b4fb711c,0
21,STF-36140a6a,Lisa Jackson,nurse,emergency,0,STF-b4fb711c,0
22,STF-36140a6a,Lisa Jackson,nurse,emergency,1,STF-b4fb711c,0
23,STF-36140a6a,Lisa Jackson,nurse,emergency,1,STF-b4fb711c,0
24,STF-36140a6a,Lisa Jackson,nurse,emergency,0,STF-b4fb711c,0
25,STF-36140a6a,Lisa Jackson,nurse,emergency,1,STF-b4fb711c,0
26,STF-36140a6a,Lisa Jackson,nurse,emergency,1,STF-b4fb711c,0
27,STF-36140a6a,Lisa Jackson,nurse,emergency,0,STF-b4fb711c,0
28,STF-36140a6a,Lisa Jackson,nurse,emergency,1,STF-b4fb711c,0
29,STF-36140a6a,Lisa Jackson,nurse,emergency,1,STF-b4fb711c,0
30,STF-36140a6a,Lisa Jackson,nurse,emergency,0,STF-b4fb711c,0
31,STF-36140a6a,Lisa Jackson,nurse,emergency,1,STF-b4fb711c,0
32,STF-36140a6a,Lisa Jackson,nurse,emergency,1,STF-b4fb711c,0
33,STF-36140a6a,Lisa Jackson,nurse,emergency,0,STF-b4fb711c,0
34,STF-36140a6a,Lisa Jackson,nurse,emergency,1,STF-b4fb711c,0
35,STF-36140a6a,Lisa Jackson,nurse,emergency,1,STF-b4fb711c,0
36,STF-36140a6a,Lisa Jackson,nurse,emergency,0,STF-b4fb711c,0
37,STF-36140a6a,Lisa Jackson,nurse,emergency,0,STF-b4fb711c,0
38,STF-36140a6a,Lisa Jackson,nurse,emergency,1,STF-b4fb711c,0
39,STF-36140a6a,Lisa Jackson,nurse,emergency,0,STF-b4fb711c,0
40,STF-36140a6a,Lisa Jackson,nurse,emergency,1,STF-b4fb711c,0
41,STF-36140a6a,Lisa Jackson,nurse,emergency,1,STF-b4fb711c,0
42,STF-36140a6a,Lisa Jackson,nurse,emergency,0,STF-b4fb711c,0
43,STF-36140a6a,Lisa Jackson,nurse,emergency,1,STF-b4fb711c,0
44,STF-36140a6a,Lisa Jackson,nurse,emergency,1,STF-b4fb711c,0
45,STF-36140a6a,Lisa Jackson,nurse,emergency,0,STF-b4fb711c,0
46,STF-36140a6a,Lisa Jackson,nurse,emergency,1,STF-b4fb711c,0
47,STF-36140a6a,Lisa Jackson,nurse,emergency,0,STF-b4fb711c,0
48,STF-36140a6a,Lisa Jackson,nurse,emergency,0,STF-b4fb711c,0
49,STF-36140a6a,Lisa Jackson,nurse,emergency,1,STF-b4fb711c,0
50,STF-36140a6a,Lisa Jackson,nurse,emergency,1,STF-b4fb711c,0
51,STF-36140a6a,Lisa Jackson,nurse,emergency,0,STF-b4fb711c,0
52,STF-36140a6a,Lisa Jackson,nurse,emergency,1,STF-b4fb711c,0
1,STF-3a9a90fd,Carla Gray,nurse,emergency,0,STF-434f45a6,0
2,STF-3a9a90fd,Carla Gray,nurse,emergency,1,STF-434f45a6,0
3,STF-3a9a90fd,Carla Gray,nurse,emergency,0,STF-434f45a6,0
4,STF-3a9a90fd,Carla Gray,nurse,emergency,1,STF-434f45a6,0
5,STF-3a9a90fd,Carla Gray,nurse,emergency,1,STF-434f45a6,0
6,STF-3a9a90fd,Carla Gray,nurse,emergency,0,STF-434f45a6,0
7,STF-3a9a90fd,Carla Gray,nurse,emergency,1,STF-434f45a6,0
8,STF-3a9a90fd,Carla Gray,nurse,emergency,1,STF-434f45a6,0
9,STF-3a9a90fd,Carla Gray,nurse,emergency,0,STF-434f45a6,0
10,STF-3a9a90fd,Carla Gray,nurse,emergency,1,STF-434f45a6,0
11,STF-3a9a90fd,Carla Gray,nurse,emergency,1,STF-434f45a6,0
12,STF-3a9a90fd,Carla Gray,nurse,emergency,0,STF-434f45a6,0
13,STF-3a9a90fd,Carla Gray,nurse,emergency,1,STF-434f45a6,0
14,STF-3a9a90fd,Carla Gray,nurse,emergency,0,STF-434f45a6,0
15,STF-3a9a90fd,Carla Gray,nurse,emergency,0,STF-434f45a6,0
16,STF-3a9a90fd,Carla Gray,nurse,emergency,1,STF-434f45a6,0
17,STF-3a9a90fd,Carla Gray,nurse,emergency,1,STF-434f45a6,0
18,STF-3a9a90fd,Carla Gray,nurse,emergency,0,STF-434f45a6,0
19,STF-3a9a90fd,Carla Gray,nurse,emergency,1,STF-434f45a6,0
20,STF-3a9a90fd,Carla Gray,nurse,emergency,1,STF-434f45a6,0
21,STF-3a9a90fd,Carla Gray,nurse,emergency,0,STF-434f45a6,0
22,STF-3a9a90fd,Carla Gray,nurse,emergency,1,STF-434f45a6,0
23,STF-3a9a90fd,Carla Gray,nurse,emergency,1,STF-434f45a6,0
24,STF-3a9a90fd,Carla Gray,nurse,emergency,0,STF-434f45a6,0
25,STF-3a9a90fd,Carla Gray,nurse,emergency,1,STF-434f45a6,0
26,STF-3a9a90fd,Carla Gray,nurse,emergency,1,STF-434f45a6,0
27,STF-3a9a90fd,Carla Gray,nurse,emergency,0,STF-434f45a6,0
28,STF-3a9a90fd,Carla Gray,nurse,emergency,1,STF-434f45a6,0
29,STF-3a9a90fd,Carla Gray,nurse,emergency,1,STF-434f45a6,0
30,STF-3a9a90fd,Carla Gray,nurse,emergency,0,STF-434f45a6,0
31,STF-3a9a90fd,Carla Gray,nurse,emergency,1,STF-434f45a6,0
32,STF-3a9a90fd,Carla Gray,nurse,emergency,0,STF-434f45a6,0
33,STF-3a9a90fd,Carla Gray,nurse,emergency,0,STF-434f45a6,0
34,STF-3a9a90fd,Carla Gray,nurse,emergency,1,STF-434f45a6,0
35,STF-3a9a90fd,Carla Gray,nurse,emergency,1,STF-434f45a6,0
36,STF-3a9a90fd,Carla Gray,nurse,emergency,0,STF-434f45a6,0
37,STF-3a9a90fd,Carla Gray,nurse,emergency,1,STF-434f45a6,0
38,STF-3a9a90fd,Carla Gray,nurse,emergency,1,STF-434f45a6,0
39,STF-3a9a90fd,Carla Gray,nurse,emergency,0,STF-434f45a6,0
40,STF-3a9a90fd,Carla Gray,nurse,emergency,1,STF-434f45a6,0
41,STF-3a9a90fd,Carla Gray,nurse,emergency,1,STF-434f45a6,0
42,STF-3a9a90fd,Carla Gray,nurse,emergency,0,STF-434f45a6,0
43,STF-3a9a90fd,Carla Gray,nurse,emergency,1,STF-434f45a6,0
44,STF-3a9a90fd,Carla Gray,nurse,emergency,1,STF-434f45a6,0
45,STF-3a9a90fd,Carla Gray,nurse,emergency,0,STF-434f45a6,0
46,STF-3a9a90fd,Carla Gray,nurse,emergency,1,STF-434f45a6,0
47,STF-3a9a90fd,Carla Gray,nurse,emergency,1,STF-434f45a6,0
48,STF-3a9a90fd,Carla Gray,nurse,emergency,0,STF-434f45a6,0
49,STF-3a9a90fd,Carla Gray,nurse,emergency,1,STF-434f45a6,0
50,STF-3a9a90fd,Carla Gray,nurse,emergency,1,STF-434f45a6,0
51,STF-3a9a90fd,Carla Gray,nurse,emergency,0,STF-434f45a6,0
52,STF-3a9a90fd,Carla Gray,nurse,emergency,1,STF-434f45a6,0
1,STF-23a8d4c5,Margaret Hawkins DDS,nurse,emergency,1,STF-db5926dd,0
2,STF-23a8d4c5,Margaret Hawkins DDS,nurse,emergency,1,STF-db5926dd,0
3,STF-23a8d4c5,Margaret Hawkins DDS,nurse,emergency,0,STF-db5926dd,0
4,STF-23a8d4c5,Margaret Hawkins DDS,nurse,emergency,1,STF-db5926dd,0
5,STF-23a8d4c5,Margaret Hawkins DDS,nurse,emergency,1,STF-db5926dd,0
6,STF-23a8d4c5,Margaret Hawkins DDS,nurse,emergency,0,STF-db5926dd,0
7,STF-23a8d4c5,Margaret Hawkins DDS,nurse,emergency,1,STF-db5926dd,0
8,STF-23a8d4c5,Margaret Hawkins DDS,nurse,emergency,0,STF-db5926dd,0
9,STF-23a8d4c5,Margaret Hawkins DDS,nurse,emergency,0,STF-db5926dd,0
10,STF-23a8d4c5,Margaret Hawkins DDS,nurse,emergency,1,STF-db5926dd,0
11,STF-23a8d4c5,Margaret Hawkins DDS,nurse,emergency,1,STF-db5926dd,0
12,STF-23a8d4c5,Margaret Hawkins DDS,nurse,emergency,0,STF-db5926dd,0
13,STF-23a8d4c5,Margaret Hawkins DDS,nurse,emergency,1,STF-db5926dd,0
14,STF-23a8d4c5,Margaret Hawkins DDS,nurse,emergency,1,STF-db5926dd,0
15,STF-23a8d4c5,Margaret Hawkins DDS,nurse,emergency,0,STF-db5926dd,0
16,STF-23a8d4c5,Margaret Hawkins DDS,nurse,emergency,1,STF-db5926dd,0
17,STF-23a8d4c5,Margaret Hawkins DDS,nurse,emergency,1,STF-db5926dd,0
18,STF-23a8d4c5,Margaret Hawkins DDS,nurse,emergency,0,STF-db5926dd,0
19,STF-23a8d4c5,Margaret Hawkins DDS,nurse,emergency,1,STF-db5926dd,0
20,STF-23a8d4c5,Margaret Hawkins DDS,nurse,emergency,1,STF-db5926dd,0
21,STF-23a8d4c5,Margaret Hawkins DDS,nurse,emergency,0,STF-db5926dd,0
22,STF-23a8d4c5,Margaret Hawkins DDS,nurse,emergency,1,STF-db5926dd,0
23,STF-23a8d4c5,Margaret Hawkins DDS,nurse,emergency,1,STF-db5926dd,0
24,STF-23a8d4c5,Margaret Hawkins DDS,nurse,emergency,0,STF-db5926dd,0
25,STF-23a8d4c5,Margaret Hawkins DDS,nurse,emergency,1,STF-db5926dd,0
26,STF-23a8d4c5,Margaret Hawkins DDS,nurse,emergency,0,STF-db5926dd,0
27,STF-23a8d4c5,Margaret Hawkins DDS,nurse,emergency,0,STF-db5926dd,0
28,STF-23a8d4c5,Margaret Hawkins DDS,nurse,emergency,1,STF-db5926dd,0
29,STF-23a8d4c5,Margaret Hawkins DDS,nurse,emergency,1,STF-db5926dd,0
30,STF-23a8d4c5,Margaret Hawkins DDS,nurse,emergency,0,STF-db5926dd,0
31,STF-23a8d4c5,Margaret Hawkins DDS,nurse,emergency,1,STF-db5926dd,0
32,STF-23a8d4c5,Margaret Hawkins DDS,nurse,emergency,1,STF-db5926dd,0
33,STF-23a8d4c5,Margaret Hawkins DDS,nurse,emergency,0,STF-db5926dd,0
34,STF-23a8d4c5,Margaret Hawkins DDS,nurse,emergency,1,STF-db5926dd,0
35,STF-23a8d4c5,Margaret Hawkins DDS,nurse,emergency,0,STF-db5926dd,0
36,STF-23a8d4c5,Margaret Hawkins DDS,nurse,emergency,0,STF-db5926dd,0
37,STF-23a8d4c5,Margaret Hawkins DDS,nurse,emergency,1,STF-db5926dd,0
38,STF-23a8d4c5,Margaret Hawkins DDS,nurse,emergency,1,STF-db5926dd,0
39,STF-23a8d4c5,Margaret Hawkins DDS,nurse,emergency,0,STF-db5926dd,0
40,STF-23a8d4c5,Margaret Hawkins DDS,nurse,emergency,1,STF-db5926dd,0
41,STF-23a8d4c5,Margaret Hawkins DDS,nurse,emergency,1,STF-db5926dd,0
42,STF-23a8d4c5,Margaret Hawkins DDS,nurse,emergency,0,STF-db5926dd,0
43,STF-23a8d4c5,Margaret Hawkins DDS,nurse,emergency,1,STF-db5926dd,0
44,STF-23a8d4c5,Margaret Hawkins DDS,nurse,emergency,0,STF-db5926dd,0
45,STF-23a8d4c5,Margaret Hawkins DDS,nurse,emergency,0,STF-db5926dd,0
46,STF-23a8d4c5,Margaret Hawkins DDS,nurse,emergency,0,STF-db5926dd,0
47,STF-23a8d4c5,Margaret Hawkins DDS,nurse,emergency,1,STF-db5926dd,0
48,STF-23a8d4c5,Margaret Hawkins DDS,nurse,emergency,0,STF-db5926dd,0
49,STF-23a8d4c5,Margaret Hawkins DDS,nurse,emergency,1,STF-db5926dd,0
50,STF-23a8d4c5,Margaret Hawkins DDS,nurse,emergency,1,STF-db5926dd,0
51,STF-23a8d4c5,Margaret Hawkins DDS,nurse,emergency,0,STF-db5926dd,0
52,STF-23a8d4c5,Margaret Hawkins DDS,nurse,emergency,1,STF-db5926dd,0
1,STF-2c8eaa98,Patty Perez,nurse,emergency,1,STF-99227609,0
2,STF-2c8eaa98,Patty Perez,nurse,emergency,1,STF-99227609,0
3,STF-2c8eaa98,Patty Perez,nurse,emergency,0,STF-99227609,0
4,STF-2c8eaa98,Patty Perez,nurse,emergency,1,STF-99227609,0
5,STF-2c8eaa98,Patty Perez,nurse,emergency,0,STF-99227609,0
6,STF-2c8eaa98,Patty Perez,nurse,emergency,0,STF-99227609,0
7,STF-2c8eaa98,Patty Perez,nurse,emergency,1,STF-99227609,0
8,STF-2c8eaa98,Patty Perez,nurse,emergency,1,STF-99227609,0
9,STF-2c8eaa98,Patty Perez,nurse,emergency,0,STF-99227609,0
10,STF-2c8eaa98,Patty Perez,nurse,emergency,1,STF-99227609,0
11,STF-2c8eaa98,Patty Perez,nurse,emergency,1,STF-99227609,0
12,STF-2c8eaa98,Patty Perez,nurse,emergency,0,STF-99227609,0
13,STF-2c8eaa98,Patty Perez,nurse,emergency,1,STF-99227609,0
14,STF-2c8eaa98,Patty Perez,nurse,emergency,0,STF-99227609,0
15,STF-2c8eaa98,Patty Perez,nurse,emergency,0,STF-99227609,0
16,STF-2c8eaa98,Patty Perez,nurse,emergency,1,STF-99227609,0
17,STF-2c8eaa98,Patty Perez,nurse,emergency,1,STF-99227609,0
18,STF-2c8eaa98,Patty Perez,nurse,emergency,0,STF-99227609,0
19,STF-2c8eaa98,Patty Perez,nurse,emergency,1,STF-99227609,0
20,STF-2c8eaa98,Patty Perez,nurse,emergency,1,STF-99227609,0
21,STF-2c8eaa98,Patty Perez,nurse,emergency,0,STF-99227609,0
22,STF-2c8eaa98,Patty Perez,nurse,emergency,1,STF-99227609,0
23,STF-2c8eaa98,Patty Perez,nurse,emergency,1,STF-99227609,0
24,STF-2c8eaa98,Patty Perez,nurse,emergency,0,STF-99227609,0
25,STF-2c8eaa98,Patty Perez,nurse,emergency,1,STF-99227609,0
26,STF-2c8eaa98,Patty Perez,nurse,emergency,1,STF-99227609,0
27,STF-2c8eaa98,Patty Perez,nurse,emergency,0,STF-99227609,0
28,STF-2c8eaa98,Patty Perez,nurse,emergency,1,STF-99227609,0
29,STF-2c8eaa98,Patty Perez,nurse,emergency,1,STF-99227609,0
30,STF-2c8eaa98,Patty Perez,nurse,emergency,0,STF-99227609,0
31,STF-2c8eaa98,Patty Perez,nurse,emergency,1,STF-99227609,0
32,STF-2c8eaa98,Patty Perez,nurse,emergency,0,STF-99227609,0
33,STF-2c8eaa98,Patty Perez,nurse,emergency,0,STF-99227609,0
34,STF-2c8eaa98,Patty Perez,nurse,emergency,1,STF-99227609,0
35,STF-2c8eaa98,Patty Perez,nurse,emergency,0,STF-99227609,0
36,STF-2c8eaa98,Patty Perez,nurse,emergency,0,STF-99227609,0
37,STF-2c8eaa98,Patty Perez,nurse,emergency,1,STF-99227609,0
38,STF-2c8eaa98,Patty Perez,nurse,emergency,1,STF-99227609,0
39,STF-2c8eaa98,Patty Perez,nurse,emergency,0,STF-99227609,0
40,STF-2c8eaa98,Patty Perez,nurse,emergency,1,STF-99227609,0
41,STF-2c8eaa98,Patty Perez,nurse,emergency,1,STF-99227609,0
42,STF-2c8eaa98,Patty Perez,nurse,emergency,0,STF-99227609,0
43,STF-2c8eaa98,Patty Perez,nurse,emergency,1,STF-99227609,0
44,STF-2c8eaa98,Patty Perez,nurse,emergency,1,STF-99227609,0
45,STF-2c8eaa98,Patty Perez,nurse,emergency,0,STF-99227609,0
46,STF-2c8eaa98,Patty Perez,nurse,emergency,0,STF-99227609,0
47,STF-2c8eaa98,Patty Perez,nurse,emergency,1,STF-99227609,0
48,STF-2c8eaa98,Patty Perez,nurse,emergency,0,STF-99227609,0
49,STF-2c8eaa98,Patty Perez,nurse,emergency,1,STF-99227609,0
50,STF-2c8eaa98,Patty Perez,nurse,emergency,1,STF-99227609,0
51,STF-2c8eaa98,Patty Perez,nurse,emergency,0,STF-99227609,0
52,STF-2c8eaa98,Patty Perez,nurse,emergency,1,STF-99227609,0
1,STF-da4920fd,Ethan Adams,nurse,emergency,1,STF-fd4df1f4,0
2,STF-da4920fd,Ethan Adams,nurse,emergency,1,STF-fd4df1f4,0
3,STF-da4920fd,Ethan Adams,nurse,emergency,0,STF-fd4df1f4,0
4,STF-da4920fd,Ethan Adams,nurse,emergency,1,STF-fd4df1f4,0
5,STF-da4920fd,Ethan Adams,nurse,emergency,1,STF-fd4df1f4,0
6,STF-da4920fd,Ethan Adams,nurse,emergency,0,STF-fd4df1f4,0
7,STF-da4920fd,Ethan Adams,nurse,emergency,1,STF-fd4df1f4,0
8,STF-da4920fd,Ethan Adams,nurse,emergency,1,STF-fd4df1f4,0
9,STF-da4920fd,Ethan Adams,nurse,emergency,0,STF-fd4df1f4,0
10,STF-da4920fd,Ethan Adams,nurse,emergency,1,STF-fd4df1f4,0
11,STF-da4920fd,Ethan Adams,nurse,emergency,1,STF-fd4df1f4,0
12,STF-da4920fd,Ethan Adams,nurse,emergency,0,STF-fd4df1f4,0
13,STF-da4920fd,Ethan Adams,nurse,emergency,1,STF-fd4df1f4,0
14,STF-da4920fd,Ethan Adams,nurse,emergency,0,STF-fd4df1f4,0
15,STF-da4920fd,Ethan Adams,nurse,emergency,0,STF-fd4df1f4,0
16,STF-da4920fd,Ethan Adams,nurse,emergency,1,STF-fd4df1f4,0
17,STF-da4920fd,Ethan Adams,nurse,emergency,1,STF-fd4df1f4,0
18,STF-da4920fd,Ethan Adams,nurse,emergency,0,STF-fd4df1f4,0
19,STF-da4920fd,Ethan Adams,nurse,emergency,1,STF-fd4df1f4,0
20,STF-da4920fd,Ethan Adams,nurse,emergency,1,STF-fd4df1f4,0
21,STF-da4920fd,Ethan Adams,nurse,emergency,0,STF-fd4df1f4,0
22,STF-da4920fd,Ethan Adams,nurse,emergency,1,STF-fd4df1f4,0
23,STF-da4920fd,Ethan Adams,nurse,emergency,1,STF-fd4df1f4,0
24,STF-da4920fd,Ethan Adams,nurse,emergency,0,STF-fd4df1f4,0
25,STF-da4920fd,Ethan Adams,nurse,emergency,1,STF-fd4df1f4,0
26,STF-da4920fd,Ethan Adams,nurse,emergency,1,STF-fd4df1f4,0
27,STF-da4920fd,Ethan Adams,nurse,emergency,0,STF-fd4df1f4,0
28,STF-da4920fd,Ethan Adams,nurse,emergency,1,STF-fd4df1f4,0
29,STF-da4920fd,Ethan Adams,nurse,emergency,1,STF-fd4df1f4,0
30,STF-da4920fd,Ethan Adams,nurse,emergency,0,STF-fd4df1f4,0
31,STF-da4920fd,Ethan Adams,nurse,emergency,1,STF-fd4df1f4,0
32,STF-da4920fd,Ethan Adams,nurse,emergency,1,STF-fd4df1f4,0
33,STF-da4920fd,Ethan Adams,nurse,emergency,0,STF-fd4df1f4,0
34,STF-da4920fd,Ethan Adams,nurse,emergency,1,STF-fd4df1f4,0
35,STF-da4920fd,Ethan Adams,nurse,emergency,1,STF-fd4df1f4,0
36,STF-da4920fd,Ethan Adams,nurse,emergency,0,STF-fd4df1f4,0
37,STF-da4920fd,Ethan Adams,nurse,emergency,1,STF-fd4df1f4,0
38,STF-da4920fd,Ethan Adams,nurse,emergency,1,STF-fd4df1f4,0
39,STF-da4920fd,Ethan Adams,nurse,emergency,0,STF-fd4df1f4,0
40,STF-da4920fd,Ethan Adams,nurse,emergency,0,STF-fd4df1f4,0
41,STF-da4920fd,Ethan Adams,nurse,emergency,1,STF-fd4df1f4,0
42,STF-da4920fd,Ethan Adams,nurse,emergency,0,STF-fd4df1f4,0
43,STF-da4920fd,Ethan Adams,nurse,emergency,0,STF-fd4df1f4,0
44,STF-da4920fd,Ethan Adams,nurse,emergency,1,STF-fd4df1f4,0
45,STF-da4920fd,Ethan Adams,nurse,emergency,0,STF-fd4df1f4,0
46,STF-da4920fd,Ethan Adams,nurse,emergency,1,STF-fd4df1f4,0
47,STF-da4920fd,Ethan Adams,nurse,emergency,1,STF-fd4df1f4,0
48,STF-da4920fd,Ethan Adams,nurse,emergency,0,STF-fd4df1f4,0
49,STF-da4920fd,Ethan Adams,nurse,emergency,1,STF-fd4df1f4,0
50,STF-da4920fd,Ethan Adams,nurse,emergency,1,STF-fd4df1f4,0
51,STF-da4920fd,Ethan Adams,nurse,emergency,0,STF-fd4df1f4,0
52,STF-da4920fd,Ethan Adams,nurse,emergency,0,STF-fd4df1f4,0
1,STF-95cd7529,Tommy Walter,nurse,emergency,1,STF-317a74b9,0
2,STF-95cd7529,Tommy Walter,nurse,emergency,1,STF-317a74b9,0
3,STF-95cd7529,Tommy Walter,nurse,emergency,0,STF-317a74b9,0
4,STF-95cd7529,Tommy Walter,nurse,emergency,1,STF-317a74b9,0
5,STF-95cd7529,Tommy Walter,nurse,emergency,1,STF-317a74b9,0
6,STF-95cd7529,Tommy Walter,nurse,emergency,0,STF-317a74b9,0
7,STF-95cd7529,Tommy Walter,nurse,emergency,1,STF-317a74b9,0
8,STF-95cd7529,Tommy Walter,nurse,emergency,1,STF-317a74b9,0
9,STF-95cd7529,Tommy Walter,nurse,emergency,0,STF-317a74b9,0
10,STF-95cd7529,Tommy Walter,nurse,emergency,1,STF-317a74b9,0
11,STF-95cd7529,Tommy Walter,nurse,emergency,0,STF-317a74b9,0
12,STF-95cd7529,Tommy Walter,nurse,emergency,0,STF-317a74b9,0
13,STF-95cd7529,Tommy Walter,nurse,emergency,1,STF-317a74b9,0
14,STF-95cd7529,Tommy Walter,nurse,emergency,1,STF-317a74b9,0
15,STF-95cd7529,Tommy Walter,nurse,emergency,0,STF-317a74b9,0
16,STF-95cd7529,Tommy Walter,nurse,emergency,1,STF-317a74b9,0
17,STF-95cd7529,Tommy Walter,nurse,emergency,1,STF-317a74b9,0
18,STF-95cd7529,Tommy Walter,nurse,emergency,0,STF-317a74b9,0
19,STF-95cd7529,Tommy Walter,nurse,emergency,1,STF-317a74b9,0
20,STF-95cd7529,Tommy Walter,nurse,emergency,1,STF-317a74b9,0
21,STF-95cd7529,Tommy Walter,nurse,emergency,0,STF-317a74b9,0
22,STF-95cd7529,Tommy Walter,nurse,emergency,1,STF-317a74b9,0
23,STF-95cd7529,Tommy Walter,nurse,emergency,1,STF-317a74b9,0
24,STF-95cd7529,Tommy Walter,nurse,emergency,0,STF-317a74b9,0
25,STF-95cd7529,Tommy Walter,nurse,emergency,1,STF-317a74b9,0
26,STF-95cd7529,Tommy Walter,nurse,emergency,1,STF-317a74b9,0
27,STF-95cd7529,Tommy Walter,nurse,emergency,0,STF-317a74b9,0
28,STF-95cd7529,Tommy Walter,nurse,emergency,1,STF-317a74b9,0
29,STF-95cd7529,Tommy Walter,nurse,emergency,1,STF-317a74b9,0
30,STF-95cd7529,Tommy Walter,nurse,emergency,0,STF-317a74b9,0
31,STF-95cd7529,Tommy Walter,nurse,emergency,0,STF-317a74b9,0
32,STF-95cd7529,Tommy Walter,nurse,emergency,1,STF-317a74b9,0
33,STF-95cd7529,Tommy Walter,nurse,emergency,0,STF-317a74b9,0
34,STF-95cd7529,Tommy Walter,nurse,emergency,1,STF-317a74b9,0
35,STF-95cd7529,Tommy Walter,nurse,emergency,1,STF-317a74b9,0
36,STF-95cd7529,Tommy Walter,nurse,emergency,0,STF-317a74b9,0
37,STF-95cd7529,Tommy Walter,nurse,emergency,1,STF-317a74b9,0
38,STF-95cd7529,Tommy Walter,nurse,emergency,1,STF-317a74b9,0
39,STF-95cd7529,Tommy Walter,nurse,emergency,0,STF-317a74b9,0
40,STF-95cd7529,Tommy Walter,nurse,emergency,1,STF-317a74b9,0
41,STF-95cd7529,Tommy Walter,nurse,emergency,1,STF-317a74b9,0
42,STF-95cd7529,Tommy Walter,nurse,emergency,0,STF-317a74b9,0
43,STF-95cd7529,Tommy Walter,nurse,emergency,1,STF-317a74b9,0
44,STF-95cd7529,Tommy Walter,nurse,emergency,1,STF-317a74b9,0
45,STF-95cd7529,Tommy Walter,nurse,emergency,0,STF-317a74b9,0
46,STF-95cd7529,Tommy Walter,nurse,emergency,1,STF-317a74b9,0
47,STF-95cd7529,Tommy Walter,nurse,emergency,1,STF-317a74b9,0
48,STF-95cd7529,Tommy Walter,nurse,emergency,0,STF-317a74b9,0
49,STF-95cd7529,Tommy Walter,nurse,emergency,1,STF-317a74b9,0
50,STF-95cd7529,Tommy Walter,nurse,emergency,1,STF-317a74b9,0
51,STF-95cd7529,Tommy Walter,nurse,emergency,0,STF-317a74b9,0
52,STF-95cd7529,Tommy Walter,nurse,emergency,1,STF-317a74b9,0
1,STF-064febb6,Matthew Foster,nurse,emergency,1,STF-1ad309f8,0
2,STF-064febb6,Matthew Foster,nurse,emergency,1,STF-1ad309f8,0
3,STF-064febb6,Matthew Foster,nurse,emergency,0,STF-1ad309f8,0
4,STF-064febb6,Matthew Foster,nurse,emergency,1,STF-1ad309f8,0
5,STF-064febb6,Matthew Foster,nurse,emergency,1,STF-1ad309f8,0
6,STF-064febb6,Matthew Foster,nurse,emergency,0,STF-1ad309f8,0
7,STF-064febb6,Matthew Foster,nurse,emergency,1,STF-1ad309f8,0
8,STF-064febb6,Matthew Foster,nurse,emergency,1,STF-1ad309f8,0
9,STF-064febb6,Matthew Foster,nurse,emergency,0,STF-1ad309f8,0
10,STF-064febb6,Matthew Foster,nurse,emergency,1,STF-1ad309f8,0
11,STF-064febb6,Matthew Foster,nurse,emergency,1,STF-1ad309f8,0
12,STF-064febb6,Matthew Foster,nurse,emergency,0,STF-1ad309f8,0
13,STF-064febb6,Matthew Foster,nurse,emergency,1,STF-1ad309f8,0
14,STF-064febb6,Matthew Foster,nurse,emergency,0,STF-1ad309f8,0
15,STF-064febb6,Matthew Foster,nurse,emergency,0,STF-1ad309f8,0
16,STF-064febb6,Matthew Foster,nurse,emergency,1,STF-1ad309f8,0
17,STF-064febb6,Matthew Foster,nurse,emergency,1,STF-1ad309f8,0
18,STF-064febb6,Matthew Foster,nurse,emergency,0,STF-1ad309f8,0
19,STF-064febb6,Matthew Foster,nurse,emergency,1,STF-1ad309f8,0
20,STF-064febb6,Matthew Foster,nurse,emergency,1,STF-1ad309f8,0
21,STF-064febb6,Matthew Foster,nurse,emergency,0,STF-1ad309f8,0
22,STF-064febb6,Matthew Foster,nurse,emergency,1,STF-1ad309f8,0
23,STF-064febb6,Matthew Foster,nurse,emergency,1,STF-1ad309f8,0
24,STF-064febb6,Matthew Foster,nurse,emergency,0,STF-1ad309f8,0
25,STF-064febb6,Matthew Foster,nurse,emergency,1,STF-1ad309f8,0
26,STF-064febb6,Matthew Foster,nurse,emergency,1,STF-1ad309f8,0
27,STF-064febb6,Matthew Foster,nurse,emergency,0,STF-1ad309f8,0
28,STF-064febb6,Matthew Foster,nurse,emergency,1,STF-1ad309f8,0
29,STF-064febb6,Matthew Foster,nurse,emergency,0,STF-1ad309f8,0
30,STF-064febb6,Matthew Foster,nurse,emergency,0,STF-1ad309f8,0
31,STF-064febb6,Matthew Foster,nurse,emergency,1,STF-1ad309f8,0
32,STF-064febb6,Matthew Foster,nurse,emergency,1,STF-1ad309f8,0
33,STF-064febb6,Matthew Foster,nurse,emergency,0,STF-1ad309f8,0
34,STF-064febb6,Matthew Foster,nurse,emergency,1,STF-1ad309f8,0
35,STF-064febb6,Matthew Foster,nurse,emergency,0,STF-1ad309f8,0
36,STF-064febb6,Matthew Foster,nurse,emergency,0,STF-1ad309f8,0
37,STF-064febb6,Matthew Foster,nurse,emergency,1,STF-1ad309f8,0
38,STF-064febb6,Matthew Foster,nurse,emergency,1,STF-1ad309f8,0
39,STF-064febb6,Matthew Foster,nurse,emergency,0,STF-1ad309f8,0
40,STF-064febb6,Matthew Foster,nurse,emergency,1,STF-1ad309f8,0
41,STF-064febb6,Matthew Foster,nurse,emergency,1,STF-1ad309f8,0
42,STF-064febb6,Matthew Foster,nurse,emergency,0,STF-1ad309f8,0
43,STF-064febb6,Matthew Foster,nurse,emergency,0,STF-1ad309f8,0
44,STF-064febb6,Matthew Foster,nurse,emergency,1,STF-1ad309f8,0
45,STF-064febb6,Matthew Foster,nurse,emergency,0,STF-1ad309f8,0
46,STF-064febb6,Matthew Foster,nurse,emergency,1,STF-1ad309f8,0
47,STF-064febb6,Matthew Foster,nurse,emergency,1,STF-1ad309f8,0
48,STF-064febb6,Matthew Foster,nurse,emergency,0,STF-1ad309f8,0
49,STF-064febb6,Matthew Foster,nurse,emergency,1,STF-1ad309f8,0
50,STF-064febb6,Matthew Foster,nurse,emergency,1,STF-1ad309f8,0
51,STF-064febb6,Matthew Foster,nurse,emergency,0,STF-1ad309f8,0
52,STF-064febb6,Matthew Foster,nurse,emergency,0,STF-1ad309f8,0
1,STF-8a4df0f8,Judy Baker,nurse,emergency,1,STF-4ed3b149,0
2,STF-8a4df0f8,Judy Baker,nurse,emergency,1,STF-4ed3b149,0
3,STF-8a4df0f8,Judy Baker,nurse,emergency,0,STF-4ed3b149,0
4,STF-8a4df0f8,Judy Baker,nurse,emergency,0,STF-4ed3b149,0
5,STF-8a4df0f8,Judy Baker,nurse,emergency,1,STF-4ed3b149,0
6,STF-8a4df0f8,Judy Baker,nurse,emergency,0,STF-4ed3b149,0
7,STF-8a4df0f8,Judy Baker,nurse,emergency,1,STF-4ed3b149,0
8,STF-8a4df0f8,Judy Baker,nurse,emergency,1,STF-4ed3b149,0
9,STF-8a4df0f8,Judy Baker,nurse,emergency,0,STF-4ed3b149,0
10,STF-8a4df0f8,Judy Baker,nurse,emergency,1,STF-4ed3b149,0
11,STF-8a4df0f8,Judy Baker,nurse,emergency,1,STF-4ed3b149,0
12,STF-8a4df0f8,Judy Baker,nurse,emergency,0,STF-4ed3b149,0
13,STF-8a4df0f8,Judy Baker,nurse,emergency,1,STF-4ed3b149,0
14,STF-8a4df0f8,Judy Baker,nurse,emergency,1,STF-4ed3b149,0
15,STF-8a4df0f8,Judy Baker,nurse,emergency,0,STF-4ed3b149,0
16,STF-8a4df0f8,Judy Baker,nurse,emergency,1,STF-4ed3b149,0
17,STF-8a4df0f8,Judy Baker,nurse,emergency,1,STF-4ed3b149,0
18,STF-8a4df0f8,Judy Baker,nurse,emergency,0,STF-4ed3b149,0
19,STF-8a4df0f8,Judy Baker,nurse,emergency,0,STF-4ed3b149,0
20,STF-8a4df0f8,Judy Baker,nurse,emergency,1,STF-4ed3b149,0
21,STF-8a4df0f8,Judy Baker,nurse,emergency,0,STF-4ed3b149,0
22,STF-8a4df0f8,Judy Baker,nurse,emergency,1,STF-4ed3b149,0
23,STF-8a4df0f8,Judy Baker,nurse,emergency,1,STF-4ed3b149,0
24,STF-8a4df0f8,Judy Baker,nurse,emergency,0,STF-4ed3b149,0
25,STF-8a4df0f8,Judy Baker,nurse,emergency,1,STF-4ed3b149,0
26,STF-8a4df0f8,Judy Baker,nurse,emergency,1,STF-4ed3b149,0
27,STF-8a4df0f8,Judy Baker,nurse,emergency,0,STF-4ed3b149,0
28,STF-8a4df0f8,Judy Baker,nurse,emergency,1,STF-4ed3b149,0
29,STF-8a4df0f8,Judy Baker,nurse,emergency,1,STF-4ed3b149,0
30,STF-8a4df0f8,Judy Baker,nurse,emergency,0,STF-4ed3b149,0
31,STF-8a4df0f8,Judy Baker,nurse,emergency,0,STF-4ed3b149,0
32,STF-8a4df0f8,Judy Baker,nurse,emergency,1,STF-4ed3b149,0
33,STF-8a4df0f8,Judy Baker,nurse,emergency,0,STF-4ed3b149,0
34,STF-8a4df0f8,Judy Baker,nurse,emergency,0,STF-4ed3b149,0
35,STF-8a4df0f8,Judy Baker,nurse,emergency,1,STF-4ed3b149,0
36,STF-8a4df0f8,Judy Baker,nurse,emergency,0,STF-4ed3b149,0
37,STF-8a4df0f8,Judy Baker,nurse,emergency,1,STF-4ed3b149,0
38,STF-8a4df0f8,Judy Baker,nurse,emergency,1,STF-4ed3b149,0
39,STF-8a4df0f8,Judy Baker,nurse,emergency,0,STF-4ed3b149,0
40,STF-8a4df0f8,Judy Baker,nurse,emergency,1,STF-4ed3b149,0
41,STF-8a4df0f8,Judy Baker,nurse,emergency,1,STF-4ed3b149,0
42,STF-8a4df0f8,Judy Baker,nurse,emergency,0,STF-4ed3b149,0
43,STF-8a4df0f8,Judy Baker,nurse,emergency,1,STF-4ed3b149,0
44,STF-8a4df0f8,Judy Baker,nurse,emergency,1,STF-4ed3b149,0
45,STF-8a4df0f8,Judy Baker,nurse,emergency,0,STF-4ed3b149,0
46,STF-8a4df0f8,Judy Baker,nurse,emergency,1,STF-4ed3b149,0
47,STF-8a4df0f8,Judy Baker,nurse,emergency,1,STF-4ed3b149,0
48,STF-8a4df0f8,Judy Baker,nurse,emergency,0,STF-4ed3b149,0
49,STF-8a4df0f8,Judy Baker,nurse,emergency,1,STF-4ed3b149,0
50,STF-8a4df0f8,Judy Baker,nurse,emergency,1,STF-4ed3b149,0
51,STF-8a4df0f8,Judy Baker,nurse,emergency,0,STF-4ed3b149,0
52,STF-8a4df0f8,Judy Baker,nurse,emergency,1,STF-4ed3b149,0
1,STF-550b832f,Justin Baker,nurse,emergency,0,STF-a8e146c6,0
2,STF-550b832f,Justin Baker,nurse,emergency,1,STF-a8e146c6,0
3,STF-550b832f,Justin Baker,nurse,emergency,0,STF-a8e146c6,0
4,STF-550b832f,Justin Baker,nurse,emergency,1,STF-a8e146c6,0
5,STF-550b832f,Justin Baker,nurse,emergency,1,STF-a8e146c6,0
6,STF-550b832f,Justin Baker,nurse,emergency,0,STF-a8e146c6,0
7,STF-550b832f,Justin Baker,nurse,emergency,1,STF-a8e146c6,0
8,STF-550b832f,Justin Baker,nurse,emergency,1,STF-a8e146c6,0
9,STF-550b832f,Justin Baker,nurse,emergency,0,STF-a8e146c6,0
10,STF-550b832f,Justin Baker,nurse,emergency,1,STF-a8e146c6,0
11,STF-550b832f,Justin Baker,nurse,emergency,0,STF-a8e146c6,0
12,STF-550b832f,Justin Baker,nurse,emergency,0,STF-a8e146c6,0
13,STF-550b832f,Justin Baker,nurse,emergency,1,STF-a8e146c6,0
14,STF-550b832f,Justin Baker,nurse,emergency,1,STF-a8e146c6,0
15,STF-550b832f,Justin Baker,nurse,emergency,0,STF-a8e146c6,0
16,STF-550b832f,Justin Baker,nurse,emergency,1,STF-a8e146c6,0
17,STF-550b832f,Justin Baker,nurse,emergency,1,STF-a8e146c6,0
18,STF-550b832f,Justin Baker,nurse,emergency,0,STF-a8e146c6,0
19,STF-550b832f,Justin Baker,nurse,emergency,1,STF-a8e146c6,0
20,STF-550b832f,Justin Baker,nurse,emergency,1,STF-a8e146c6,0
21,STF-550b832f,Justin Baker,nurse,emergency,0,STF-a8e146c6,0
22,STF-550b832f,Justin Baker,nurse,emergency,1,STF-a8e146c6,0
23,STF-550b832f,Justin Baker,nurse,emergency,1,STF-a8e146c6,0
24,STF-550b832f,Justin Baker,nurse,emergency,0,STF-a8e146c6,0
25,STF-550b832f,Justin Baker,nurse,emergency,1,STF-a8e146c6,0
26,STF-550b832f,Justin Baker,nurse,emergency,1,STF-a8e146c6,0
27,STF-550b832f,Justin Baker,nurse,emergency,0,STF-a8e146c6,0
28,STF-550b832f,Justin Baker,nurse,emergency,1,STF-a8e146c6,0
29,STF-550b832f,Justin Baker,nurse,emergency,0,STF-a8e146c6,0
30,STF-550b832f,Justin Baker,nurse,emergency,0,STF-a8e146c6,0
31,STF-550b832f,Justin Baker,nurse,emergency,1,STF-a8e146c6,0
32,STF-550b832f,Justin Baker,nurse,emergency,1,STF-a8e146c6,0
33,STF-550b832f,Justin Baker,nurse,emergency,0,STF-a8e146c6,0
34,STF-550b832f,Justin Baker,nurse,emergency,1,STF-a8e146c6,0
35,STF-550b832f,Justin Baker,nurse,emergency,1,STF-a8e146c6,0
36,STF-550b832f,Justin Baker,nurse,emergency,0,STF-a8e146c6,0
37,STF-550b832f,Justin Baker,nurse,emergency,1,STF-a8e146c6,0
38,STF-550b832f,Justin Baker,nurse,emergency,1,STF-a8e146c6,0
39,STF-550b832f,Justin Baker,nurse,emergency,0,STF-a8e146c6,0
40,STF-550b832f,Justin Baker,nurse,emergency,1,STF-a8e146c6,0
41,STF-550b832f,Justin Baker,nurse,emergency,1,STF-a8e146c6,0
42,STF-550b832f,Justin Baker,nurse,emergency,0,STF-a8e146c6,0
43,STF-550b832f,Justin Baker,nurse,emergency,1,STF-a8e146c6,0
44,STF-550b832f,Justin Baker,nurse,emergency,1,STF-a8e146c6,0
45,STF-550b832f,Justin Baker,nurse,emergency,0,STF-a8e146c6,0
46,STF-550b832f,Justin Baker,nurse,emergency,0,STF-a8e146c6,0
47,STF-550b832f,Justin Baker,nurse,emergency,1,STF-a8e146c6,0
48,STF-550b832f,Justin Baker,nurse,emergency,0,STF-a8e146c6,0
49,STF-550b832f,Justin Baker,nurse,emergency,1,STF-a8e146c6,0
50,STF-550b832f,Justin Baker,nurse,emergency,1,STF-a8e146c6,0
51,STF-550b832f,Justin Baker,nurse,emergency,0,STF-a8e146c6,0
52,STF-550b832f,Justin Baker,nurse,emergency,1,STF-a8e146c6,0
1,STF-b13eeb99,Stephanie Ross,nurse,emergency,1,STF-b9e859d8,0
2,STF-b13eeb99,Stephanie Ross,nurse,emergency,1,STF-b9e859d8,0
3,STF-b13eeb99,Stephanie Ross,nurse,emergency,0,STF-b9e859d8,0
4,STF-b13eeb99,Stephanie Ross,nurse,emergency,1,STF-b9e859d8,0
5,STF-b13eeb99,Stephanie Ross,nurse,emergency,1,STF-b9e859d8,0
6,STF-b13eeb99,Stephanie Ross,nurse,emergency,0,STF-b9e859d8,0
7,STF-b13eeb99,Stephanie Ross,nurse,emergency,1,STF-b9e859d8,0
8,STF-b13eeb99,Stephanie Ross,nurse,emergency,1,STF-b9e859d8,0
9,STF-b13eeb99,Stephanie Ross,nurse,emergency,0,STF-b9e859d8,0
10,STF-b13eeb99,Stephanie Ross,nurse,emergency,1,STF-b9e859d8,0
11,STF-b13eeb99,Stephanie Ross,nurse,emergency,1,STF-b9e859d8,0
12,STF-b13eeb99,Stephanie Ross,nurse,emergency,0,STF-b9e859d8,0
13,STF-b13eeb99,Stephanie Ross,nurse,emergency,1,STF-b9e859d8,0
14,STF-b13eeb99,Stephanie Ross,nurse,emergency,0,STF-b9e859d8,0
15,STF-b13eeb99,Stephanie Ross,nurse,emergency,0,STF-b9e859d8,0
16,STF-b13eeb99,Stephanie Ross,nurse,emergency,1,STF-b9e859d8,0
17,STF-b13eeb99,Stephanie Ross,nurse,emergency,1,STF-b9e859d8,0
18,STF-b13eeb99,Stephanie Ross,nurse,emergency,0,STF-b9e859d8,0
19,STF-b13eeb99,Stephanie Ross,nurse,emergency,1,STF-b9e859d8,0
20,STF-b13eeb99,Stephanie Ross,nurse,emergency,1,STF-b9e859d8,0
21,STF-b13eeb99,Stephanie Ross,nurse,emergency,0,STF-b9e859d8,0
22,STF-b13eeb99,Stephanie Ross,nurse,emergency,1,STF-b9e859d8,0
23,STF-b13eeb99,Stephanie Ross,nurse,emergency,1,STF-b9e859d8,0
24,STF-b13eeb99,Stephanie Ross,nurse,emergency,0,STF-b9e859d8,0
25,STF-b13eeb99,Stephanie Ross,nurse,emergency,1,STF-b9e859d8,0
26,STF-b13eeb99,Stephanie Ross,nurse,emergency,1,STF-b9e859d8,0
27,STF-b13eeb99,Stephanie Ross,nurse,emergency,0,STF-b9e859d8,0
28,STF-b13eeb99,Stephanie Ross,nurse,emergency,1,STF-b9e859d8,0
29,STF-b13eeb99,Stephanie Ross,nurse,emergency,1,STF-b9e859d8,0
30,STF-b13eeb99,Stephanie Ross,nurse,emergency,0,STF-b9e859d8,0
31,STF-b13eeb99,Stephanie Ross,nurse,emergency,1,STF-b9e859d8,0
32,STF-b13eeb99,Stephanie Ross,nurse,emergency,1,STF-b9e859d8,0
33,STF-b13eeb99,Stephanie Ross,nurse,emergency,0,STF-b9e859d8,0
34,STF-b13eeb99,Stephanie Ross,nurse,emergency,1,STF-b9e859d8,0
35,STF-b13eeb99,Stephanie Ross,nurse,emergency,1,STF-b9e859d8,0
36,STF-b13eeb99,Stephanie Ross,nurse,emergency,0,STF-b9e859d8,0
37,STF-b13eeb99,Stephanie Ross,nurse,emergency,1,STF-b9e859d8,0
38,STF-b13eeb99,Stephanie Ross,nurse,emergency,1,STF-b9e859d8,0
39,STF-b13eeb99,Stephanie Ross,nurse,emergency,0,STF-b9e859d8,0
40,STF-b13eeb99,Stephanie Ross,nurse,emergency,1,STF-b9e859d8,0
41,STF-b13eeb99,Stephanie Ross,nurse,emergency,1,STF-b9e859d8,0
42,STF-b13eeb99,Stephanie Ross,nurse,emergency,0,STF-b9e859d8,0
43,STF-b13eeb99,Stephanie Ross,nurse,emergency,1,STF-b9e859d8,0
44,STF-b13eeb99,Stephanie Ross,nurse,emergency,1,STF-b9e859d8,0
45,STF-b13eeb99,Stephanie Ross,nurse,emergency,0,STF-b9e859d8,0
46,STF-b13eeb99,Stephanie Ross,nurse,emergency,1,STF-b9e859d8,0
47,STF-b13eeb99,Stephanie Ross,nurse,emergency,1,STF-b9e859d8,0
48,STF-b13eeb99,Stephanie Ross,nurse,emergency,0,STF-b9e859d8,0
49,STF-b13eeb99,Stephanie Ross,nurse,emergency,1,STF-b9e859d8,0
50,STF-b13eeb99,Stephanie Ross,nurse,emergency,1,STF-b9e859d8,0
51,STF-b13eeb99,Stephanie Ross,nurse,emergency,0,STF-b9e859d8,0
52,STF-b13eeb99,Stephanie Ross,nurse,emergency,1,STF-b9e859d8,0
1,STF-d1d59a8b,Zachary Hicks,nurse,emergency,1,STF-bc4c419e,0
2,STF-d1d59a8b,Zachary Hicks,nurse,emergency,1,STF-bc4c419e,0
3,STF-d1d59a8b,Zachary Hicks,nurse,emergency,0,STF-bc4c419e,0
4,STF-d1d59a8b,Zachary Hicks,nurse,emergency,1,STF-bc4c419e,0
5,STF-d1d59a8b,Zachary Hicks,nurse,emergency,1,STF-bc4c419e,0
6,STF-d1d59a8b,Zachary Hicks,nurse,emergency,0,STF-bc4c419e,0
7,STF-d1d59a8b,Zachary Hicks,nurse,emergency,1,STF-bc4c419e,0
8,STF-d1d59a8b,Zachary Hicks,nurse,emergency,1,STF-bc4c419e,0
9,STF-d1d59a8b,Zachary Hicks,nurse,emergency,0,STF-bc4c419e,0
10,STF-d1d59a8b,Zachary Hicks,nurse,emergency,1,STF-bc4c419e,0
11,STF-d1d59a8b,Zachary Hicks,nurse,emergency,1,STF-bc4c419e,0
12,STF-d1d59a8b,Zachary Hicks,nurse,emergency,0,STF-bc4c419e,0
13,STF-d1d59a8b,Zachary Hicks,nurse,emergency,1,STF-bc4c419e,0
14,STF-d1d59a8b,Zachary Hicks,nurse,emergency,1,STF-bc4c419e,0
15,STF-d1d59a8b,Zachary Hicks,nurse,emergency,0,STF-bc4c419e,0
16,STF-d1d59a8b,Zachary Hicks,nurse,emergency,1,STF-bc4c419e,0
17,STF-d1d59a8b,Zachary Hicks,nurse,emergency,1,STF-bc4c419e,0
18,STF-d1d59a8b,Zachary Hicks,nurse,emergency,0,STF-bc4c419e,0
19,STF-d1d59a8b,Zachary Hicks,nurse,emergency,0,STF-bc4c419e,0
20,STF-d1d59a8b,Zachary Hicks,nurse,emergency,1,STF-bc4c419e,0
21,STF-d1d59a8b,Zachary Hicks,nurse,emergency,0,STF-bc4c419e,0
22,STF-d1d59a8b,Zachary Hicks,nurse,emergency,1,STF-bc4c419e,0
23,STF-d1d59a8b,Zachary Hicks,nurse,emergency,1,STF-bc4c419e,0
24,STF-d1d59a8b,Zachary Hicks,nurse,emergency,0,STF-bc4c419e,0
25,STF-d1d59a8b,Zachary Hicks,nurse,emergency,1,STF-bc4c419e,0
26,STF-d1d59a8b,Zachary Hicks,nurse,emergency,1,STF-bc4c419e,0
27,STF-d1d59a8b,Zachary Hicks,nurse,emergency,0,STF-bc4c419e,0
28,STF-d1d59a8b,Zachary Hicks,nurse,emergency,1,STF-bc4c419e,0
29,STF-d1d59a8b,Zachary Hicks,nurse,emergency,1,STF-bc4c419e,0
30,STF-d1d59a8b,Zachary Hicks,nurse,emergency,0,STF-bc4c419e,0
31,STF-d1d59a8b,Zachary Hicks,nurse,emergency,1,STF-bc4c419e,0
32,STF-d1d59a8b,Zachary Hicks,nurse,emergency,1,STF-bc4c419e,0
33,STF-d1d59a8b,Zachary Hicks,nurse,emergency,0,STF-bc4c419e,0
34,STF-d1d59a8b,Zachary Hicks,nurse,emergency,1,STF-bc4c419e,0
35,STF-d1d59a8b,Zachary Hicks,nurse,emergency,0,STF-bc4c419e,0
36,STF-d1d59a8b,Zachary Hicks,nurse,emergency,0,STF-bc4c419e,0
37,STF-d1d59a8b,Zachary Hicks,nurse,emergency,1,STF-bc4c419e,0
38,STF-d1d59a8b,Zachary Hicks,nurse,emergency,1,STF-bc4c419e,0
39,STF-d1d59a8b,Zachary Hicks,nurse,emergency,0,STF-bc4c419e,0
40,STF-d1d59a8b,Zachary Hicks,nurse,emergency,1,STF-bc4c419e,0
41,STF-d1d59a8b,Zachary Hicks,nurse,emergency,1,STF-bc4c419e,0
42,STF-d1d59a8b,Zachary Hicks,nurse,emergency,0,STF-bc4c419e,0
43,STF-d1d59a8b,Zachary Hicks,nurse,emergency,1,STF-bc4c419e,0
44,STF-d1d59a8b,Zachary Hicks,nurse,emergency,1,STF-bc4c419e,0
45,STF-d1d59a8b,Zachary Hicks,nurse,emergency,0,STF-bc4c419e,0
46,STF-d1d59a8b,Zachary Hicks,nurse,emergency,1,STF-bc4c419e,0
47,STF-d1d59a8b,Zachary Hicks,nurse,emergency,1,STF-bc4c419e,0
48,STF-d1d59a8b,Zachary Hicks,nurse,emergency,0,STF-bc4c419e,0
49,STF-d1d59a8b,Zachary Hicks,nurse,emergency,1,STF-bc4c419e,0
50,STF-d1d59a8b,Zachary Hicks,nurse,emergency,1,STF-bc4c419e,0
51,STF-d1d59a8b,Zachary Hicks,nurse,emergency,0,STF-bc4c419e,0
52,STF-d1d59a8b,Zachary Hicks,nurse,emergency,1,STF-bc4c419e,0
1,STF-103c818c,Anthony Rodriguez,nurse,emergency,1,STF-15c07995,0
2,STF-103c818c,Anthony Rodriguez,nurse,emergency,0,STF-15c07995,0
3,STF-103c818c,Anthony Rodriguez,nurse,emergency,0,STF-15c07995,0
4,STF-103c818c,Anthony Rodriguez,nurse,emergency,1,STF-15c07995,0
5,STF-103c818c,Anthony Rodriguez,nurse,emergency,1,STF-15c07995,0
6,STF-103c818c,Anthony Rodriguez,nurse,emergency,0,STF-15c07995,0
7,STF-103c818c,Anthony Rodriguez,nurse,emergency,1,STF-15c07995,0
8,STF-103c818c,Anthony Rodriguez,nurse,emergency,1,STF-15c07995,0
9,STF-103c818c,Anthony Rodriguez,nurse,emergency,0,STF-15c07995,0
10,STF-103c818c,Anthony Rodriguez,nurse,emergency,1,STF-15c07995,0
11,STF-103c818c,Anthony Rodriguez,nurse,emergency,1,STF-15c07995,0
12,STF-103c818c,Anthony Rodriguez,nurse,emergency,0,STF-15c07995,0
13,STF-103c818c,Anthony Rodriguez,nurse,emergency,1,STF-15c07995,0
14,STF-103c818c,Anthony Rodriguez,nurse,emergency,1,STF-15c07995,0
15,STF-103c818c,Anthony Rodriguez,nurse,emergency,0,STF-15c07995,0
16,STF-103c818c,Anthony Rodriguez,nurse,emergency,1,STF-15c07995,0
17,STF-103c818c,Anthony Rodriguez,nurse,emergency,1,STF-15c07995,0
18,STF-103c818c,Anthony Rodriguez,nurse,emergency,0,STF-15c07995,0
19,STF-103c818c,Anthony Rodriguez,nurse,emergency,1,STF-15c07995,0
20,STF-103c818c,Anthony Rodriguez,nurse,emergency,1,STF-15c07995,0
21,STF-103c818c,Anthony Rodriguez,nurse,emergency,0,STF-15c07995,0
22,STF-103c818c,Anthony Rodriguez,nurse,emergency,1,STF-15c07995,0
23,STF-103c818c,Anthony Rodriguez,nurse,emergency,0,STF-15c07995,0
24,STF-103c818c,Anthony Rodriguez,nurse,emergency,0,STF-15c07995,0
25,STF-103c818c,Anthony Rodriguez,nurse,emergency,1,STF-15c07995,0
26,STF-103c818c,Anthony Rodriguez,nurse,emergency,1,STF-15c07995,0
27,STF-103c818c,Anthony Rodriguez,nurse,emergency,0,STF-15c07995,0
28,STF-103c818c,Anthony Rodriguez,nurse,emergency,1,STF-15c07995,0
29,STF-103c818c,Anthony Rodriguez,nurse,emergency,1,STF-15c07995,0
30,STF-103c818c,Anthony Rodriguez,nurse,emergency,0,STF-15c07995,0
31,STF-103c818c,Anthony Rodriguez,nurse,emergency,1,STF-15c07995,0
32,STF-103c818c,Anthony Rodriguez,nurse,emergency,0,STF-15c07995,0
33,STF-103c818c,Anthony Rodriguez,nurse,emergency,0,STF-15c07995,0
34,STF-103c818c,Anthony Rodriguez,nurse,emergency,1,STF-15c07995,0
35,STF-103c818c,Anthony Rodriguez,nurse,emergency,1,STF-15c07995,0
36,STF-103c818c,Anthony Rodriguez,nurse,emergency,0,STF-15c07995,0
37,STF-103c818c,Anthony Rodriguez,nurse,emergency,1,STF-15c07995,0
38,STF-103c818c,Anthony Rodriguez,nurse,emergency,1,STF-15c07995,0
39,STF-103c818c,Anthony Rodriguez,nurse,emergency,0,STF-15c07995,0
40,STF-103c818c,Anthony Rodriguez,nurse,emergency,1,STF-15c07995,0
41,STF-103c818c,Anthony Rodriguez,nurse,emergency,1,STF-15c07995,0
42,STF-103c818c,Anthony Rodriguez,nurse,emergency,0,STF-15c07995,0
43,STF-103c818c,Anthony Rodriguez,nurse,emergency,1,STF-15c07995,0
44,STF-103c818c,Anthony Rodriguez,nurse,emergency,1,STF-15c07995,0
45,STF-103c818c,Anthony Rodriguez,nurse,emergency,0,STF-15c07995,0
46,STF-103c818c,Anthony Rodriguez,nurse,emergency,1,STF-15c07995,0
47,STF-103c818c,Anthony Rodriguez,nurse,emergency,1,STF-15c07995,0
48,STF-103c818c,Anthony Rodriguez,nurse,emergency,0,STF-15c07995,0
49,STF-103c818c,Anthony Rodriguez,nurse,emergency,1,STF-15c07995,0
50,STF-103c818c,Anthony Rodriguez,nurse,emergency,1,STF-15c07995,0
51,STF-103c818c,Anthony Rodriguez,nurse,emergency,0,STF-15c07995,0
52,STF-103c818c,Anthony Rodriguez,nurse,emergency,1,STF-15c07995,0
1,STF-b4907958,Rebecca Henderson,nursing_assistant,emergency,1,STF-0aaed714,0
2,STF-b4907958,Rebecca Henderson,nursing_assistant,emergency,1,STF-0aaed714,0
3,STF-b4907958,Rebecca Henderson,nursing_assistant,emergency,0,STF-0aaed714,0
4,STF-b4907958,Rebecca Henderson,nursing_assistant,emergency,0,STF-0aaed714,0
5,STF-b4907958,Rebecca Henderson,nursing_assistant,emergency,1,STF-0aaed714,0
6,STF-b4907958,Rebecca Henderson,nursing_assistant,emergency,0,STF-0aaed714,0
7,STF-b4907958,Rebecca Henderson,nursing_assistant,emergency,1,STF-0aaed714,0
8,STF-b4907958,Rebecca Henderson,nursing_assistant,emergency,1,STF-0aaed714,0
9,STF-b4907958,Rebecca Henderson,nursing_assistant,emergency,0,STF-0aaed714,0
10,STF-b4907958,Rebecca Henderson,nursing_assistant,emergency,1,STF-0aaed714,0
11,STF-b4907958,Rebecca Henderson,nursing_assistant,emergency,1,STF-0aaed714,0
12,STF-b4907958,Rebecca Henderson,nursing_assistant,emergency,0,STF-0aaed714,0
13,STF-b4907958,Rebecca Henderson,nursing_assistant,emergency,1,STF-0aaed714,0
14,STF-b4907958,Rebecca Henderson,nursing_assistant,emergency,1,STF-0aaed714,0
15,STF-b4907958,Rebecca Henderson,nursing_assistant,emergency,0,STF-0aaed714,0
16,STF-b4907958,Rebecca Henderson,nursing_assistant,emergency,1,STF-0aaed714,0
17,STF-b4907958,Rebecca Henderson,nursing_assistant,emergency,1,STF-0aaed714,0
18,STF-b4907958,Rebecca Henderson,nursing_assistant,emergency,0,STF-0aaed714,0
19,STF-b4907958,Rebecca Henderson,nursing_assistant,emergency,1,STF-0aaed714,0
20,STF-b4907958,Rebecca Henderson,nursing_assistant,emergency,1,STF-0aaed714,0
21,STF-b4907958,Rebecca Henderson,nursing_assistant,emergency,0,STF-0aaed714,0
22,STF-b4907958,Rebecca Henderson,nursing_assistant,emergency,1,STF-0aaed714,0
23,STF-b4907958,Rebecca Henderson,nursing_assistant,emergency,1,STF-0aaed714,0
24,STF-b4907958,Rebecca Henderson,nursing_assistant,emergency,0,STF-0aaed714,0
25,STF-b4907958,Rebecca Henderson,nursing_assistant,emergency,1,STF-0aaed714,0
26,STF-b4907958,Rebecca Henderson,nursing_assistant,emergency,1,STF-0aaed714,0
27,STF-b4907958,Rebecca Henderson,nursing_assistant,emergency,0,STF-0aaed714,0
28,STF-b4907958,Rebecca Henderson,nursing_assistant,emergency,1,STF-0aaed714,0
29,STF-b4907958,Rebecca Henderson,nursing_assistant,emergency,1,STF-0aaed714,0
30,STF-b4907958,Rebecca Henderson,nursing_assistant,emergency,0,STF-0aaed714,0
31,STF-b4907958,Rebecca Henderson,nursing_assistant,emergency,1,STF-0aaed714,0
32,STF-b4907958,Rebecca Henderson,nursing_assistant,emergency,1,STF-0aaed714,0
33,STF-b4907958,Rebecca Henderson,nursing_assistant,emergency,0,STF-0aaed714,0
34,STF-b4907958,Rebecca Henderson,nursing_assistant,emergency,1,STF-0aaed714,0
35,STF-b4907958,Rebecca Henderson,nursing_assistant,emergency,1,STF-0aaed714,0
36,STF-b4907958,Rebecca Henderson,nursing_assistant,emergency,0,STF-0aaed714,0
37,STF-b4907958,Rebecca Henderson,nursing_assistant,emergency,1,STF-0aaed714,0
38,STF-b4907958,Rebecca Henderson,nursing_assistant,emergency,1,STF-0aaed714,0
39,STF-b4907958,Rebecca Henderson,nursing_assistant,emergency,0,STF-0aaed714,0
40,STF-b4907958,Rebecca Henderson,nursing_assistant,emergency,1,STF-0aaed714,0
41,STF-b4907958,Rebecca Henderson,nursing_assistant,emergency,1,STF-0aaed714,0
42,STF-b4907958,Rebecca Henderson,nursing_assistant,emergency,0,STF-0aaed714,0
43,STF-b4907958,Rebecca Henderson,nursing_assistant,emergency,1,STF-0aaed714,0
44,STF-b4907958,Rebecca Henderson,nursing_assistant,emergency,1,STF-0aaed714,0
45,STF-b4907958,Rebecca Henderson,nursing_assistant,emergency,0,STF-0aaed714,0
46,STF-b4907958,Rebecca Henderson,nursing_assistant,emergency,0,STF-0aaed714,0
47,STF-b4907958,Rebecca Henderson,nursing_assistant,emergency,1,STF-0aaed714,0
48,STF-b4907958,Rebecca Henderson,nursing_assistant,emergency,0,STF-0aaed714,0
49,STF-b4907958,Rebecca Henderson,nursing_assistant,emergency,1,STF-0aaed714,0
50,STF-b4907958,Rebecca Henderson,nursing_assistant,emergency,1,STF-0aaed714,0
51,STF-b4907958,Rebecca Henderson,nursing_assistant,emergency,0,STF-0aaed714,0
52,STF-b4907958,Rebecca Henderson,nursing_assistant,emergency,1,STF-0aaed714,0
1,STF-398a99e9,James Ferrell,nursing_assistant,emergency,1,STF-30d44186,0
2,STF-398a99e9,James Ferrell,nursing_assistant,emergency,1,STF-30d44186,0
3,STF-398a99e9,James Ferrell,nursing_assistant,emergency,0,STF-30d44186,0
4,STF-398a99e9,James Ferrell,nursing_assistant,emergency,1,STF-30d44186,0
5,STF-398a99e9,James Ferrell,nursing_assistant,emergency,1,STF-30d44186,0
6,STF-398a99e9,James Ferrell,nursing_assistant,emergency,0,STF-30d44186,0
7,STF-398a99e9,James Ferrell,nursing_assistant,emergency,1,STF-30d44186,0
8,STF-398a99e9,James Ferrell,nursing_assistant,emergency,1,STF-30d44186,0
9,STF-398a99e9,James Ferrell,nursing_assistant,emergency,0,STF-30d44186,0
10,STF-398a99e9,James Ferrell,nursing_assistant,emergency,0,STF-30d44186,0
11,STF-398a99e9,James Ferrell,nursing_assistant,emergency,1,STF-30d44186,0
12,STF-398a99e9,James Ferrell,nursing_assistant,emergency,0,STF-30d44186,0
13,STF-398a99e9,James Ferrell,nursing_assistant,emergency,1,STF-30d44186,0
14,STF-398a99e9,James Ferrell,nursing_assistant,emergency,1,STF-30d44186,0
15,STF-398a99e9,James Ferrell,nursing_assistant,emergency,0,STF-30d44186,0
16,STF-398a99e9,James Ferrell,nursing_assistant,emergency,1,STF-30d44186,0
17,STF-398a99e9,James Ferrell,nursing_assistant,emergency,1,STF-30d44186,0
18,STF-398a99e9,James Ferrell,nursing_assistant,emergency,0,STF-30d44186,0
19,STF-398a99e9,James Ferrell,nursing_assistant,emergency,1,STF-30d44186,0
20,STF-398a99e9,James Ferrell,nursing_assistant,emergency,1,STF-30d44186,0
21,STF-398a99e9,James Ferrell,nursing_assistant,emergency,0,STF-30d44186,0
22,STF-398a99e9,James Ferrell,nursing_assistant,emergency,1,STF-30d44186,0
23,STF-398a99e9,James Ferrell,nursing_assistant,emergency,1,STF-30d44186,0
24,STF-398a99e9,James Ferrell,nursing_assistant,emergency,0,STF-30d44186,0
25,STF-398a99e9,James Ferrell,nursing_assistant,emergency,1,STF-30d44186,0
26,STF-398a99e9,James Ferrell,nursing_assistant,emergency,1,STF-30d44186,0
27,STF-398a99e9,James Ferrell,nursing_assistant,emergency,0,STF-30d44186,0
28,STF-398a99e9,James Ferrell,nursing_assistant,emergency,1,STF-30d44186,0
29,STF-398a99e9,James Ferrell,nursing_assistant,emergency,1,STF-30d44186,0
30,STF-398a99e9,James Ferrell,nursing_assistant,emergency,0,STF-30d44186,0
31,STF-398a99e9,James Ferrell,nursing_assistant,emergency,0,STF-30d44186,0
32,STF-398a99e9,James Ferrell,nursing_assistant,emergency,1,STF-30d44186,0
33,STF-398a99e9,James Ferrell,nursing_assistant,emergency,0,STF-30d44186,0
34,STF-398a99e9,James Ferrell,nursing_assistant,emergency,1,STF-30d44186,0
35,STF-398a99e9,James Ferrell,nursing_assistant,emergency,1,STF-30d44186,0
36,STF-398a99e9,James Ferrell,nursing_assistant,emergency,0,STF-30d44186,0
37,STF-398a99e9,James Ferrell,nursing_assistant,emergency,1,STF-30d44186,0
38,STF-398a99e9,James Ferrell,nursing_assistant,emergency,1,STF-30d44186,0
39,STF-398a99e9,James Ferrell,nursing_assistant,emergency,0,STF-30d44186,0
40,STF-398a99e9,James Ferrell,nursing_assistant,emergency,1,STF-30d44186,0
41,STF-398a99e9,James Ferrell,nursing_assistant,emergency,0,STF-30d44186,0
42,STF-398a99e9,James Ferrell,nursing_assistant,emergency,0,STF-30d44186,0
43,STF-398a99e9,James Ferrell,nursing_assistant,emergency,1,STF-30d44186,0
44,STF-398a99e9,James Ferrell,nursing_assistant,emergency,1,STF-30d44186,0
45,STF-398a99e9,James Ferrell,nursing_assistant,emergency,0,STF-30d44186,0
46,STF-398a99e9,James Ferrell,nursing_assistant,emergency,1,STF-30d44186,0
47,STF-398a99e9,James Ferrell,nursing_assistant,emergency,1,STF-30d44186,0
48,STF-398a99e9,James Ferrell,nursing_assistant,emergency,0,STF-30d44186,0
49,STF-398a99e9,James Ferrell,nursing_assistant,emergency,1,STF-30d44186,0
50,STF-398a99e9,James Ferrell,nursing_assistant,emergency,1,STF-30d44186,0
51,STF-398a99e9,James Ferrell,nursing_assistant,emergency,0,STF-30d44186,0
52,STF-398a99e9,James Ferrell,nursing_assistant,emergency,1,STF-30d44186,0
1,STF-9b87fb95,Tricia Valencia,nursing_assistant,emergency,1,STF-46e008d1,0
2,STF-9b87fb95,Tricia Valencia,nursing_assistant,emergency,0,STF-46e008d1,0
3,STF-9b87fb95,Tricia Valencia,nursing_assistant,emergency,0,STF-46e008d1,0
4,STF-9b87fb95,Tricia Valencia,nursing_assistant,emergency,1,STF-46e008d1,0
5,STF-9b87fb95,Tricia Valencia,nursing_assistant,emergency,1,STF-46e008d1,0
6,STF-9b87fb95,Tricia Valencia,nursing_assistant,emergency,0,STF-46e008d1,0
7,STF-9b87fb95,Tricia Valencia,nursing_assistant,emergency,1,STF-46e008d1,0
8,STF-9b87fb95,Tricia Valencia,nursing_assistant,emergency,1,STF-46e008d1,0
9,STF-9b87fb95,Tricia Valencia,nursing_assistant,emergency,0,STF-46e008d1,0
10,STF-9b87fb95,Tricia Valencia,nursing_assistant,emergency,1,STF-46e008d1,0
11,STF-9b87fb95,Tricia Valencia,nursing_assistant,emergency,0,STF-46e008d1,0
12,STF-9b87fb95,Tricia Valencia,nursing_assistant,emergency,0,STF-46e008d1,0
13,STF-9b87fb95,Tricia Valencia,nursing_assistant,emergency,1,STF-46e008d1,0
14,STF-9b87fb95,Tricia Valencia,nursing_assistant,emergency,1,STF-46e008d1,0
15,STF-9b87fb95,Tricia Valencia,nursing_assistant,emergency,0,STF-46e008d1,0
16,STF-9b87fb95,Tricia Valencia,nursing_assistant,emergency,0,STF-46e008d1,0
17,STF-9b87fb95,Tricia Valencia,nursing_assistant,emergency,1,STF-46e008d1,0
18,STF-9b87fb95,Tricia Valencia,nursing_assistant,emergency,0,STF-46e008d1,0
19,STF-9b87fb95,Tricia Valencia,nursing_assistant,emergency,1,STF-46e008d1,0
20,STF-9b87fb95,Tricia Valencia,nursing_assistant,emergency,1,STF-46e008d1,0
21,STF-9b87fb95,Tricia Valencia,nursing_assistant,emergency,0,STF-46e008d1,0
22,STF-9b87fb95,Tricia Valencia,nursing_assistant,emergency,1,STF-46e008d1,0
23,STF-9b87fb95,Tricia Valencia,nursing_assistant,emergency,1,STF-46e008d1,0
24,STF-9b87fb95,Tricia Valencia,nursing_assistant,emergency,0,STF-46e008d1,0
25,STF-9b87fb95,Tricia Valencia,nursing_assistant,emergency,1,STF-46e008d1,0
26,STF-9b87fb95,Tricia Valencia,nursing_assistant,emergency,1,STF-46e008d1,0
27,STF-9b87fb95,Tricia Valencia,nursing_assistant,emergency,0,STF-46e008d1,0
28,STF-9b87fb95,Tricia Valencia,nursing_assistant,emergency,1,STF-46e008d1,0
29,STF-9b87fb95,Tricia Valencia,nursing_assistant,emergency,0,STF-46e008d1,0
30,STF-9b87fb95,Tricia Valencia,nursing_assistant,emergency,0,STF-46e008d1,0
31,STF-9b87fb95,Tricia Valencia,nursing_assistant,emergency,1,STF-46e008d1,0
32,STF-9b87fb95,Tricia Valencia,nursing_assistant,emergency,1,STF-46e008d1,0
33,STF-9b87fb95,Tricia Valencia,nursing_assistant,emergency,0,STF-46e008d1,0
34,STF-9b87fb95,Tricia Valencia,nursing_assistant,emergency,1,STF-46e008d1,0
35,STF-9b87fb95,Tricia Valencia,nursing_assistant,emergency,1,STF-46e008d1,0
36,STF-9b87fb95,Tricia Valencia,nursing_assistant,emergency,0,STF-46e008d1,0
37,STF-9b87fb95,Tricia Valencia,nursing_assistant,emergency,1,STF-46e008d1,0
38,STF-9b87fb95,Tricia Valencia,nursing_assistant,emergency,0,STF-46e008d1,0
39,STF-9b87fb95,Tricia Valencia,nursing_assistant,emergency,0,STF-46e008d1,0
40,STF-9b87fb95,Tricia Valencia,nursing_assistant,emergency,1,STF-46e008d1,0
41,STF-9b87fb95,Tricia Valencia,nursing_assistant,emergency,1,STF-46e008d1,0
42,STF-9b87fb95,Tricia Valencia,nursing_assistant,emergency,0,STF-46e008d1,0
43,STF-9b87fb95,Tricia Valencia,nursing_assistant,emergency,1,STF-46e008d1,0
44,STF-9b87fb95,Tricia Valencia,nursing_assistant,emergency,1,STF-46e008d1,0
45,STF-9b87fb95,Tricia Valencia,nursing_assistant,emergency,0,STF-46e008d1,0
46,STF-9b87fb95,Tricia Valencia,nursing_assistant,emergency,1,STF-46e008d1,0
47,STF-9b87fb95,Tricia Valencia,nursing_assistant,emergency,1,STF-46e008d1,0
48,STF-9b87fb95,Tricia Valencia,nursing_assistant,emergency,0,STF-46e008d1,0
49,STF-9b87fb95,Tricia Valencia,nursing_assistant,emergency,1,STF-46e008d1,0
50,STF-9b87fb95,Tricia Valencia,nursing_assistant,emergency,1,STF-46e008d1,0
51,STF-9b87fb95,Tricia Valencia,nursing_assistant,emergency,0,STF-46e008d1,0
52,STF-9b87fb95,Tricia Valencia,nursing_assistant,emergency,1,STF-46e008d1,0
1,STF-c8ef6bb9,Nathan Maldonado,nursing_assistant,emergency,1,STF-f2a7bd6f,0
2,STF-c8ef6bb9,Nathan Maldonado,nursing_assistant,emergency,1,STF-f2a7bd6f,0
3,STF-c8ef6bb9,Nathan Maldonado,nursing_assistant,emergency,0,STF-f2a7bd6f,0
4,STF-c8ef6bb9,Nathan Maldonado,nursing_assistant,emergency,1,STF-f2a7bd6f,0
5,STF-c8ef6bb9,Nathan Maldonado,nursing_assistant,emergency,1,STF-f2a7bd6f,0
6,STF-c8ef6bb9,Nathan Maldonado,nursing_assistant,emergency,0,STF-f2a7bd6f,0
7,STF-c8ef6bb9,Nathan Maldonado,nursing_assistant,emergency,0,STF-f2a7bd6f,0
8,STF-c8ef6bb9,Nathan Maldonado,nursing_assistant,emergency,1,STF-f2a7bd6f,0
9,STF-c8ef6bb9,Nathan Maldonado,nursing_assistant,emergency,0,STF-f2a7bd6f,0
10,STF-c8ef6bb9,Nathan Maldonado,nursing_assistant,emergency,1,STF-f2a7bd6f,0
11,STF-c8ef6bb9,Nathan Maldonado,nursing_assistant,emergency,1,STF-f2a7bd6f,0
12,STF-c8ef6bb9,Nathan Maldonado,nursing_assistant,emergency,0,STF-f2a7bd6f,0
13,STF-c8ef6bb9,Nathan Maldonado,nursing_assistant,emergency,1,STF-f2a7bd6f,0
14,STF-c8ef6bb9,Nathan Maldonado,nursing_assistant,emergency,1,STF-f2a7bd6f,0
15,STF-c8ef6bb9,Nathan Maldonado,nursing_assistant,emergency,0,STF-f2a7bd6f,0
16,STF-c8ef6bb9,Nathan Maldonado,nursing_assistant,emergency,1,STF-f2a7bd6f,0
17,STF-c8ef6bb9,Nathan Maldonado,nursing_assistant,emergency,1,STF-f2a7bd6f,0
18,STF-c8ef6bb9,Nathan Maldonado,nursing_assistant,emergency,0,STF-f2a7bd6f,0
19,STF-c8ef6bb9,Nathan Maldonado,nursing_assistant,emergency,1,STF-f2a7bd6f,0
20,STF-c8ef6bb9,Nathan Maldonado,nursing_assistant,emergency,1,STF-f2a7bd6f,0
21,STF-c8ef6bb9,Nathan Maldonado,nursing_assistant,emergency,0,STF-f2a7bd6f,0
22,STF-c8ef6bb9,Nathan Maldonado,nursing_assistant,emergency,1,STF-f2a7bd6f,0
23,STF-c8ef6bb9,Nathan Maldonado,nursing_assistant,emergency,1,STF-f2a7bd6f,0
24,STF-c8ef6bb9,Nathan Maldonado,nursing_assistant,emergency,0,STF-f2a7bd6f,0
25,STF-c8ef6bb9,Nathan Maldonado,nursing_assistant,emergency,1,STF-f2a7bd6f,0
26,STF-c8ef6bb9,Nathan Maldonado,nursing_assistant,emergency,1,STF-f2a7bd6f,0
27,STF-c8ef6bb9,Nathan Maldonado,nursing_assistant,emergency,0,STF-f2a7bd6f,0
28,STF-c8ef6bb9,Nathan Maldonado,nursing_assistant,emergency,1,STF-f2a7bd6f,0
29,STF-c8ef6bb9,Nathan Maldonado,nursing_assistant,emergency,1,STF-f2a7bd6f,0
30,STF-c8ef6bb9,Nathan Maldonado,nursing_assistant,emergency,0,STF-f2a7bd6f,0
31,STF-c8ef6bb9,Nathan Maldonado,nursing_assistant,emergency,1,STF-f2a7bd6f,0
32,STF-c8ef6bb9,Nathan Maldonado,nursing_assistant,emergency,1,STF-f2a7bd6f,0
33,STF-c8ef6bb9,Nathan Maldonado,nursing_assistant,emergency,0,STF-f2a7bd6f,0
34,STF-c8ef6bb9,Nathan Maldonado,nursing_assistant,emergency,1,STF-f2a7bd6f,0
35,STF-c8ef6bb9,Nathan Maldonado,nursing_assistant,emergency,1,STF-f2a7bd6f,0
36,STF-c8ef6bb9,Nathan Maldonado,nursing_assistant,emergency,0,STF-f2a7bd6f,0
37,STF-c8ef6bb9,Nathan Maldonado,nursing_assistant,emergency,1,STF-f2a7bd6f,0
38,STF-c8ef6bb9,Nathan Maldonado,nursing_assistant,emergency,1,STF-f2a7bd6f,0
39,STF-c8ef6bb9,Nathan Maldonado,nursing_assistant,emergency,0,STF-f2a7bd6f,0
40,STF-c8ef6bb9,Nathan Maldonado,nursing_assistant,emergency,1,STF-f2a7bd6f,0
41,STF-c8ef6bb9,Nathan Maldonado,nursing_assistant,emergency,1,STF-f2a7bd6f,0
42,STF-c8ef6bb9,Nathan Maldonado,nursing_assistant,emergency,0,STF-f2a7bd6f,0
43,STF-c8ef6bb9,Nathan Maldonado,nursing_assistant,emergency,1,STF-f2a7bd6f,0
44,STF-c8ef6bb9,Nathan Maldonado,nursing_assistant,emergency,1,STF-f2a7bd6f,0
45,STF-c8ef6bb9,Nathan Maldonado,nursing_assistant,emergency,0,STF-f2a7bd6f,0
46,STF-c8ef6bb9,Nathan Maldonado,nursing_assistant,emergency,0,STF-f2a7bd6f,0
47,STF-c8ef6bb9,Nathan Maldonado,nursing_assistant,emergency,1,STF-f2a7bd6f,0
48,STF-c8ef6bb9,Nathan Maldonado,nursing_assistant,emergency,0,STF-f2a7bd6f,0
49,STF-c8ef6bb9,Nathan Maldonado,nursing_assistant,emergency,0,STF-f2a7bd6f,0
50,STF-c8ef6bb9,Nathan Maldonado,nursing_assistant,emergency,1,STF-f2a7bd6f,0
51,STF-c8ef6bb9,Nathan Maldonado,nursing_assistant,emergency,0,STF-f2a7bd6f,0
52,STF-c8ef6bb9,Nathan Maldonado,nursing_assistant,emergency,1,STF-f2a7bd6f,0
1,STF-ada6b167,Debra Davidson,nursing_assistant,emergency,1,STF-d7c28217,0
2,STF-ada6b167,Debra Davidson,nursing_assistant,emergency,1,STF-d7c28217,0
3,STF-ada6b167,Debra Davidson,nursing_assistant,emergency,0,STF-d7c28217,0
4,STF-ada6b167,Debra Davidson,nursing_assistant,emergency,1,STF-d7c28217,0
5,STF-ada6b167,Debra Davidson,nursing_assistant,emergency,1,STF-d7c28217,0
6,STF-ada6b167,Debra Davidson,nursing_assistant,emergency,0,STF-d7c28217,0
7,STF-ada6b167,Debra Davidson,nursing_assistant,emergency,0,STF-d7c28217,0
8,STF-ada6b167,Debra Davidson,nursing_assistant,emergency,1,STF-d7c28217,0
9,STF-ada6b167,Debra Davidson,nursing_assistant,emergency,0,STF-d7c28217,0
10,STF-ada6b167,Debra Davidson,nursing_assistant,emergency,1,STF-d7c28217,0
11,STF-ada6b167,Debra Davidson,nursing_assistant,emergency,1,STF-d7c28217,0
12,STF-ada6b167,Debra Davidson,nursing_assistant,emergency,0,STF-d7c28217,0
13,STF-ada6b167,Debra Davidson,nursing_assistant,emergency,1,STF-d7c28217,0
14,STF-ada6b167,Debra Davidson,nursing_assistant,emergency,1,STF-d7c28217,0
15,STF-ada6b167,Debra Davidson,nursing_assistant,emergency,0,STF-d7c28217,0
16,STF-ada6b167,Debra Davidson,nursing_assistant,emergency,1,STF-d7c28217,0
17,STF-ada6b167,Debra Davidson,nursing_assistant,emergency,1,STF-d7c28217,0
18,STF-ada6b167,Debra Davidson,nursing_assistant,emergency,0,STF-d7c28217,0
19,STF-ada6b167,Debra Davidson,nursing_assistant,emergency,1,STF-d7c28217,0
20,STF-ada6b167,Debra Davidson,nursing_assistant,emergency,1,STF-d7c28217,0
21,STF-ada6b167,Debra Davidson,nursing_assistant,emergency,0,STF-d7c28217,0
22,STF-ada6b167,Debra Davidson,nursing_assistant,emergency,1,STF-d7c28217,0
23,STF-ada6b167,Debra Davidson,nursing_assistant,emergency,1,STF-d7c28217,0
24,STF-ada6b167,Debra Davidson,nursing_assistant,emergency,0,STF-d7c28217,0
25,STF-ada6b167,Debra Davidson,nursing_assistant,emergency,1,STF-d7c28217,0
26,STF-ada6b167,Debra Davidson,nursing_assistant,emergency,1,STF-d7c28217,0
27,STF-ada6b167,Debra Davidson,nursing_assistant,emergency,0,STF-d7c28217,0
28,STF-ada6b167,Debra Davidson,nursing_assistant,emergency,1,STF-d7c28217,0
29,STF-ada6b167,Debra Davidson,nursing_assistant,emergency,0,STF-d7c28217,0
30,STF-ada6b167,Debra Davidson,nursing_assistant,emergency,0,STF-d7c28217,0
31,STF-ada6b167,Debra Davidson,nursing_assistant,emergency,1,STF-d7c28217,0
32,STF-ada6b167,Debra Davidson,nursing_assistant,emergency,1,STF-d7c28217,0
33,STF-ada6b167,Debra Davidson,nursing_assistant,emergency,0,STF-d7c28217,0
34,STF-ada6b167,Debra Davidson,nursing_assistant,emergency,0,STF-d7c28217,0
35,STF-ada6b167,Debra Davidson,nursing_assistant,emergency,1,STF-d7c28217,0
36,STF-ada6b167,Debra Davidson,nursing_assistant,emergency,0,STF-d7c28217,0
37,STF-ada6b167,Debra Davidson,nursing_assistant,emergency,1,STF-d7c28217,0
38,STF-ada6b167,Debra Davidson,nursing_assistant,emergency,1,STF-d7c28217,0
39,STF-ada6b167,Debra Davidson,nursing_assistant,emergency,0,STF-d7c28217,0
40,STF-ada6b167,Debra Davidson,nursing_assistant,emergency,0,STF-d7c28217,0
41,STF-ada6b167,Debra Davidson,nursing_assistant,emergency,1,STF-d7c28217,0
42,STF-ada6b167,Debra Davidson,nursing_assistant,emergency,0,STF-d7c28217,0
43,STF-ada6b167,Debra Davidson,nursing_assistant,emergency,1,STF-d7c28217,0
44,STF-ada6b167,Debra Davidson,nursing_assistant,emergency,1,STF-d7c28217,0
45,STF-ada6b167,Debra Davidson,nursing_assistant,emergency,0,STF-d7c28217,0
46,STF-ada6b167,Debra Davidson,nursing_assistant,emergency,1,STF-d7c28217,0
47,STF-ada6b167,Debra Davidson,nursing_assistant,emergency,1,STF-d7c28217,0
48,STF-ada6b167,Debra Davidson,nursing_assistant,emergency,0,STF-d7c28217,0
49,STF-ada6b167,Debra Davidson,nursing_assistant,emergency,1,STF-d7c28217,0
50,STF-ada6b167,Debra Davidson,nursing_assistant,emergency,1,STF-d7c28217,0
51,STF-ada6b167,Debra Davidson,nursing_assistant,emergency,0,STF-d7c28217,0
52,STF-ada6b167,Debra Davidson,nursing_assistant,emergency,1,STF-d7c28217,0
1,STF-f398593d,Jeffrey Chavez,nursing_assistant,emergency,1,STF-2bfe24c1,0
2,STF-f398593d,Jeffrey Chavez,nursing_assistant,emergency,1,STF-2bfe24c1,0
3,STF-f398593d,Jeffrey Chavez,nursing_assistant,emergency,0,STF-2bfe24c1,0
4,STF-f398593d,Jeffrey Chavez,nursing_assistant,emergency,1,STF-2bfe24c1,0
5,STF-f398593d,Jeffrey Chavez,nursing_assistant,emergency,1,STF-2bfe24c1,0
6,STF-f398593d,Jeffrey Chavez,nursing_assistant,emergency,0,STF-2bfe24c1,0
7,STF-f398593d,Jeffrey Chavez,nursing_assistant,emergency,1,STF-2bfe24c1,0
8,STF-f398593d,Jeffrey Chavez,nursing_assistant,emergency,1,STF-2bfe24c1,0
9,STF-f398593d,Jeffrey Chavez,nursing_assistant,emergency,0,STF-2bfe24c1,0
10,STF-f398593d,Jeffrey Chavez,nursing_assistant,emergency,1,STF-2bfe24c1,0
11,STF-f398593d,Jeffrey Chavez,nursing_assistant,emergency,1,STF-2bfe24c1,0
12,STF-f398593d,Jeffrey Chavez,nursing_assistant,emergency,0,STF-2bfe24c1,0
13,STF-f398593d,Jeffrey Chavez,nursing_assistant,emergency,1,STF-2bfe24c1,0
14,STF-f398593d,Jeffrey Chavez,nursing_assistant,emergency,0,STF-2bfe24c1,0
15,STF-f398593d,Jeffrey Chavez,nursing_assistant,emergency,0,STF-2bfe24c1,0
16,STF-f398593d,Jeffrey Chavez,nursing_assistant,emergency,1,STF-2bfe24c1,0
17,STF-f398593d,Jeffrey Chavez,nursing_assistant,emergency,1,STF-2bfe24c1,0
18,STF-f398593d,Jeffrey Chavez,nursing_assistant,emergency,0,STF-2bfe24c1,0
19,STF-f398593d,Jeffrey Chavez,nursing_assistant,emergency,0,STF-2bfe24c1,0
20,STF-f398593d,Jeffrey Chavez,nursing_assistant,emergency,1,STF-2bfe24c1,0
21,STF-f398593d,Jeffrey Chavez,nursing_assistant,emergency,0,STF-2bfe24c1,0
22,STF-f398593d,Jeffrey Chavez,nursing_assistant,emergency,1,STF-2bfe24c1,0
23,STF-f398593d,Jeffrey Chavez,nursing_assistant,emergency,1,STF-2bfe24c1,0
24,STF-f398593d,Jeffrey Chavez,nursing_assistant,emergency,0,STF-2bfe24c1,0
25,STF-f398593d,Jeffrey Chavez,nursing_assistant,emergency,1,STF-2bfe24c1,0
26,STF-f398593d,Jeffrey Chavez,nursing_assistant,emergency,1,STF-2bfe24c1,0
27,STF-f398593d,Jeffrey Chavez,nursing_assistant,emergency,0,STF-2bfe24c1,0
28,STF-f398593d,Jeffrey Chavez,nursing_assistant,emergency,1,STF-2bfe24c1,0
29,STF-f398593d,Jeffrey Chavez,nursing_assistant,emergency,1,STF-2bfe24c1,0
30,STF-f398593d,Jeffrey Chavez,nursing_assistant,emergency,0,STF-2bfe24c1,0
31,STF-f398593d,Jeffrey Chavez,nursing_assistant,emergency,1,STF-2bfe24c1,0
32,STF-f398593d,Jeffrey Chavez,nursing_assistant,emergency,1,STF-2bfe24c1,0
33,STF-f398593d,Jeffrey Chavez,nursing_assistant,emergency,0,STF-2bfe24c1,0
34,STF-f398593d,Jeffrey Chavez,nursing_assistant,emergency,1,STF-2bfe24c1,0
35,STF-f398593d,Jeffrey Chavez,nursing_assistant,emergency,1,STF-2bfe24c1,0
36,STF-f398593d,Jeffrey Chavez,nursing_assistant,emergency,0,STF-2bfe24c1,0
37,STF-f398593d,Jeffrey Chavez,nursing_assistant,emergency,1,STF-2bfe24c1,0
38,STF-f398593d,Jeffrey Chavez,nursing_assistant,emergency,1,STF-2bfe24c1,0
39,STF-f398593d,Jeffrey Chavez,nursing_assistant,emergency,0,STF-2bfe24c1,0
40,STF-f398593d,Jeffrey Chavez,nursing_assistant,emergency,1,STF-2bfe24c1,0
41,STF-f398593d,Jeffrey Chavez,nursing_assistant,emergency,1,STF-2bfe24c1,0
42,STF-f398593d,Jeffrey Chavez,nursing_assistant,emergency,0,STF-2bfe24c1,0
43,STF-f398593d,Jeffrey Chavez,nursing_assistant,emergency,1,STF-2bfe24c1,0
44,STF-f398593d,Jeffrey Chavez,nursing_assistant,emergency,1,STF-2bfe24c1,0
45,STF-f398593d,Jeffrey Chavez,nursing_assistant,emergency,0,STF-2bfe24c1,0
46,STF-f398593d,Jeffrey Chavez,nursing_assistant,emergency,0,STF-2bfe24c1,0
47,STF-f398593d,Jeffrey Chavez,nursing_assistant,emergency,1,STF-2bfe24c1,0
48,STF-f398593d,Jeffrey Chavez,nursing_assistant,emergency,0,STF-2bfe24c1,0
49,STF-f398593d,Jeffrey Chavez,nursing_assistant,emergency,1,STF-2bfe24c1,0
50,STF-f398593d,Jeffrey Chavez,nursing_assistant,emergency,1,STF-2bfe24c1,0
51,STF-f398593d,Jeffrey Chavez,nursing_assistant,emergency,0,STF-2bfe24c1,0
52,STF-f398593d,Jeffrey Chavez,nursing_assistant,emergency,1,STF-2bfe24c1,0
1,STF-a4c9b3f0,Sherri Baker,nursing_assistant,emergency,1,STF-3abc4202,0
2,STF-a4c9b3f0,Sherri Baker,nursing_assistant,emergency,1,STF-3abc4202,0
3,STF-a4c9b3f0,Sherri Baker,nursing_assistant,emergency,0,STF-3abc4202,0
4,STF-a4c9b3f0,Sherri Baker,nursing_assistant,emergency,1,STF-3abc4202,0
5,STF-a4c9b3f0,Sherri Baker,nursing_assistant,emergency,1,STF-3abc4202,0
6,STF-a4c9b3f0,Sherri Baker,nursing_assistant,emergency,0,STF-3abc4202,0
7,STF-a4c9b3f0,Sherri Baker,nursing_assistant,emergency,1,STF-3abc4202,0
8,STF-a4c9b3f0,Sherri Baker,nursing_assistant,emergency,1,STF-3abc4202,0
9,STF-a4c9b3f0,Sherri Baker,nursing_assistant,emergency,0,STF-3abc4202,0
10,STF-a4c9b3f0,Sherri Baker,nursing_assistant,emergency,1,STF-3abc4202,0
11,STF-a4c9b3f0,Sherri Baker,nursing_assistant,emergency,0,STF-3abc4202,0
12,STF-a4c9b3f0,Sherri Baker,nursing_assistant,emergency,0,STF-3abc4202,0
13,STF-a4c9b3f0,Sherri Baker,nursing_assistant,emergency,1,STF-3abc4202,0
14,STF-a4c9b3f0,Sherri Baker,nursing_assistant,emergency,1,STF-3abc4202,0
15,STF-a4c9b3f0,Sherri Baker,nursing_assistant,emergency,0,STF-3abc4202,0
16,STF-a4c9b3f0,Sherri Baker,nursing_assistant,emergency,1,STF-3abc4202,0
17,STF-a4c9b3f0,Sherri Baker,nursing_assistant,emergency,1,STF-3abc4202,0
18,STF-a4c9b3f0,Sherri Baker,nursing_assistant,emergency,0,STF-3abc4202,0
19,STF-a4c9b3f0,Sherri Baker,nursing_assistant,emergency,1,STF-3abc4202,0
20,STF-a4c9b3f0,Sherri Baker,nursing_assistant,emergency,1,STF-3abc4202,0
21,STF-a4c9b3f0,Sherri Baker,nursing_assistant,emergency,0,STF-3abc4202,0
22,STF-a4c9b3f0,Sherri Baker,nursing_assistant,emergency,1,STF-3abc4202,0
23,STF-a4c9b3f0,Sherri Baker,nursing_assistant,emergency,1,STF-3abc4202,0
24,STF-a4c9b3f0,Sherri Baker,nursing_assistant,emergency,0,STF-3abc4202,0
25,STF-a4c9b3f0,Sherri Baker,nursing_assistant,emergency,1,STF-3abc4202,0
26,STF-a4c9b3f0,Sherri Baker,nursing_assistant,emergency,1,STF-3abc4202,0
27,STF-a4c9b3f0,Sherri Baker,nursing_assistant,emergency,0,STF-3abc4202,0
28,STF-a4c9b3f0,Sherri Baker,nursing_assistant,emergency,1,STF-3abc4202,0
29,STF-a4c9b3f0,Sherri Baker,nursing_assistant,emergency,1,STF-3abc4202,0
30,STF-a4c9b3f0,Sherri Baker,nursing_assistant,emergency,0,STF-3abc4202,0
31,STF-a4c9b3f0,Sherri Baker,nursing_assistant,emergency,1,STF-3abc4202,0
32,STF-a4c9b3f0,Sherri Baker,nursing_assistant,emergency,1,STF-3abc4202,0
33,STF-a4c9b3f0,Sherri Baker,nursing_assistant,emergency,0,STF-3abc4202,0
34,STF-a4c9b3f0,Sherri Baker,nursing_assistant,emergency,1,STF-3abc4202,0
35,STF-a4c9b3f0,Sherri Baker,nursing_assistant,emergency,1,STF-3abc4202,0
36,STF-a4c9b3f0,Sherri Baker,nursing_assistant,emergency,0,STF-3abc4202,0
37,STF-a4c9b3f0,Sherri Baker,nursing_assistant,emergency,0,STF-3abc4202,0
38,STF-a4c9b3f0,Sherri Baker,nursing_assistant,emergency,1,STF-3abc4202,0
39,STF-a4c9b3f0,Sherri Baker,nursing_assistant,emergency,0,STF-3abc4202,0
40,STF-a4c9b3f0,Sherri Baker,nursing_assistant,emergency,1,STF-3abc4202,0
41,STF-a4c9b3f0,Sherri Baker,nursing_assistant,emergency,1,STF-3abc4202,0
42,STF-a4c9b3f0,Sherri Baker,nursing_assistant,emergency,0,STF-3abc4202,0
43,STF-a4c9b3f0,Sherri Baker,nursing_assistant,emergency,1,STF-3abc4202,0
44,STF-a4c9b3f0,Sherri Baker,nursing_assistant,emergency,1,STF-3abc4202,0
45,STF-a4c9b3f0,Sherri Baker,nursing_assistant,emergency,0,STF-3abc4202,0
46,STF-a4c9b3f0,Sherri Baker,nursing_assistant,emergency,1,STF-3abc4202,0
47,STF-a4c9b3f0,Sherri Baker,nursing_assistant,emergency,1,STF-3abc4202,0
48,STF-a4c9b3f0,Sherri Baker,nursing_assistant,emergency,0,STF-3abc4202,0
49,STF-a4c9b3f0,Sherri Baker,nursing_assistant,emergency,1,STF-3abc4202,0
50,STF-a4c9b3f0,Sherri Baker,nursing_assistant,emergency,1,STF-3abc4202,0
51,STF-a4c9b3f0,Sherri Baker,nursing_assistant,emergency,0,STF-3abc4202,0
52,STF-a4c9b3f0,Sherri Baker,nursing_assistant,emergency,1,STF-3abc4202,0
1,STF-25d79742,Cassandra Gaines,nursing_assistant,emergency,1,STF-bc33b33b,0
2,STF-25d79742,Cassandra Gaines,nursing_assistant,emergency,1,STF-bc33b33b,0
3,STF-25d79742,Cassandra Gaines,nursing_assistant,emergency,0,STF-bc33b33b,0
4,STF-25d79742,Cassandra Gaines,nursing_assistant,emergency,1,STF-bc33b33b,0
5,STF-25d79742,Cassandra Gaines,nursing_assistant,emergency,1,STF-bc33b33b,0
6,STF-25d79742,Cassandra Gaines,nursing_assistant,emergency,0,STF-bc33b33b,0
7,STF-25d79742,Cassandra Gaines,nursing_assistant,emergency,1,STF-bc33b33b,0
8,STF-25d79742,Cassandra Gaines,nursing_assistant,emergency,1,STF-bc33b33b,0
9,STF-25d79742,Cassandra Gaines,nursing_assistant,emergency,0,STF-bc33b33b,0
10,STF-25d79742,Cassandra Gaines,nursing_assistant,emergency,1,STF-bc33b33b,0
11,STF-25d79742,Cassandra Gaines,nursing_assistant,emergency,1,STF-bc33b33b,0
12,STF-25d79742,Cassandra Gaines,nursing_assistant,emergency,0,STF-bc33b33b,0
13,STF-25d79742,Cassandra Gaines,nursing_assistant,emergency,1,STF-bc33b33b,0
14,STF-25d79742,Cassandra Gaines,nursing_assistant,emergency,1,STF-bc33b33b,0
15,STF-25d79742,Cassandra Gaines,nursing_assistant,emergency,0,STF-bc33b33b,0
16,STF-25d79742,Cassandra Gaines,nursing_assistant,emergency,1,STF-bc33b33b,0
17,STF-25d79742,Cassandra Gaines,nursing_assistant,emergency,1,STF-bc33b33b,0
18,STF-25d79742,Cassandra Gaines,nursing_assistant,emergency,0,STF-bc33b33b,0
19,STF-25d79742,Cassandra Gaines,nursing_assistant,emergency,1,STF-bc33b33b,0
20,STF-25d79742,Cassandra Gaines,nursing_assistant,emergency,1,STF-bc33b33b,0
21,STF-25d79742,Cassandra Gaines,nursing_assistant,emergency,0,STF-bc33b33b,0
22,STF-25d79742,Cassandra Gaines,nursing_assistant,emergency,1,STF-bc33b33b,0
23,STF-25d79742,Cassandra Gaines,nursing_assistant,emergency,0,STF-bc33b33b,0
24,STF-25d79742,Cassandra Gaines,nursing_assistant,emergency,0,STF-bc33b33b,0
25,STF-25d79742,Cassandra Gaines,nursing_assistant,emergency,1,STF-bc33b33b,0
26,STF-25d79742,Cassandra Gaines,nursing_assistant,emergency,0,STF-bc33b33b,0
27,STF-25d79742,Cassandra Gaines,nursing_assistant,emergency,0,STF-bc33b33b,0
28,STF-25d79742,Cassandra Gaines,nursing_assistant,emergency,1,STF-bc33b33b,0
29,STF-25d79742,Cassandra Gaines,nursing_assistant,emergency,0,STF-bc33b33b,0
30,STF-25d79742,Cassandra Gaines,nursing_assistant,emergency,0,STF-bc33b33b,0
31,STF-25d79742,Cassandra Gaines,nursing_assistant,emergency,1,STF-bc33b33b,0
32,STF-25d79742,Cassandra Gaines,nursing_assistant,emergency,1,STF-bc33b33b,0
33,STF-25d79742,Cassandra Gaines,nursing_assistant,emergency,0,STF-bc33b33b,0
34,STF-25d79742,Cassandra Gaines,nursing_assistant,emergency,1,STF-bc33b33b,0
35,STF-25d79742,Cassandra Gaines,nursing_assistant,emergency,1,STF-bc33b33b,0
36,STF-25d79742,Cassandra Gaines,nursing_assistant,emergency,0,STF-bc33b33b,0
37,STF-25d79742,Cassandra Gaines,nursing_assistant,emergency,1,STF-bc33b33b,0
38,STF-25d79742,Cassandra Gaines,nursing_assistant,emergency,1,STF-bc33b33b,0
39,STF-25d79742,Cassandra Gaines,nursing_assistant,emergency,0,STF-bc33b33b,0
40,STF-25d79742,Cassandra Gaines,nursing_assistant,emergency,1,STF-bc33b33b,0
41,STF-25d79742,Cassandra Gaines,nursing_assistant,emergency,1,STF-bc33b33b,0
42,STF-25d79742,Cassandra Gaines,nursing_assistant,emergency,0,STF-bc33b33b,0
43,STF-25d79742,Cassandra Gaines,nursing_assistant,emergency,0,STF-bc33b33b,0
44,STF-25d79742,Cassandra Gaines,nursing_assistant,emergency,1,STF-bc33b33b,0
45,STF-25d79742,Cassandra Gaines,nursing_assistant,emergency,0,STF-bc33b33b,0
46,STF-25d79742,Cassandra Gaines,nursing_assistant,emergency,1,STF-bc33b33b,0
47,STF-25d79742,Cassandra Gaines,nursing_assistant,emergency,1,STF-bc33b33b,0
48,STF-25d79742,Cassandra Gaines,nursing_assistant,emergency,0,STF-bc33b33b,0
49,STF-25d79742,Cassandra Gaines,nursing_assistant,emergency,1,STF-bc33b33b,0
50,STF-25d79742,Cassandra Gaines,nursing_assistant,emergency,1,STF-bc33b33b,0
51,STF-25d79742,Cassandra Gaines,nursing_assistant,emergency,0,STF-bc33b33b,0
52,STF-25d79742,Cassandra Gaines,nursing_assistant,emergency,1,STF-bc33b33b,0
1,STF-03fbeddc,Elizabeth Fowler,nursing_assistant,emergency,1,STF-2c155ebf,0
2,STF-03fbeddc,Elizabeth Fowler,nursing_assistant,emergency,1,STF-2c155ebf,0
3,STF-03fbeddc,Elizabeth Fowler,nursing_assistant,emergency,0,STF-2c155ebf,0
4,STF-03fbeddc,Elizabeth Fowler,nursing_assistant,emergency,1,STF-2c155ebf,0
5,STF-03fbeddc,Elizabeth Fowler,nursing_assistant,emergency,0,STF-2c155ebf,0
6,STF-03fbeddc,Elizabeth Fowler,nursing_assistant,emergency,0,STF-2c155ebf,0
7,STF-03fbeddc,Elizabeth Fowler,nursing_assistant,emergency,1,STF-2c155ebf,0
8,STF-03fbeddc,Elizabeth Fowler,nursing_assistant,emergency,1,STF-2c155ebf,0
9,STF-03fbeddc,Elizabeth Fowler,nursing_assistant,emergency,0,STF-2c155ebf,0
10,STF-03fbeddc,Elizabeth Fowler,nursing_assistant,emergency,1,STF-2c155ebf,0
11,STF-03fbeddc,Elizabeth Fowler,nursing_assistant,emergency,1,STF-2c155ebf,0
12,STF-03fbeddc,Elizabeth Fowler,nursing_assistant,emergency,0,STF-2c155ebf,0
13,STF-03fbeddc,Elizabeth Fowler,nursing_assistant,emergency,1,STF-2c155ebf,0
14,STF-03fbeddc,Elizabeth Fowler,nursing_assistant,emergency,1,STF-2c155ebf,0
15,STF-03fbeddc,Elizabeth Fowler,nursing_assistant,emergency,0,STF-2c155ebf,0
16,STF-03fbeddc,Elizabeth Fowler,nursing_assistant,emergency,1,STF-2c155ebf,0
17,STF-03fbeddc,Elizabeth Fowler,nursing_assistant,emergency,0,STF-2c155ebf,0
18,STF-03fbeddc,Elizabeth Fowler,nursing_assistant,emergency,0,STF-2c155ebf,0
19,STF-03fbeddc,Elizabeth Fowler,nursing_assistant,emergency,1,STF-2c155ebf,0
20,STF-03fbeddc,Elizabeth Fowler,nursing_assistant,emergency,1,STF-2c155ebf,0
21,STF-03fbeddc,Elizabeth Fowler,nursing_assistant,emergency,0,STF-2c155ebf,0
22,STF-03fbeddc,Elizabeth Fowler,nursing_assistant,emergency,1,STF-2c155ebf,0
23,STF-03fbeddc,Elizabeth Fowler,nursing_assistant,emergency,1,STF-2c155ebf,0
24,STF-03fbeddc,Elizabeth Fowler,nursing_assistant,emergency,0,STF-2c155ebf,0
25,STF-03fbeddc,Elizabeth Fowler,nursing_assistant,emergency,1,STF-2c155ebf,0
26,STF-03fbeddc,Elizabeth Fowler,nursing_assistant,emergency,1,STF-2c155ebf,0
27,STF-03fbeddc,Elizabeth Fowler,nursing_assistant,emergency,0,STF-2c155ebf,0
28,STF-03fbeddc,Elizabeth Fowler,nursing_assistant,emergency,1,STF-2c155ebf,0
29,STF-03fbeddc,Elizabeth Fowler,nursing_assistant,emergency,1,STF-2c155ebf,0
30,STF-03fbeddc,Elizabeth Fowler,nursing_assistant,emergency,0,STF-2c155ebf,0
31,STF-03fbeddc,Elizabeth Fowler,nursing_assistant,emergency,0,STF-2c155ebf,0
32,STF-03fbeddc,Elizabeth Fowler,nursing_assistant,emergency,1,STF-2c155ebf,0
33,STF-03fbeddc,Elizabeth Fowler,nursing_assistant,emergency,0,STF-2c155ebf,0
34,STF-03fbeddc,Elizabeth Fowler,nursing_assistant,emergency,0,STF-2c155ebf,0
35,STF-03fbeddc,Elizabeth Fowler,nursing_assistant,emergency,1,STF-2c155ebf,0
36,STF-03fbeddc,Elizabeth Fowler,nursing_assistant,emergency,0,STF-2c155ebf,0
37,STF-03fbeddc,Elizabeth Fowler,nursing_assistant,emergency,1,STF-2c155ebf,0
38,STF-03fbeddc,Elizabeth Fowler,nursing_assistant,emergency,1,STF-2c155ebf,0
39,STF-03fbeddc,Elizabeth Fowler,nursing_assistant,emergency,0,STF-2c155ebf,0
40,STF-03fbeddc,Elizabeth Fowler,nursing_assistant,emergency,1,STF-2c155ebf,0
41,STF-03fbeddc,Elizabeth Fowler,nursing_assistant,emergency,1,STF-2c155ebf,0
42,STF-03fbeddc,Elizabeth Fowler,nursing_assistant,emergency,0,STF-2c155ebf,0
43,STF-03fbeddc,Elizabeth Fowler,nursing_assistant,emergency,1,STF-2c155ebf,0
44,STF-03fbeddc,Elizabeth Fowler,nursing_assistant,emergency,1,STF-2c155ebf,0
45,STF-03fbeddc,Elizabeth Fowler,nursing_assistant,emergency,0,STF-2c155ebf,0
46,STF-03fbeddc,Elizabeth Fowler,nursing_assistant,emergency,1,STF-2c155ebf,0
47,STF-03fbeddc,Elizabeth Fowler,nursing_assistant,emergency,1,STF-2c155ebf,0
48,STF-03fbeddc,Elizabeth Fowler,nursing_assistant,emergency,0,STF-2c155ebf,0
49,STF-03fbeddc,Elizabeth Fowler,nursing_assistant,emergency,1,STF-2c155ebf,0
50,STF-03fbeddc,Elizabeth Fowler,nursing_assistant,emergency,1,STF-2c155ebf,0
51,STF-03fbeddc,Elizabeth Fowler,nursing_assistant,emergency,0,STF-2c155ebf,0
52,STF-03fbeddc,Elizabeth Fowler,nursing_assistant,emergency,1,STF-2c155ebf,0
1,STF-2dcdd6fb,Brittany Farmer,doctor,surgery,1,STF-3007d318,0
2,STF-2dcdd6fb,Brittany Farmer,doctor,surgery,1,STF-3007d318,0
3,STF-2dcdd6fb,Brittany Farmer,doctor,surgery,0,STF-3007d318,0
4,STF-2dcdd6fb,Brittany Farmer,doctor,surgery,1,STF-3007d318,0
5,STF-2dcdd6fb,Brittany Farmer,doctor,surgery,1,STF-3007d318,0
6,STF-2dcdd6fb,Brittany Farmer,doctor,surgery,0,STF-3007d318,0
7,STF-2dcdd6fb,Brittany Farmer,doctor,surgery,1,STF-3007d318,0
8,STF-2dcdd6fb,Brittany Farmer,doctor,surgery,0,STF-3007d318,0
9,STF-2dcdd6fb,Brittany Farmer,doctor,surgery,0,STF-3007d318,0
10,STF-2dcdd6fb,Brittany Farmer,doctor,surgery,1,STF-3007d318,0
11,STF-2dcdd6fb,Brittany Farmer,doctor,surgery,1,STF-3007d318,0
12,STF-2dcdd6fb,Brittany Farmer,doctor,surgery,0,STF-3007d318,0
13,STF-2dcdd6fb,Brittany Farmer,doctor,surgery,1,STF-3007d318,0
14,STF-2dcdd6fb,Brittany Farmer,doctor,surgery,1,STF-3007d318,0
15,STF-2dcdd6fb,Brittany Farmer,doctor,surgery,0,STF-3007d318,0
16,STF-2dcdd6fb,Brittany Farmer,doctor,surgery,1,STF-3007d318,0
17,STF-2dcdd6fb,Brittany Farmer,doctor,surgery,1,STF-3007d318,0
18,STF-2dcdd6fb,Brittany Farmer,doctor,surgery,0,STF-3007d318,0
19,STF-2dcdd6fb,Brittany Farmer,doctor,surgery,1,STF-3007d318,0
20,STF-2dcdd6fb,Brittany Farmer,doctor,surgery,1,STF-3007d318,0
21,STF-2dcdd6fb,Brittany Farmer,doctor,surgery,0,STF-3007d318,0
22,STF-2dcdd6fb,Brittany Farmer,doctor,surgery,1,STF-3007d318,0
23,STF-2dcdd6fb,Brittany Farmer,doctor,surgery,1,STF-3007d318,0
24,STF-2dcdd6fb,Brittany Farmer,doctor,surgery,0,STF-3007d318,0
25,STF-2dcdd6fb,Brittany Farmer,doctor,surgery,1,STF-3007d318,0
26,STF-2dcdd6fb,Brittany Farmer,doctor,surgery,1,STF-3007d318,0
27,STF-2dcdd6fb,Brittany Farmer,doctor,surgery,0,STF-3007d318,0
28,STF-2dcdd6fb,Brittany Farmer,doctor,surgery,1,STF-3007d318,0
29,STF-2dcdd6fb,Brittany Farmer,doctor,surgery,1,STF-3007d318,0
30,STF-2dcdd6fb,Brittany Farmer,doctor,surgery,0,STF-3007d318,0
31,STF-2dcdd6fb,Brittany Farmer,doctor,surgery,1,STF-3007d318,0
32,STF-2dcdd6fb,Brittany Farmer,doctor,surgery,1,STF-3007d318,0
33,STF-2dcdd6fb,Brittany Farmer,doctor,surgery,0,STF-3007d318,0
34,STF-2dcdd6fb,Brittany Farmer,doctor,surgery,1,STF-3007d318,0
35,STF-2dcdd6fb,Brittany Farmer,doctor,surgery,1,STF-3007d318,0
36,STF-2dcdd6fb,Brittany Farmer,doctor,surgery,0,STF-3007d318,0
37,STF-2dcdd6fb,Brittany Farmer,doctor,surgery,1,STF-3007d318,0
38,STF-2dcdd6fb,Brittany Farmer,doctor,surgery,1,STF-3007d318,0
39,STF-2dcdd6fb,Brittany Farmer,doctor,surgery,0,STF-3007d318,0
40,STF-2dcdd6fb,Brittany Farmer,doctor,surgery,1,STF-3007d318,0
41,STF-2dcdd6fb,Brittany Farmer,doctor,surgery,1,STF-3007d318,0
42,STF-2dcdd6fb,Brittany Farmer,doctor,surgery,0,STF-3007d318,0
43,STF-2dcdd6fb,Brittany Farmer,doctor,surgery,1,STF-3007d318,0
44,STF-2dcdd6fb,Brittany Farmer,doctor,surgery,1,STF-3007d318,0
45,STF-2dcdd6fb,Brittany Farmer,doctor,surgery,0,STF-3007d318,0
46,STF-2dcdd6fb,Brittany Farmer,doctor,surgery,1,STF-3007d318,0
47,STF-2dcdd6fb,Brittany Farmer,doctor,surgery,1,STF-3007d318,0
48,STF-2dcdd6fb,Brittany Farmer,doctor,surgery,0,STF-3007d318,0
49,STF-2dcdd6fb,Brittany Farmer,doctor,surgery,1,STF-3007d318,0
50,STF-2dcdd6fb,Brittany Farmer,doctor,surgery,1,STF-3007d318,0
51,STF-2dcdd6fb,Brittany Farmer,doctor,surgery,0,STF-3007d318,0
52,STF-2dcdd6fb,Brittany Farmer,doctor,surgery,0,STF-3007d318,0
1,STF-839e61f9,Paula Moreno,doctor,surgery,1,STF-13f243f8,0
2,STF-839e61f9,Paula Moreno,doctor,surgery,1,STF-13f243f8,0
3,STF-839e61f9,Paula Moreno,doctor,surgery,0,STF-13f243f8,0
4,STF-839e61f9,Paula Moreno,doctor,surgery,1,STF-13f243f8,0
5,STF-839e61f9,Paula Moreno,doctor,surgery,1,STF-13f243f8,0
6,STF-839e61f9,Paula Moreno,doctor,surgery,0,STF-13f243f8,0
7,STF-839e61f9,Paula Moreno,doctor,surgery,1,STF-13f243f8,0
8,STF-839e61f9,Paula Moreno,doctor,surgery,1,STF-13f243f8,0
9,STF-839e61f9,Paula Moreno,doctor,surgery,0,STF-13f243f8,0
10,STF-839e61f9,Paula Moreno,doctor,surgery,1,STF-13f243f8,0
11,STF-839e61f9,Paula Moreno,doctor,surgery,1,STF-13f243f8,0
12,STF-839e61f9,Paula Moreno,doctor,surgery,0,STF-13f243f8,0
13,STF-839e61f9,Paula Moreno,doctor,surgery,1,STF-13f243f8,0
14,STF-839e61f9,Paula Moreno,doctor,surgery,1,STF-13f243f8,0
15,STF-839e61f9,Paula Moreno,doctor,surgery,0,STF-13f243f8,0
16,STF-839e61f9,Paula Moreno,doctor,surgery,1,STF-13f243f8,0
17,STF-839e61f9,Paula Moreno,doctor,surgery,1,STF-13f243f8,0
18,STF-839e61f9,Paula Moreno,doctor,surgery,0,STF-13f243f8,0
19,STF-839e61f9,Paula Moreno,doctor,surgery,1,STF-13f243f8,0
20,STF-839e61f9,Paula Moreno,doctor,surgery,1,STF-13f243f8,0
21,STF-839e61f9,Paula Moreno,doctor,surgery,0,STF-13f243f8,0
22,STF-839e61f9,Paula Moreno,doctor,surgery,1,STF-13f243f8,0
23,STF-839e61f9,Paula Moreno,doctor,surgery,0,STF-13f243f8,0
24,STF-839e61f9,Paula Moreno,doctor,surgery,0,STF-13f243f8,0
25,STF-839e61f9,Paula Moreno,doctor,surgery,1,STF-13f243f8,0
26,STF-839e61f9,Paula Moreno,doctor,surgery,1,STF-13f243f8,0
27,STF-839e61f9,Paula Moreno,doctor,surgery,0,STF-13f243f8,0
28,STF-839e61f9,Paula Moreno,doctor,surgery,0,STF-13f243f8,0
29,STF-839e61f9,Paula Moreno,doctor,surgery,1,STF-13f243f8,0
30,STF-839e61f9,Paula Moreno,doctor,surgery,0,STF-13f243f8,0
31,STF-839e61f9,Paula Moreno,doctor,surgery,1,STF-13f243f8,0
32,STF-839e61f9,Paula Moreno,doctor,surgery,1,STF-13f243f8,0
33,STF-839e61f9,Paula Moreno,doctor,surgery,0,STF-13f243f8,0
34,STF-839e61f9,Paula Moreno,doctor,surgery,0,STF-13f243f8,0
35,STF-839e61f9,Paula Moreno,doctor,surgery,1,STF-13f243f8,0
36,STF-839e61f9,Paula Moreno,doctor,surgery,0,STF-13f243f8,0
37,STF-839e61f9,Paula Moreno,doctor,surgery,1,STF-13f243f8,0
38,STF-839e61f9,Paula Moreno,doctor,surgery,1,STF-13f243f8,0
39,STF-839e61f9,Paula Moreno,doctor,surgery,0,STF-13f243f8,0
40,STF-839e61f9,Paula Moreno,doctor,surgery,1,STF-13f243f8,0
41,STF-839e61f9,Paula Moreno,doctor,surgery,1,STF-13f243f8,0
42,STF-839e61f9,Paula Moreno,doctor,surgery,0,STF-13f243f8,0
43,STF-839e61f9,Paula Moreno,doctor,surgery,1,STF-13f243f8,0
44,STF-839e61f9,Paula Moreno,doctor,surgery,1,STF-13f243f8,0
45,STF-839e61f9,Paula Moreno,doctor,surgery,0,STF-13f243f8,0
46,STF-839e61f9,Paula Moreno,doctor,surgery,1,STF-13f243f8,0
47,STF-839e61f9,Paula Moreno,doctor,surgery,1,STF-13f243f8,0
48,STF-839e61f9,Paula Moreno,doctor,surgery,0,STF-13f243f8,0
49,STF-839e61f9,Paula Moreno,doctor,surgery,1,STF-13f243f8,0
50,STF-839e61f9,Paula Moreno,doctor,surgery,1,STF-13f243f8,0
51,STF-839e61f9,Paula Moreno,doctor,surgery,0,STF-13f243f8,0
52,STF-839e61f9,Paula Moreno,doctor,surgery,1,STF-13f243f8,0
1,STF-206b10dc,Fred Smith,doctor,surgery,1,STF-7a5180f0,0
2,STF-206b10dc,Fred Smith,doctor,surgery,1,STF-7a5180f0,0
3,STF-206b10dc,Fred Smith,doctor,surgery,0,STF-7a5180f0,0
4,STF-206b10dc,Fred Smith,doctor,surgery,1,STF-7a5180f0,0
5,STF-206b10dc,Fred Smith,doctor,surgery,1,STF-7a5180f0,0
6,STF-206b10dc,Fred Smith,doctor,surgery,0,STF-7a5180f0,0
7,STF-206b10dc,Fred Smith,doctor,surgery,1,STF-7a5180f0,0
8,STF-206b10dc,Fred Smith,doctor,surgery,1,STF-7a5180f0,0
9,STF-206b10dc,Fred Smith,doctor,surgery,0,STF-7a5180f0,0
10,STF-206b10dc,Fred Smith,doctor,surgery,1,STF-7a5180f0,0
11,STF-206b10dc,Fred Smith,doctor,surgery,1,STF-7a5180f0,0
12,STF-206b10dc,Fred Smith,doctor,surgery,0,STF-7a5180f0,0
13,STF-206b10dc,Fred Smith,doctor,surgery,0,STF-7a5180f0,0
14,STF-206b10dc,Fred Smith,doctor,surgery,1,STF-7a5180f0,0
15,STF-206b10dc,Fred Smith,doctor,surgery,0,STF-7a5180f0,0
16,STF-206b10dc,Fred Smith,doctor,surgery,1,STF-7a5180f0,0
17,STF-206b10dc,Fred Smith,doctor,surgery,0,STF-7a5180f0,0
18,STF-206b10dc,Fred Smith,doctor,surgery,0,STF-7a5180f0,0
19,STF-206b10dc,Fred Smith,doctor,surgery,1,STF-7a5180f0,0
20,STF-206b10dc,Fred Smith,doctor,surgery,1,STF-7a5180f0,0
21,STF-206b10dc,Fred Smith,doctor,surgery,0,STF-7a5180f0,0
22,STF-206b10dc,Fred Smith,doctor,surgery,1,STF-7a5180f0,0
23,STF-206b10dc,Fred Smith,doctor,surgery,1,STF-7a5180f0,0
24,STF-206b10dc,Fred Smith,doctor,surgery,0,STF-7a5180f0,0
25,STF-206b10dc,Fred Smith,doctor,surgery,1,STF-7a5180f0,0
26,STF-206b10dc,Fred Smith,doctor,surgery,1,STF-7a5180f0,0
27,STF-206b10dc,Fred Smith,doctor,surgery,0,STF-7a5180f0,0
28,STF-206b10dc,Fred Smith,doctor,surgery,1,STF-7a5180f0,0
29,STF-206b10dc,Fred Smith,doctor,surgery,1,STF-7a5180f0,0
30,STF-206b10dc,Fred Smith,doctor,surgery,0,STF-7a5180f0,0
31,STF-206b10dc,Fred Smith,doctor,surgery,1,STF-7a5180f0,0
32,STF-206b10dc,Fred Smith,doctor,surgery,0,STF-7a5180f0,0
33,STF-206b10dc,Fred Smith,doctor,surgery,0,STF-7a5180f0,0
34,STF-206b10dc,Fred Smith,doctor,surgery,1,STF-7a5180f0,0
35,STF-206b10dc,Fred Smith,doctor,surgery,1,STF-7a5180f0,0
36,STF-206b10dc,Fred Smith,doctor,surgery,0,STF-7a5180f0,0
37,STF-206b10dc,Fred Smith,doctor,surgery,1,STF-7a5180f0,0
38,STF-206b10dc,Fred Smith,doctor,surgery,1,STF-7a5180f0,0
39,STF-206b10dc,Fred Smith,doctor,surgery,0,STF-7a5180f0,0
40,STF-206b10dc,Fred Smith,doctor,surgery,1,STF-7a5180f0,0
41,STF-206b10dc,Fred Smith,doctor,surgery,1,STF-7a5180f0,0
42,STF-206b10dc,Fred Smith,doctor,surgery,0,STF-7a5180f0,0
43,STF-206b10dc,Fred Smith,doctor,surgery,1,STF-7a5180f0,0
44,STF-206b10dc,Fred Smith,doctor,surgery,0,STF-7a5180f0,0
45,STF-206b10dc,Fred Smith,doctor,surgery,0,STF-7a5180f0,0
46,STF-206b10dc,Fred Smith,doctor,surgery,1,STF-7a5180f0,0
47,STF-206b10dc,Fred Smith,doctor,surgery,1,STF-7a5180f0,0
48,STF-206b10dc,Fred Smith,doctor,surgery,0,STF-7a5180f0,0
49,STF-206b10dc,Fred Smith,doctor,surgery,1,STF-7a5180f0,0
50,STF-206b10dc,Fred Smith,doctor,surgery,1,STF-7a5180f0,0
51,STF-206b10dc,Fred Smith,doctor,surgery,0,STF-7a5180f0,0
52,STF-206b10dc,Fred Smith,doctor,surgery,1,STF-7a5180f0,0
1,STF-372284b1,Sherry Decker,nurse,surgery,1,STF-15269c02,0
2,STF-372284b1,Sherry Decker,nurse,surgery,1,STF-15269c02,0
3,STF-372284b1,Sherry Decker,nurse,surgery,0,STF-15269c02,0
4,STF-372284b1,Sherry Decker,nurse,surgery,1,STF-15269c02,0
5,STF-372284b1,Sherry Decker,nurse,surgery,0,STF-15269c02,0
6,STF-372284b1,Sherry Decker,nurse,surgery,0,STF-15269c02,0
7,STF-372284b1,Sherry Decker,nurse,surgery,1,STF-15269c02,0
8,STF-372284b1,Sherry Decker,nurse,surgery,1,STF-15269c02,0
9,STF-372284b1,Sherry Decker,nurse,surgery,0,STF-15269c02,0
10,STF-372284b1,Sherry Decker,nurse,surgery,1,STF-15269c02,0
11,STF-372284b1,Sherry Decker,nurse,surgery,1,STF-15269c02,0
12,STF-372284b1,Sherry Decker,nurse,surgery,0,STF-15269c02,0
13,STF-372284b1,Sherry Decker,nurse,surgery,1,STF-15269c02,0
14,STF-372284b1,Sherry Decker,nurse,surgery,1,STF-15269c02,0
15,STF-372284b1,Sherry Decker,nurse,surgery,0,STF-15269c02,0
16,STF-372284b1,Sherry Decker,nurse,surgery,1,STF-15269c02,0
17,STF-372284b1,Sherry Decker,nurse,surgery,1,STF-15269c02,0
18,STF-372284b1,Sherry Decker,nurse,surgery,0,STF-15269c02,0
19,STF-372284b1,Sherry Decker,nurse,surgery,1,STF-15269c02,0
20,STF-372284b1,Sherry Decker,nurse,surgery,1,STF-15269c02,0
21,STF-372284b1,Sherry Decker,nurse,surgery,0,STF-15269c02,0
22,STF-372284b1,Sherry Decker,nurse,surgery,1,STF-15269c02,0
23,STF-372284b1,Sherry Decker,nurse,surgery,1,STF-15269c02,0
24,STF-372284b1,Sherry Decker,nurse,surgery,0,STF-15269c02,0
25,STF-372284b1,Sherry Decker,nurse,surgery,1,STF-15269c02,0
26,STF-372284b1,Sherry Decker,nurse,surgery,1,STF-15269c02,0
27,STF-372284b1,Sherry Decker,nurse,surgery,0,STF-15269c02,0
28,STF-372284b1,Sherry Decker,nurse,surgery,1,STF-15269c02,0
29,STF-372284b1,Sherry Decker,nurse,surgery,1,STF-15269c02,0
30,STF-372284b1,Sherry Decker,nurse,surgery,0,STF-15269c02,0
31,STF-372284b1,Sherry Decker,nurse,surgery,1,STF-15269c02,0
32,STF-372284b1,Sherry Decker,nurse,surgery,1,STF-15269c02,0
33,STF-372284b1,Sherry Decker,nurse,surgery,0,STF-15269c02,0
34,STF-372284b1,Sherry Decker,nurse,surgery,1,STF-15269c02,0
35,STF-372284b1,Sherry Decker,nurse,surgery,1,STF-15269c02,0
36,STF-372284b1,Sherry Decker,nurse,surgery,0,STF-15269c02,0
37,STF-372284b1,Sherry Decker,nurse,surgery,1,STF-15269c02,0
38,STF-372284b1,Sherry Decker,nurse,surgery,1,STF-15269c02,0
39,STF-372284b1,Sherry Decker,nurse,surgery,0,STF-15269c02,0
40,STF-372284b1,Sherry Decker,nurse,surgery,1,STF-15269c02,0
41,STF-372284b1,Sherry Decker,nurse,surgery,0,STF-15269c02,0
42,STF-372284b1,Sherry Decker,nurse,surgery,0,STF-15269c02,0
43,STF-372284b1,Sherry Decker,nurse,surgery,1,STF-15269c02,0
44,STF-372284b1,Sherry Decker,nurse,surgery,1,STF-15269c02,0
45,STF-372284b1,Sherry Decker,nurse,surgery,0,STF-15269c02,0
46,STF-372284b1,Sherry Decker,nurse,surgery,1,STF-15269c02,0
47,STF-372284b1,Sherry Decker,nurse,surgery,1,STF-15269c02,0
48,STF-372284b1,Sherry Decker,nurse,surgery,0,STF-15269c02,0
49,STF-372284b1,Sherry Decker,nurse,surgery,1,STF-15269c02,0
50,STF-372284b1,Sherry Decker,nurse,surgery,1,STF-15269c02,0
51,STF-372284b1,Sherry Decker,nurse,surgery,0,STF-15269c02,0
52,STF-372284b1,Sherry Decker,nurse,surgery,1,STF-15269c02,0
1,STF-68c8a79d,Anthony Humphrey,nurse,surgery,1,STF-36b3e876,0
2,STF-68c8a79d,Anthony Humphrey,nurse,surgery,1,STF-36b3e876,0
3,STF-68c8a79d,Anthony Humphrey,nurse,surgery,0,STF-36b3e876,0
4,STF-68c8a79d,Anthony Humphrey,nurse,surgery,1,STF-36b3e876,0
5,STF-68c8a79d,Anthony Humphrey,nurse,surgery,1,STF-36b3e876,0
6,STF-68c8a79d,Anthony Humphrey,nurse,surgery,0,STF-36b3e876,0
7,STF-68c8a79d,Anthony Humphrey,nurse,surgery,1,STF-36b3e876,0
8,STF-68c8a79d,Anthony Humphrey,nurse,surgery,1,STF-36b3e876,0
9,STF-68c8a79d,Anthony Humphrey,nurse,surgery,0,STF-36b3e876,0
10,STF-68c8a79d,Anthony Humphrey,nurse,surgery,1,STF-36b3e876,0
11,STF-68c8a79d,Anthony Humphrey,nurse,surgery,1,STF-36b3e876,0
12,STF-68c8a79d,Anthony Humphrey,nurse,surgery,0,STF-36b3e876,0
13,STF-68c8a79d,Anthony Humphrey,nurse,surgery,1,STF-36b3e876,0
14,STF-68c8a79d,Anthony Humphrey,nurse,surgery,1,STF-36b3e876,0
15,STF-68c8a79d,Anthony Humphrey,nurse,surgery,0,STF-36b3e876,0
16,STF-68c8a79d,Anthony Humphrey,nurse,surgery,1,STF-36b3e876,0
17,STF-68c8a79d,Anthony Humphrey,nurse,surgery,1,STF-36b3e876,0
18,STF-68c8a79d,Anthony Humphrey,nurse,surgery,0,STF-36b3e876,0
19,STF-68c8a79d,Anthony Humphrey,nurse,surgery,1,STF-36b3e876,0
20,STF-68c8a79d,Anthony Humphrey,nurse,surgery,1,STF-36b3e876,0
21,STF-68c8a79d,Anthony Humphrey,nurse,surgery,0,STF-36b3e876,0
22,STF-68c8a79d,Anthony Humphrey,nurse,surgery,0,STF-36b3e876,0
23,STF-68c8a79d,Anthony Humphrey,nurse,surgery,1,STF-36b3e876,0
24,STF-68c8a79d,Anthony Humphrey,nurse,surgery,0,STF-36b3e876,0
25,STF-68c8a79d,Anthony Humphrey,nurse,surgery,1,STF-36b3e876,0
26,STF-68c8a79d,Anthony Humphrey,nurse,surgery,1,STF-36b3e876,0
27,STF-68c8a79d,Anthony Humphrey,nurse,surgery,0,STF-36b3e876,0
28,STF-68c8a79d,Anthony Humphrey,nurse,surgery,1,STF-36b3e876,0
29,STF-68c8a79d,Anthony Humphrey,nurse,surgery,1,STF-36b3e876,0
30,STF-68c8a79d,Anthony Humphrey,nurse,surgery,0,STF-36b3e876,0
31,STF-68c8a79d,Anthony Humphrey,nurse,surgery,1,STF-36b3e876,0
32,STF-68c8a79d,Anthony Humphrey,nurse,surgery,1,STF-36b3e876,0
33,STF-68c8a79d,Anthony Humphrey,nurse,surgery,0,STF-36b3e876,0
34,STF-68c8a79d,Anthony Humphrey,nurse,surgery,1,STF-36b3e876,0
35,STF-68c8a79d,Anthony Humphrey,nurse,surgery,1,STF-36b3e876,0
36,STF-68c8a79d,Anthony Humphrey,nurse,surgery,0,STF-36b3e876,0
37,STF-68c8a79d,Anthony Humphrey,nurse,surgery,1,STF-36b3e876,0
38,STF-68c8a79d,Anthony Humphrey,nurse,surgery,1,STF-36b3e876,0
39,STF-68c8a79d,Anthony Humphrey,nurse,surgery,0,STF-36b3e876,0
40,STF-68c8a79d,Anthony Humphrey,nurse,surgery,1,STF-36b3e876,0
41,STF-68c8a79d,Anthony Humphrey,nurse,surgery,1,STF-36b3e876,0
42,STF-68c8a79d,Anthony Humphrey,nurse,surgery,0,STF-36b3e876,0
43,STF-68c8a79d,Anthony Humphrey,nurse,surgery,0,STF-36b3e876,0
44,STF-68c8a79d,Anthony Humphrey,nurse,surgery,1,STF-36b3e876,0
45,STF-68c8a79d,Anthony Humphrey,nurse,surgery,0,STF-36b3e876,0
46,STF-68c8a79d,Anthony Humphrey,nurse,surgery,1,STF-36b3e876,0
47,STF-68c8a79d,Anthony Humphrey,nurse,surgery,1,STF-36b3e876,0
48,STF-68c8a79d,Anthony Humphrey,nurse,surgery,0,STF-36b3e876,0
49,STF-68c8a79d,Anthony Humphrey,nurse,surgery,1,STF-36b3e876,0
50,STF-68c8a79d,Anthony Humphrey,nurse,surgery,1,STF-36b3e876,0
51,STF-68c8a79d,Anthony Humphrey,nurse,surgery,0,STF-36b3e876,0
52,STF-68c8a79d,Anthony Humphrey,nurse,surgery,1,STF-36b3e876,0
1,STF-1c410c36,Angelica Tucker,nurse,surgery,0,STF-177e5df8,0
2,STF-1c410c36,Angelica Tucker,nurse,surgery,1,STF-177e5df8,0
3,STF-1c410c36,Angelica Tucker,nurse,surgery,0,STF-177e5df8,0
4,STF-1c410c36,Angelica Tucker,nurse,surgery,1,STF-177e5df8,0
5,STF-1c410c36,Angelica Tucker,nurse,surgery,1,STF-177e5df8,0
6,STF-1c410c36,Angelica Tucker,nurse,surgery,0,STF-177e5df8,0
7,STF-1c410c36,Angelica Tucker,nurse,surgery,0,STF-177e5df8,0
8,STF-1c410c36,Angelica Tucker,nurse,surgery,1,STF-177e5df8,0
9,STF-1c410c36,Angelica Tucker,nurse,surgery,0,STF-177e5df8,0
10,STF-1c410c36,Angelica Tucker,nurse,surgery,0,STF-177e5df8,0
11,STF-1c410c36,Angelica Tucker,nurse,surgery,1,STF-177e5df8,0
12,STF-1c410c36,Angelica Tucker,nurse,surgery,0,STF-177e5df8,0
13,STF-1c410c36,Angelica Tucker,nurse,surgery,0,STF-177e5df8,0
14,STF-1c410c36,Angelica Tucker,nurse,surgery,1,STF-177e5df8,0
15,STF-1c410c36,Angelica Tucker,nurse,surgery,0,STF-177e5df8,0
16,STF-1c410c36,Angelica Tucker,nurse,surgery,1,STF-177e5df8,0
17,STF-1c410c36,Angelica Tucker,nurse,surgery,1,STF-177e5df8,0
18,STF-1c410c36,Angelica Tucker,nurse,surgery,0,STF-177e5df8,0
19,STF-1c410c36,Angelica Tucker,nurse,surgery,1,STF-177e5df8,0
20,STF-1c410c36,Angelica Tucker,nurse,surgery,1,STF-177e5df8,0
21,STF-1c410c36,Angelica Tucker,nurse,surgery,0,STF-177e5df8,0
22,STF-1c410c36,Angelica Tucker,nurse,surgery,1,STF-177e5df8,0
23,STF-1c410c36,Angelica Tucker,nurse,surgery,1,STF-177e5df8,0
24,STF-1c410c36,Angelica Tucker,nurse,surgery,0,STF-177e5df8,0
25,STF-1c410c36,Angelica Tucker,nurse,surgery,1,STF-177e5df8,0
26,STF-1c410c36,Angelica Tucker,nurse,surgery,1,STF-177e5df8,0
27,STF-1c410c36,Angelica Tucker,nurse,surgery,0,STF-177e5df8,0
28,STF-1c410c36,Angelica Tucker,nurse,surgery,1,STF-177e5df8,0
29,STF-1c410c36,Angelica Tucker,nurse,surgery,1,STF-177e5df8,0
30,STF-1c410c36,Angelica Tucker,nurse,surgery,0,STF-177e5df8,0
31,STF-1c410c36,Angelica Tucker,nurse,surgery,1,STF-177e5df8,0
32,STF-1c410c36,Angelica Tucker,nurse,surgery,1,STF-177e5df8,0
33,STF-1c410c36,Angelica Tucker,nurse,surgery,0,STF-177e5df8,0
34,STF-1c410c36,Angelica Tucker,nurse,surgery,1,STF-177e5df8,0
35,STF-1c410c36,Angelica Tucker,nurse,surgery,1,STF-177e5df8,0
36,STF-1c410c36,Angelica Tucker,nurse,surgery,0,STF-177e5df8,0
37,STF-1c410c36,Angelica Tucker,nurse,surgery,1,STF-177e5df8,0
38,STF-1c410c36,Angelica Tucker,nurse,surgery,1,STF-177e5df8,0
39,STF-1c410c36,Angelica Tucker,nurse,surgery,0,STF-177e5df8,0
40,STF-1c410c36,Angelica Tucker,nurse,surgery,0,STF-177e5df8,0
41,STF-1c410c36,Angelica Tucker,nurse,surgery,1,STF-177e5df8,0
42,STF-1c410c36,Angelica Tucker,nurse,surgery,0,STF-177e5df8,0
43,STF-1c410c36,Angelica Tucker,nurse,surgery,1,STF-177e5df8,0
44,STF-1c410c36,Angelica Tucker,nurse,surgery,1,STF-177e5df8,0
45,STF-1c410c36,Angelica Tucker,nurse,surgery,0,STF-177e5df8,0
46,STF-1c410c36,Angelica Tucker,nurse,surgery,1,STF-177e5df8,0
47,STF-1c410c36,Angelica Tucker,nurse,surgery,1,STF-177e5df8,0
48,STF-1c410c36,Angelica Tucker,nurse,surgery,0,STF-177e5df8,0
49,STF-1c410c36,Angelica Tucker,nurse,surgery,1,STF-177e5df8,0
50,STF-1c410c36,Angelica Tucker,nurse,surgery,1,STF-177e5df8,0
51,STF-1c410c36,Angelica Tucker,nurse,surgery,0,STF-177e5df8,0
52,STF-1c410c36,Angelica Tucker,nurse,surgery,1,STF-177e5df8,0
1,STF-9fdbaf6f,Philip Cannon,nurse,surgery,1,STF-3d6f6916,0
2,STF-9fdbaf6f,Philip Cannon,nurse,surgery,1,STF-3d6f6916,0
3,STF-9fdbaf6f,Philip Cannon,nurse,surgery,0,STF-3d6f6916,0
4,STF-9fdbaf6f,Philip Cannon,nurse,surgery,1,STF-3d6f6916,0
5,STF-9fdbaf6f,Philip Cannon,nurse,surgery,0,STF-3d6f6916,0
6,STF-9fdbaf6f,Philip Cannon,nurse,surgery,0,STF-3d6f6916,0
7,STF-9fdbaf6f,Philip Cannon,nurse,surgery,1,STF-3d6f6916,0
8,STF-9fdbaf6f,Philip Cannon,nurse,surgery,1,STF-3d6f6916,0
9,STF-9fdbaf6f,Philip Cannon,nurse,surgery,0,STF-3d6f6916,0
10,STF-9fdbaf6f,Philip Cannon,nurse,surgery,1,STF-3d6f6916,0
11,STF-9fdbaf6f,Philip Cannon,nurse,surgery,1,STF-3d6f6916,0
12,STF-9fdbaf6f,Philip Cannon,nurse,surgery,0,STF-3d6f6916,0
13,STF-9fdbaf6f,Philip Cannon,nurse,surgery,1,STF-3d6f6916,0
14,STF-9fdbaf6f,Philip Cannon,nurse,surgery,1,STF-3d6f6916,0
15,STF-9fdbaf6f,Philip Cannon,nurse,surgery,0,STF-3d6f6916,0
16,STF-9fdbaf6f,Philip Cannon,nurse,surgery,1,STF-3d6f6916,0
17,STF-9fdbaf6f,Philip Cannon,nurse,surgery,1,STF-3d6f6916,0
18,STF-9fdbaf6f,Philip Cannon,nurse,surgery,0,STF-3d6f6916,0
19,STF-9fdbaf6f,Philip Cannon,nurse,surgery,0,STF-3d6f6916,0
20,STF-9fdbaf6f,Philip Cannon,nurse,surgery,1,STF-3d6f6916,0
21,STF-9fdbaf6f,Philip Cannon,nurse,surgery,0,STF-3d6f6916,0
22,STF-9fdbaf6f,Philip Cannon,nurse,surgery,1,STF-3d6f6916,0
23,STF-9fdbaf6f,Philip Cannon,nurse,surgery,1,STF-3d6f6916,0
24,STF-9fdbaf6f,Philip Cannon,nurse,surgery,0,STF-3d6f6916,0
25,STF-9fdbaf6f,Philip Cannon,nurse,surgery,1,STF-3d6f6916,0
26,STF-9fdbaf6f,Philip Cannon,nurse,surgery,1,STF-3d6f6916,0
27,STF-9fdbaf6f,Philip Cannon,nurse,surgery,0,STF-3d6f6916,0
28,STF-9fdbaf6f,Philip Cannon,nurse,surgery,1,STF-3d6f6916,0
29,STF-9fdbaf6f,Philip Cannon,nurse,surgery,1,STF-3d6f6916,0
30,STF-9fdbaf6f,Philip Cannon,nurse,surgery,0,STF-3d6f6916,0
31,STF-9fdbaf6f,Philip Cannon,nurse,surgery,1,STF-3d6f6916,0
32,STF-9fdbaf6f,Philip Cannon,nurse,surgery,1,STF-3d6f6916,0
33,STF-9fdbaf6f,Philip Cannon,nurse,surgery,0,STF-3d6f6916,0
34,STF-9fdbaf6f,Philip Cannon,nurse,surgery,1,STF-3d6f6916,0
35,STF-9fdbaf6f,Philip Cannon,nurse,surgery,1,STF-3d6f6916,0
36,STF-9fdbaf6f,Philip Cannon,nurse,surgery,0,STF-3d6f6916,0
37,STF-9fdbaf6f,Philip Cannon,nurse,surgery,1,STF-3d6f6916,0
38,STF-9fdbaf6f,Philip Cannon,nurse,surgery,1,STF-3d6f6916,0
39,STF-9fdbaf6f,Philip Cannon,nurse,surgery,0,STF-3d6f6916,0
40,STF-9fdbaf6f,Philip Cannon,nurse,surgery,1,STF-3d6f6916,0
41,STF-9fdbaf6f,Philip Cannon,nurse,surgery,1,STF-3d6f6916,0
42,STF-9fdbaf6f,Philip Cannon,nurse,surgery,0,STF-3d6f6916,0
43,STF-9fdbaf6f,Philip Cannon,nurse,surgery,1,STF-3d6f6916,0
44,STF-9fdbaf6f,Philip Cannon,nurse,surgery,1,STF-3d6f6916,0
45,STF-9fdbaf6f,Philip Cannon,nurse,surgery,0,STF-3d6f6916,0
46,STF-9fdbaf6f,Philip Cannon,nurse,surgery,1,STF-3d6f6916,0
47,STF-9fdbaf6f,Philip Cannon,nurse,surgery,1,STF-3d6f6916,0
48,STF-9fdbaf6f,Philip Cannon,nurse,surgery,0,STF-3d6f6916,0
49,STF-9fdbaf6f,Philip Cannon,nurse,surgery,1,STF-3d6f6916,0
50,STF-9fdbaf6f,Philip Cannon,nurse,surgery,0,STF-3d6f6916,0
51,STF-9fdbaf6f,Philip Cannon,nurse,surgery,0,STF-3d6f6916,0
52,STF-9fdbaf6f,Philip Cannon,nurse,surgery,0,STF-3d6f6916,0
1,STF-11c84169,John Pierce,nurse,surgery,1,STF-00fbd582,0
2,STF-11c84169,John Pierce,nurse,surgery,1,STF-00fbd582,0
3,STF-11c84169,John Pierce,nurse,surgery,0,STF-00fbd582,0
4,STF-11c84169,John Pierce,nurse,surgery,0,STF-00fbd582,0
5,STF-11c84169,John Pierce,nurse,surgery,1,STF-00fbd582,0
6,STF-11c84169,John Pierce,nurse,surgery,0,STF-00fbd582,0
7,STF-11c84169,John Pierce,nurse,surgery,1,STF-00fbd582,0
8,STF-11c84169,John Pierce,nurse,surgery,1,STF-00fbd582,0
9,STF-11c84169,John Pierce,nurse,surgery,0,STF-00fbd582,0
10,STF-11c84169,John Pierce,nurse,surgery,0,STF-00fbd582,0
11,STF-11c84169,John Pierce,nurse,surgery,1,STF-00fbd582,0
12,STF-11c84169,John Pierce,nurse,surgery,0,STF-00fbd582,0
13,STF-11c84169,John Pierce,nurse,surgery,1,STF-00fbd582,0
14,STF-11c84169,John Pierce,nurse,surgery,1,STF-00fbd582,0
15,STF-11c84169,John Pierce,nurse,surgery,0,STF-00fbd582,0
16,STF-11c84169,John Pierce,nurse,surgery,1,STF-00fbd582,0
17,STF-11c84169,John Pierce,nurse,surgery,1,STF-00fbd582,0
18,STF-11c84169,John Pierce,nurse,surgery,0,STF-00fbd582,0
19,STF-11c84169,John Pierce,nurse,surgery,1,STF-00fbd582,0
20,STF-11c84169,John Pierce,nurse,surgery,1,STF-00fbd582,0
21,STF-11c84169,John Pierce,nurse,surgery,0,STF-00fbd582,0
22,STF-11c84169,John Pierce,nurse,surgery,1,STF-00fbd582,0
23,STF-11c84169,John Pierce,nurse,surgery,1,STF-00fbd582,0
24,STF-11c84169,John Pierce,nurse,surgery,0,STF-00fbd582,0
25,STF-11c84169,John Pierce,nurse,surgery,1,STF-00fbd582,0
26,STF-11c84169,John Pierce,nurse,surgery,1,STF-00fbd582,0
27,STF-11c84169,John Pierce,nurse,surgery,0,STF-00fbd582,0
28,STF-11c84169,John Pierce,nurse,surgery,1,STF-00fbd582,0
29,STF-11c84169,John Pierce,nurse,surgery,1,STF-00fbd582,0
30,STF-11c84169,John Pierce,nurse,surgery,0,STF-00fbd582,0
31,STF-11c84169,John Pierce,nurse,surgery,0,STF-00fbd582,0
32,STF-11c84169,John Pierce,nurse,surgery,1,STF-00fbd582,0
33,STF-11c84169,John Pierce,nurse,surgery,0,STF-00fbd582,0
34,STF-11c84169,John Pierce,nurse,surgery,1,STF-00fbd582,0
35,STF-11c84169,John Pierce,nurse,surgery,1,STF-00fbd582,0
36,STF-11c84169,John Pierce,nurse,surgery,0,STF-00fbd582,0
37,STF-11c84169,John Pierce,nurse,surgery,1,STF-00fbd582,0
38,STF-11c84169,John Pierce,nurse,surgery,0,STF-00fbd582,0
39,STF-11c84169,John Pierce,nurse,surgery,0,STF-00fbd582,0
40,STF-11c84169,John Pierce,nurse,surgery,1,STF-00fbd582,0
41,STF-11c84169,John Pierce,nurse,surgery,1,STF-00fbd582,0
42,STF-11c84169,John Pierce,nurse,surgery,0,STF-00fbd582,0
43,STF-11c84169,John Pierce,nurse,surgery,0,STF-00fbd582,0
44,STF-11c84169,John Pierce,nurse,surgery,1,STF-00fbd582,0
45,STF-11c84169,John Pierce,nurse,surgery,0,STF-00fbd582,0
46,STF-11c84169,John Pierce,nurse,surgery,1,STF-00fbd582,0
47,STF-11c84169,John Pierce,nurse,surgery,1,STF-00fbd582,0
48,STF-11c84169,John Pierce,nurse,surgery,0,STF-00fbd582,0
49,STF-11c84169,John Pierce,nurse,surgery,1,STF-00fbd582,0
50,STF-11c84169,John Pierce,nurse,surgery,1,STF-00fbd582,0
51,STF-11c84169,John Pierce,nurse,surgery,0,STF-00fbd582,0
52,STF-11c84169,John Pierce,nurse,surgery,0,STF-00fbd582,0
1,STF-fc210a9e,Shane Henderson,nurse,surgery,1,STF-42844552,0
2,STF-fc210a9e,Shane Henderson,nurse,surgery,1,STF-42844552,0
3,STF-fc210a9e,Shane Henderson,nurse,surgery,0,STF-42844552,0
4,STF-fc210a9e,Shane Henderson,nurse,surgery,1,STF-42844552,0
5,STF-fc210a9e,Shane Henderson,nurse,surgery,1,STF-42844552,0
6,STF-fc210a9e,Shane Henderson,nurse,surgery,0,STF-42844552,0
7,STF-fc210a9e,Shane Henderson,nurse,surgery,1,STF-42844552,0
8,STF-fc210a9e,Shane Henderson,nurse,surgery,1,STF-42844552,0
9,STF-fc210a9e,Shane Henderson,nurse,surgery,0,STF-42844552,0
10,STF-fc210a9e,Shane Henderson,nurse,surgery,1,STF-42844552,0
11,STF-fc210a9e,Shane Henderson,nurse,surgery,0,STF-42844552,0
12,STF-fc210a9e,Shane Henderson,nurse,surgery,0,STF-42844552,0
13,STF-fc210a9e,Shane Henderson,nurse,surgery,1,STF-42844552,0
14,STF-fc210a9e,Shane Henderson,nurse,surgery,1,STF-42844552,0
15,STF-fc210a9e,Shane Henderson,nurse,surgery,0,STF-42844552,0
16,STF-fc210a9e,Shane Henderson,nurse,surgery,1,STF-42844552,0
17,STF-fc210a9e,Shane Henderson,nurse,surgery,1,STF-42844552,0
18,STF-fc210a9e,Shane Henderson,nurse,surgery,0,STF-42844552,0
19,STF-fc210a9e,Shane Henderson,nurse,surgery,1,STF-42844552,0
20,STF-fc210a9e,Shane Henderson,nurse,surgery,1,STF-42844552,0
21,STF-fc210a9e,Shane Henderson,nurse,surgery,0,STF-42844552,0
22,STF-fc210a9e,Shane Henderson,nurse,surgery,1,STF-42844552,0
23,STF-fc210a9e,Shane Henderson,nurse,surgery,1,STF-42844552,0
24,STF-fc210a9e,Shane Henderson,nurse,surgery,0,STF-42844552,0
25,STF-fc210a9e,Shane Henderson,nurse,surgery,1,STF-42844552,0
26,STF-fc210a9e,Shane Henderson,nurse,surgery,1,STF-42844552,0
27,STF-fc210a9e,Shane Henderson,nurse,surgery,0,STF-42844552,0
28,STF-fc210a9e,Shane Henderson,nurse,surgery,1,STF-42844552,0
29,STF-fc210a9e,Shane Henderson,nurse,surgery,1,STF-42844552,0
30,STF-fc210a9e,Shane Henderson,nurse,surgery,0,STF-42844552,0
31,STF-fc210a9e,Shane Henderson,nurse,surgery,0,STF-42844552,0
32,STF-fc210a9e,Shane Henderson,nurse,surgery,1,STF-42844552,0
33,STF-fc210a9e,Shane Henderson,nurse,surgery,0,STF-42844552,0
34,STF-fc210a9e,Shane Henderson,nurse,surgery,1,STF-42844552,0
35,STF-fc210a9e,Shane Henderson,nurse,surgery,1,STF-42844552,0
36,STF-fc210a9e,Shane Henderson,nurse,surgery,0,STF-42844552,0
37,STF-fc210a9e,Shane Henderson,nurse,surgery,1,STF-42844552,0
38,STF-fc210a9e,Shane Henderson,nurse,surgery,1,STF-42844552,0
39,STF-fc210a9e,Shane Henderson,nurse,surgery,0,STF-42844552,0
40,STF-fc210a9e,Shane Henderson,nurse,surgery,1,STF-42844552,0
41,STF-fc210a9e,Shane Henderson,nurse,surgery,1,STF-42844552,0
42,STF-fc210a9e,Shane Henderson,nurse,surgery,0,STF-42844552,0
43,STF-fc210a9e,Shane Henderson,nurse,surgery,1,STF-42844552,0
44,STF-fc210a9e,Shane Henderson,nurse,surgery,1,STF-42844552,0
45,STF-fc210a9e,Shane Henderson,nurse,surgery,0,STF-42844552,0
46,STF-fc210a9e,Shane Henderson,nurse,surgery,1,STF-42844552,0
47,STF-fc210a9e,Shane Henderson,nurse,surgery,1,STF-42844552,0
48,STF-fc210a9e,Shane Henderson,nurse,surgery,0,STF-42844552,0
49,STF-fc210a9e,Shane Henderson,nurse,surgery,1,STF-42844552,0
50,STF-fc210a9e,Shane Henderson,nurse,surgery,1,STF-42844552,0
51,STF-fc210a9e,Shane Henderson,nurse,surgery,0,STF-42844552,0
52,STF-fc210a9e,Shane Henderson,nurse,surgery,1,STF-42844552,0
1,STF-1bc3ecc7,Joshua Blair,nurse,surgery,1,STF-1ded4330,0
2,STF-1bc3ecc7,Joshua Blair,nurse,surgery,0,STF-1ded4330,0
3,STF-1bc3ecc7,Joshua Blair,nurse,surgery,0,STF-1ded4330,0
4,STF-1bc3ecc7,Joshua Blair,nurse,surgery,0,STF-1ded4330,0
5,STF-1bc3ecc7,Joshua Blair,nurse,surgery,1,STF-1ded4330,0
6,STF-1bc3ecc7,Joshua Blair,nurse,surgery,0,STF-1ded4330,0
7,STF-1bc3ecc7,Joshua Blair,nurse,surgery,1,STF-1ded4330,0
8,STF-1bc3ecc7,Joshua Blair,nurse,surgery,1,STF-1ded4330,0
9,STF-1bc3ecc7,Joshua Blair,nurse,surgery,0,STF-1ded4330,0
10,STF-1bc3ecc7,Joshua Blair,nurse,surgery,1,STF-1ded4330,0
11,STF-1bc3ecc7,Joshua Blair,nurse,surgery,1,STF-1ded4330,0
12,STF-1bc3ecc7,Joshua Blair,nurse,surgery,0,STF-1ded4330,0
13,STF-1bc3ecc7,Joshua Blair,nurse,surgery,0,STF-1ded4330,0
14,STF-1bc3ecc7,Joshua Blair,nurse,surgery,1,STF-1ded4330,0
15,STF-1bc3ecc7,Joshua Blair,nurse,surgery,0,STF-1ded4330,0
16,STF-1bc3ecc7,Joshua Blair,nurse,surgery,1,STF-1ded4330,0
17,STF-1bc3ecc7,Joshua Blair,nurse,surgery,1,STF-1ded4330,0
18,STF-1bc3ecc7,Joshua Blair,nurse,surgery,0,STF-1ded4330,0
19,STF-1bc3ecc7,Joshua Blair,nurse,surgery,1,STF-1ded4330,0
20,STF-1bc3ecc7,Joshua Blair,nurse,surgery,1,STF-1ded4330,0
21,STF-1bc3ecc7,Joshua Blair,nurse,surgery,0,STF-1ded4330,0
22,STF-1bc3ecc7,Joshua Blair,nurse,surgery,1,STF-1ded4330,0
23,STF-1bc3ecc7,Joshua Blair,nurse,surgery,1,STF-1ded4330,0
24,STF-1bc3ecc7,Joshua Blair,nurse,surgery,0,STF-1ded4330,0
25,STF-1bc3ecc7,Joshua Blair,nurse,surgery,1,STF-1ded4330,0
26,STF-1bc3ecc7,Joshua Blair,nurse,surgery,1,STF-1ded4330,0
27,STF-1bc3ecc7,Joshua Blair,nurse,surgery,0,STF-1ded4330,0
28,STF-1bc3ecc7,Joshua Blair,nurse,surgery,1,STF-1ded4330,0
29,STF-1bc3ecc7,Joshua Blair,nurse,surgery,1,STF-1ded4330,0
30,STF-1bc3ecc7,Joshua Blair,nurse,surgery,0,STF-1ded4330,0
31,STF-1bc3ecc7,Joshua Blair,nurse,surgery,1,STF-1ded4330,0
32,STF-1bc3ecc7,Joshua Blair,nurse,surgery,1,STF-1ded4330,0
33,STF-1bc3ecc7,Joshua Blair,nurse,surgery,0,STF-1ded4330,0
34,STF-1bc3ecc7,Joshua Blair,nurse,surgery,1,STF-1ded4330,0
35,STF-1bc3ecc7,Joshua Blair,nurse,surgery,1,STF-1ded4330,0
36,STF-1bc3ecc7,Joshua Blair,nurse,surgery,0,STF-1ded4330,0
37,STF-1bc3ecc7,Joshua Blair,nurse,surgery,1,STF-1ded4330,0
38,STF-1bc3ecc7,Joshua Blair,nurse,surgery,1,STF-1ded4330,0
39,STF-1bc3ecc7,Joshua Blair,nurse,surgery,0,STF-1ded4330,0
40,STF-1bc3ecc7,Joshua Blair,nurse,surgery,1,STF-1ded4330,0
41,STF-1bc3ecc7,Joshua Blair,nurse,surgery,1,STF-1ded4330,0
42,STF-1bc3ecc7,Joshua Blair,nurse,surgery,0,STF-1ded4330,0
43,STF-1bc3ecc7,Joshua Blair,nurse,surgery,0,STF-1ded4330,0
44,STF-1bc3ecc7,Joshua Blair,nurse,surgery,1,STF-1ded4330,0
45,STF-1bc3ecc7,Joshua Blair,nurse,surgery,0,STF-1ded4330,0
46,STF-1bc3ecc7,Joshua Blair,nurse,surgery,1,STF-1ded4330,0
47,STF-1bc3ecc7,Joshua Blair,nurse,surgery,1,STF-1ded4330,0
48,STF-1bc3ecc7,Joshua Blair,nurse,surgery,0,STF-1ded4330,0
49,STF-1bc3ecc7,Joshua Blair,nurse,surgery,1,STF-1ded4330,0
50,STF-1bc3ecc7,Joshua Blair,nurse,surgery,1,STF-1ded4330,0
51,STF-1bc3ecc7,Joshua Blair,nurse,surgery,0,STF-1ded4330,0
52,STF-1bc3ecc7,Joshua Blair,nurse,surgery,1,STF-1ded4330,0
1,STF-4b388ef9,Eric Carney,nurse,surgery,1,STF-5d51a8ea,0
2,STF-4b388ef9,Eric Carney,nurse,surgery,1,STF-5d51a8ea,0
3,STF-4b388ef9,Eric Carney,nurse,surgery,0,STF-5d51a8ea,0
4,STF-4b388ef9,Eric Carney,nurse,surgery,1,STF-5d51a8ea,0
5,STF-4b388ef9,Eric Carney,nurse,surgery,1,STF-5d51a8ea,0
6,STF-4b388ef9,Eric Carney,nurse,surgery,0,STF-5d51a8ea,0
7,STF-4b388ef9,Eric Carney,nurse,surgery,1,STF-5d51a8ea,0
8,STF-4b388ef9,Eric Carney,nurse,surgery,0,STF-5d51a8ea,0
9,STF-4b388ef9,Eric Carney,nurse,surgery,0,STF-5d51a8ea,0
10,STF-4b388ef9,Eric Carney,nurse,surgery,0,STF-5d51a8ea,0
11,STF-4b388ef9,Eric Carney,nurse,surgery,1,STF-5d51a8ea,0
12,STF-4b388ef9,Eric Carney,nurse,surgery,0,STF-5d51a8ea,0
13,STF-4b388ef9,Eric Carney,nurse,surgery,1,STF-5d51a8ea,0
14,STF-4b388ef9,Eric Carney,nurse,surgery,1,STF-5d51a8ea,0
15,STF-4b388ef9,Eric Carney,nurse,surgery,0,STF-5d51a8ea,0
16,STF-4b388ef9,Eric Carney,nurse,surgery,1,STF-5d51a8ea,0
17,STF-4b388ef9,Eric Carney,nurse,surgery,0,STF-5d51a8ea,0
18,STF-4b388ef9,Eric Carney,nurse,surgery,0,STF-5d51a8ea,0
19,STF-4b388ef9,Eric Carney,nurse,surgery,1,STF-5d51a8ea,0
20,STF-4b388ef9,Eric Carney,nurse,surgery,1,STF-5d51a8ea,0
21,STF-4b388ef9,Eric Carney,nurse,surgery,0,STF-5d51a8ea,0
22,STF-4b388ef9,Eric Carney,nurse,surgery,1,STF-5d51a8ea,0
23,STF-4b388ef9,Eric Carney,nurse,surgery,1,STF-5d51a8ea,0
24,STF-4b388ef9,Eric Carney,nurse,surgery,0,STF-5d51a8ea,0
25,STF-4b388ef9,Eric Carney,nurse,surgery,1,STF-5d51a8ea,0
26,STF-4b388ef9,Eric Carney,nurse,surgery,1,STF-5d51a8ea,0
27,STF-4b388ef9,Eric Carney,nurse,surgery,0,STF-5d51a8ea,0
28,STF-4b388ef9,Eric Carney,nurse,surgery,1,STF-5d51a8ea,0
29,STF-4b388ef9,Eric Carney,nurse,surgery,1,STF-5d51a8ea,0
30,STF-4b388ef9,Eric Carney,nurse,surgery,0,STF-5d51a8ea,0
31,STF-4b388ef9,Eric Carney,nurse,surgery,0,STF-5d51a8ea,0
32,STF-4b388ef9,Eric Carney,nurse,surgery,1,STF-5d51a8ea,0
33,STF-4b388ef9,Eric Carney,nurse,surgery,0,STF-5d51a8ea,0
34,STF-4b388ef9,Eric Carney,nurse,surgery,1,STF-5d51a8ea,0
35,STF-4b388ef9,Eric Carney,nurse,surgery,1,STF-5d51a8ea,0
36,STF-4b388ef9,Eric Carney,nurse,surgery,0,STF-5d51a8ea,0
37,STF-4b388ef9,Eric Carney,nurse,surgery,1,STF-5d51a8ea,0
38,STF-4b388ef9,Eric Carney,nurse,surgery,1,STF-5d51a8ea,0
39,STF-4b388ef9,Eric Carney,nurse,surgery,0,STF-5d51a8ea,0
40,STF-4b388ef9,Eric Carney,nurse,surgery,1,STF-5d51a8ea,0
41,STF-4b388ef9,Eric Carney,nurse,surgery,1,STF-5d51a8ea,0
42,STF-4b388ef9,Eric Carney,nurse,surgery,0,STF-5d51a8ea,0
43,STF-4b388ef9,Eric Carney,nurse,surgery,1,STF-5d51a8ea,0
44,STF-4b388ef9,Eric Carney,nurse,surgery,1,STF-5d51a8ea,0
45,STF-4b388ef9,Eric Carney,nurse,surgery,0,STF-5d51a8ea,0
46,STF-4b388ef9,Eric Carney,nurse,surgery,1,STF-5d51a8ea,0
47,STF-4b388ef9,Eric Carney,nurse,surgery,1,STF-5d51a8ea,0
48,STF-4b388ef9,Eric Carney,nurse,surgery,0,STF-5d51a8ea,0
49,STF-4b388ef9,Eric Carney,nurse,surgery,1,STF-5d51a8ea,0
50,STF-4b388ef9,Eric Carney,nurse,surgery,1,STF-5d51a8ea,0
51,STF-4b388ef9,Eric Carney,nurse,surgery,0,STF-5d51a8ea,0
52,STF-4b388ef9,Eric Carney,nurse,surgery,1,STF-5d51a8ea,0
1,STF-53629610,Jessica Holmes,nurse,surgery,1,STF-b19d1900,0
2,STF-53629610,Jessica Holmes,nurse,surgery,1,STF-b19d1900,0
3,STF-53629610,Jessica Holmes,nurse,surgery,0,STF-b19d1900,0
4,STF-53629610,Jessica Holmes,nurse,surgery,1,STF-b19d1900,0
5,STF-53629610,Jessica Holmes,nurse,surgery,1,STF-b19d1900,0
6,STF-53629610,Jessica Holmes,nurse,surgery,0,STF-b19d1900,0
7,STF-53629610,Jessica Holmes,nurse,surgery,1,STF-b19d1900,0
8,STF-53629610,Jessica Holmes,nurse,surgery,1,STF-b19d1900,0
9,STF-53629610,Jessica Holmes,nurse,surgery,0,STF-b19d1900,0
10,STF-53629610,Jessica Holmes,nurse,surgery,1,STF-b19d1900,0
11,STF-53629610,Jessica Holmes,nurse,surgery,1,STF-b19d1900,0
12,STF-53629610,Jessica Holmes,nurse,surgery,0,STF-b19d1900,0
13,STF-53629610,Jessica Holmes,nurse,surgery,1,STF-b19d1900,0
14,STF-53629610,Jessica Holmes,nurse,surgery,1,STF-b19d1900,0
15,STF-53629610,Jessica Holmes,nurse,surgery,0,STF-b19d1900,0
16,STF-53629610,Jessica Holmes,nurse,surgery,1,STF-b19d1900,0
17,STF-53629610,Jessica Holmes,nurse,surgery,1,STF-b19d1900,0
18,STF-53629610,Jessica Holmes,nurse,surgery,0,STF-b19d1900,0
19,STF-53629610,Jessica Holmes,nurse,surgery,1,STF-b19d1900,0
20,STF-53629610,Jessica Holmes,nurse,surgery,1,STF-b19d1900,0
21,STF-53629610,Jessica Holmes,nurse,surgery,0,STF-b19d1900,0
22,STF-53629610,Jessica Holmes,nurse,surgery,1,STF-b19d1900,0
23,STF-53629610,Jessica Holmes,nurse,surgery,1,STF-b19d1900,0
24,STF-53629610,Jessica Holmes,nurse,surgery,0,STF-b19d1900,0
25,STF-53629610,Jessica Holmes,nurse,surgery,1,STF-b19d1900,0
26,STF-53629610,Jessica Holmes,nurse,surgery,1,STF-b19d1900,0
27,STF-53629610,Jessica Holmes,nurse,surgery,0,STF-b19d1900,0
28,STF-53629610,Jessica Holmes,nurse,surgery,1,STF-b19d1900,0
29,STF-53629610,Jessica Holmes,nurse,surgery,1,STF-b19d1900,0
30,STF-53629610,Jessica Holmes,nurse,surgery,0,STF-b19d1900,0
31,STF-53629610,Jessica Holmes,nurse,surgery,0,STF-b19d1900,0
32,STF-53629610,Jessica Holmes,nurse,surgery,1,STF-b19d1900,0
33,STF-53629610,Jessica Holmes,nurse,surgery,0,STF-b19d1900,0
34,STF-53629610,Jessica Holmes,nurse,surgery,1,STF-b19d1900,0
35,STF-53629610,Jessica Holmes,nurse,surgery,1,STF-b19d1900,0
36,STF-53629610,Jessica Holmes,nurse,surgery,0,STF-b19d1900,0
37,STF-53629610,Jessica Holmes,nurse,surgery,1,STF-b19d1900,0
38,STF-53629610,Jessica Holmes,nurse,surgery,1,STF-b19d1900,0
39,STF-53629610,Jessica Holmes,nurse,surgery,0,STF-b19d1900,0
40,STF-53629610,Jessica Holmes,nurse,surgery,0,STF-b19d1900,0
41,STF-53629610,Jessica Holmes,nurse,surgery,1,STF-b19d1900,0
42,STF-53629610,Jessica Holmes,nurse,surgery,0,STF-b19d1900,0
43,STF-53629610,Jessica Holmes,nurse,surgery,1,STF-b19d1900,0
44,STF-53629610,Jessica Holmes,nurse,surgery,1,STF-b19d1900,0
45,STF-53629610,Jessica Holmes,nurse,surgery,0,STF-b19d1900,0
46,STF-53629610,Jessica Holmes,nurse,surgery,1,STF-b19d1900,0
47,STF-53629610,Jessica Holmes,nurse,surgery,1,STF-b19d1900,0
48,STF-53629610,Jessica Holmes,nurse,surgery,0,STF-b19d1900,0
49,STF-53629610,Jessica Holmes,nurse,surgery,1,STF-b19d1900,0
50,STF-53629610,Jessica Holmes,nurse,surgery,1,STF-b19d1900,0
51,STF-53629610,Jessica Holmes,nurse,surgery,0,STF-b19d1900,0
52,STF-53629610,Jessica Holmes,nurse,surgery,1,STF-b19d1900,0
1,STF-dfe95bc8,Danny Morgan,nurse,surgery,1,STF-b4b308d8,0
2,STF-dfe95bc8,Danny Morgan,nurse,surgery,1,STF-b4b308d8,0
3,STF-dfe95bc8,Danny Morgan,nurse,surgery,0,STF-b4b308d8,0
4,STF-dfe95bc8,Danny Morgan,nurse,surgery,0,STF-b4b308d8,0
5,STF-dfe95bc8,Danny Morgan,nurse,surgery,1,STF-b4b308d8,0
6,STF-dfe95bc8,Danny Morgan,nurse,surgery,0,STF-b4b308d8,0
7,STF-dfe95bc8,Danny Morgan,nurse,surgery,1,STF-b4b308d8,0
8,STF-dfe95bc8,Danny Morgan,nurse,surgery,0,STF-b4b308d8,0
9,STF-dfe95bc8,Danny Morgan,nurse,surgery,0,STF-b4b308d8,0
10,STF-dfe95bc8,Danny Morgan,nurse,surgery,1,STF-b4b308d8,0
11,STF-dfe95bc8,Danny Morgan,nurse,surgery,0,STF-b4b308d8,0
12,STF-dfe95bc8,Danny Morgan,nurse,surgery,0,STF-b4b308d8,0
13,STF-dfe95bc8,Danny Morgan,nurse,surgery,1,STF-b4b308d8,0
14,STF-dfe95bc8,Danny Morgan,nurse,surgery,1,STF-b4b308d8,0
15,STF-dfe95bc8,Danny Morgan,nurse,surgery,0,STF-b4b308d8,0
16,STF-dfe95bc8,Danny Morgan,nurse,surgery,0,STF-b4b308d8,0
17,STF-dfe95bc8,Danny Morgan,nurse,surgery,1,STF-b4b308d8,0
18,STF-dfe95bc8,Danny Morgan,nurse,surgery,0,STF-b4b308d8,0
19,STF-dfe95bc8,Danny Morgan,nurse,surgery,1,STF-b4b308d8,0
20,STF-dfe95bc8,Danny Morgan,nurse,surgery,1,STF-b4b308d8,0
21,STF-dfe95bc8,Danny Morgan,nurse,surgery,0,STF-b4b308d8,0
22,STF-dfe95bc8,Danny Morgan,nurse,surgery,1,STF-b4b308d8,0
23,STF-dfe95bc8,Danny Morgan,nurse,surgery,1,STF-b4b308d8,0
24,STF-dfe95bc8,Danny Morgan,nurse,surgery,0,STF-b4b308d8,0
25,STF-dfe95bc8,Danny Morgan,nurse,surgery,1,STF-b4b308d8,0
26,STF-dfe95bc8,Danny Morgan,nurse,surgery,1,STF-b4b308d8,0
27,STF-dfe95bc8,Danny Morgan,nurse,surgery,0,STF-b4b308d8,0
28,STF-dfe95bc8,Danny Morgan,nurse,surgery,1,STF-b4b308d8,0
29,STF-dfe95bc8,Danny Morgan,nurse,surgery,1,STF-b4b308d8,0
30,STF-dfe95bc8,Danny Morgan,nurse,surgery,0,STF-b4b308d8,0
31,STF-dfe95bc8,Danny Morgan,nurse,surgery,1,STF-b4b308d8,0
32,STF-dfe95bc8,Danny Morgan,nurse,surgery,1,STF-b4b308d8,0
33,STF-dfe95bc8,Danny Morgan,nurse,surgery,0,STF-b4b308d8,0
34,STF-dfe95bc8,Danny Morgan,nurse,surgery,1,STF-b4b308d8,0
35,STF-dfe95bc8,Danny Morgan,nurse,surgery,0,STF-b4b308d8,0
36,STF-dfe95bc8,Danny Morgan,nurse,surgery,0,STF-b4b308d8,0
37,STF-dfe95bc8,Danny Morgan,nurse,surgery,1,STF-b4b308d8,0
38,STF-dfe95bc8,Danny Morgan,nurse,surgery,1,STF-b4b308d8,0
39,STF-dfe95bc8,Danny Morgan,nurse,surgery,0,STF-b4b308d8,0
40,STF-dfe95bc8,Danny Morgan,nurse,surgery,1,STF-b4b308d8,0
41,STF-dfe95bc8,Danny Morgan,nurse,surgery,1,STF-b4b308d8,0
42,STF-dfe95bc8,Danny Morgan,nurse,surgery,0,STF-b4b308d8,0
43,STF-dfe95bc8,Danny Morgan,nurse,surgery,1,STF-b4b308d8,0
44,STF-dfe95bc8,Danny Morgan,nurse,surgery,1,STF-b4b308d8,0
45,STF-dfe95bc8,Danny Morgan,nurse,surgery,0,STF-b4b308d8,0
46,STF-dfe95bc8,Danny Morgan,nurse,surgery,1,STF-b4b308d8,0
47,STF-dfe95bc8,Danny Morgan,nurse,surgery,1,STF-b4b308d8,0
48,STF-dfe95bc8,Danny Morgan,nurse,surgery,0,STF-b4b308d8,0
49,STF-dfe95bc8,Danny Morgan,nurse,surgery,1,STF-b4b308d8,0
50,STF-dfe95bc8,Danny Morgan,nurse,surgery,1,STF-b4b308d8,0
51,STF-dfe95bc8,Danny Morgan,nurse,surgery,0,STF-b4b308d8,0
52,STF-dfe95bc8,Danny Morgan,nurse,surgery,1,STF-b4b308d8,0
1,STF-f37c5b51,Crystal Robinson,nurse,surgery,1,STF-df08bf0e,0
2,STF-f37c5b51,Crystal Robinson,nurse,surgery,1,STF-df08bf0e,0
3,STF-f37c5b51,Crystal Robinson,nurse,surgery,0,STF-df08bf0e,0
4,STF-f37c5b51,Crystal Robinson,nurse,surgery,1,STF-df08bf0e,0
5,STF-f37c5b51,Crystal Robinson,nurse,surgery,1,STF-df08bf0e,0
6,STF-f37c5b51,Crystal Robinson,nurse,surgery,0,STF-df08bf0e,0
7,STF-f37c5b51,Crystal Robinson,nurse,surgery,1,STF-df08bf0e,0
8,STF-f37c5b51,Crystal Robinson,nurse,surgery,1,STF-df08bf0e,0
9,STF-f37c5b51,Crystal Robinson,nurse,surgery,0,STF-df08bf0e,0
10,STF-f37c5b51,Crystal Robinson,nurse,surgery,1,STF-df08bf0e,0
11,STF-f37c5b51,Crystal Robinson,nurse,surgery,1,STF-df08bf0e,0
12,STF-f37c5b51,Crystal Robinson,nurse,surgery,0,STF-df08bf0e,0
13,STF-f37c5b51,Crystal Robinson,nurse,surgery,1,STF-df08bf0e,0
14,STF-f37c5b51,Crystal Robinson,nurse,surgery,1,STF-df08bf0e,0
15,STF-f37c5b51,Crystal Robinson,nurse,surgery,0,STF-df08bf0e,0
16,STF-f37c5b51,Crystal Robinson,nurse,surgery,1,STF-df08bf0e,0
17,STF-f37c5b51,Crystal Robinson,nurse,surgery,0,STF-df08bf0e,0
18,STF-f37c5b51,Crystal Robinson,nurse,surgery,0,STF-df08bf0e,0
19,STF-f37c5b51,Crystal Robinson,nurse,surgery,1,STF-df08bf0e,0
20,STF-f37c5b51,Crystal Robinson,nurse,surgery,0,STF-df08bf0e,0
21,STF-f37c5b51,Crystal Robinson,nurse,surgery,0,STF-df08bf0e,0
22,STF-f37c5b51,Crystal Robinson,nurse,surgery,1,STF-df08bf0e,0
23,STF-f37c5b51,Crystal Robinson,nurse,surgery,1,STF-df08bf0e,0
24,STF-f37c5b51,Crystal Robinson,nurse,surgery,0,STF-df08bf0e,0
25,STF-f37c5b51,Crystal Robinson,nurse,surgery,1,STF-df08bf0e,0
26,STF-f37c5b51,Crystal Robinson,nurse,surgery,1,STF-df08bf0e,0
27,STF-f37c5b51,Crystal Robinson,nurse,surgery,0,STF-df08bf0e,0
28,STF-f37c5b51,Crystal Robinson,nurse,surgery,1,STF-df08bf0e,0
29,STF-f37c5b51,Crystal Robinson,nurse,surgery,0,STF-df08bf0e,0
30,STF-f37c5b51,Crystal Robinson,nurse,surgery,0,STF-df08bf0e,0
31,STF-f37c5b51,Crystal Robinson,nurse,surgery,1,STF-df08bf0e,0
32,STF-f37c5b51,Crystal Robinson,nurse,surgery,1,STF-df08bf0e,0
33,STF-f37c5b51,Crystal Robinson,nurse,surgery,0,STF-df08bf0e,0
34,STF-f37c5b51,Crystal Robinson,nurse,surgery,1,STF-df08bf0e,0
35,STF-f37c5b51,Crystal Robinson,nurse,surgery,1,STF-df08bf0e,0
36,STF-f37c5b51,Crystal Robinson,nurse,surgery,0,STF-df08bf0e,0
37,STF-f37c5b51,Crystal Robinson,nurse,surgery,1,STF-df08bf0e,0
38,STF-f37c5b51,Crystal Robinson,nurse,surgery,1,STF-df08bf0e,0
39,STF-f37c5b51,Crystal Robinson,nurse,surgery,0,STF-df08bf0e,0
40,STF-f37c5b51,Crystal Robinson,nurse,surgery,1,STF-df08bf0e,0
41,STF-f37c5b51,Crystal Robinson,nurse,surgery,1,STF-df08bf0e,0
42,STF-f37c5b51,Crystal Robinson,nurse,surgery,0,STF-df08bf0e,0
43,STF-f37c5b51,Crystal Robinson,nurse,surgery,1,STF-df08bf0e,0
44,STF-f37c5b51,Crystal Robinson,nurse,surgery,1,STF-df08bf0e,0
45,STF-f37c5b51,Crystal Robinson,nurse,surgery,0,STF-df08bf0e,0
46,STF-f37c5b51,Crystal Robinson,nurse,surgery,1,STF-df08bf0e,0
47,STF-f37c5b51,Crystal Robinson,nurse,surgery,1,STF-df08bf0e,0
48,STF-f37c5b51,Crystal Robinson,nurse,surgery,0,STF-df08bf0e,0
49,STF-f37c5b51,Crystal Robinson,nurse,surgery,1,STF-df08bf0e,0
50,STF-f37c5b51,Crystal Robinson,nurse,surgery,1,STF-df08bf0e,0
51,STF-f37c5b51,Crystal Robinson,nurse,surgery,0,STF-df08bf0e,0
52,STF-f37c5b51,Crystal Robinson,nurse,surgery,0,STF-df08bf0e,0
1,STF-bfc199cf,Mark Perez,nurse,surgery,1,STF-51ad7d05,0
2,STF-bfc199cf,Mark Perez,nurse,surgery,1,STF-51ad7d05,0
3,STF-bfc199cf,Mark Perez,nurse,surgery,0,STF-51ad7d05,0
4,STF-bfc199cf,Mark Perez,nurse,surgery,1,STF-51ad7d05,0
5,STF-bfc199cf,Mark Perez,nurse,surgery,1,STF-51ad7d05,0
6,STF-bfc199cf,Mark Perez,nurse,surgery,0,STF-51ad7d05,0
7,STF-bfc199cf,Mark Perez,nurse,surgery,1,STF-51ad7d05,0
8,STF-bfc199cf,Mark Perez,nurse,surgery,1,STF-51ad7d05,0
9,STF-bfc199cf,Mark Perez,nurse,surgery,0,STF-51ad7d05,0
10,STF-bfc199cf,Mark Perez,nurse,surgery,1,STF-51ad7d05,0
11,STF-bfc199cf,Mark Perez,nurse,surgery,1,STF-51ad7d05,0
12,STF-bfc199cf,Mark Perez,nurse,surgery,0,STF-51ad7d05,0
13,STF-bfc199cf,Mark Perez,nurse,surgery,1,STF-51ad7d05,0
14,STF-bfc199cf,Mark Perez,nurse,surgery,0,STF-51ad7d05,0
15,STF-bfc199cf,Mark Perez,nurse,surgery,0,STF-51ad7d05,0
16,STF-bfc199cf,Mark Perez,nurse,surgery,1,STF-51ad7d05,0
17,STF-bfc199cf,Mark Perez,nurse,surgery,1,STF-51ad7d05,0
18,STF-bfc199cf,Mark Perez,nurse,surgery,0,STF-51ad7d05,0
19,STF-bfc199cf,Mark Perez,nurse,surgery,1,STF-51ad7d05,0
20,STF-bfc199cf,Mark Perez,nurse,surgery,1,STF-51ad7d05,0
21,STF-bfc199cf,Mark Perez,nurse,surgery,0,STF-51ad7d05,0
22,STF-bfc199cf,Mark Perez,nurse,surgery,0,STF-51ad7d05,0
23,STF-bfc199cf,Mark Perez,nurse,surgery,1,STF-51ad7d05,0
24,STF-bfc199cf,Mark Perez,nurse,surgery,0,STF-51ad7d05,0
25,STF-bfc199cf,Mark Perez,nurse,surgery,1,STF-51ad7d05,0
26,STF-bfc199cf,Mark Perez,nurse,surgery,1,STF-51ad7d05,0
27,STF-bfc199cf,Mark Perez,nurse,surgery,0,STF-51ad7d05,0
28,STF-bfc199cf,Mark Perez,nurse,surgery,1,STF-51ad7d05,0
29,STF-bfc199cf,Mark Perez,nurse,surgery,1,STF-51ad7d05,0
30,STF-bfc199cf,Mark Perez,nurse,surgery,0,STF-51ad7d05,0
31,STF-bfc199cf,Mark Perez,nurse,surgery,1,STF-51ad7d05,0
32,STF-bfc199cf,Mark Perez,nurse,surgery,1,STF-51ad7d05,0
33,STF-bfc199cf,Mark Perez,nurse,surgery,0,STF-51ad7d05,0
34,STF-bfc199cf,Mark Perez,nurse,surgery,1,STF-51ad7d05,0
35,STF-bfc199cf,Mark Perez,nurse,surgery,1,STF-51ad7d05,0
36,STF-bfc199cf,Mark Perez,nurse,surgery,0,STF-51ad7d05,0
37,STF-bfc199cf,Mark Perez,nurse,surgery,1,STF-51ad7d05,0
38,STF-bfc199cf,Mark Perez,nurse,surgery,0,STF-51ad7d05,0
39,STF-bfc199cf,Mark Perez,nurse,surgery,0,STF-51ad7d05,0
40,STF-bfc199cf,Mark Perez,nurse,surgery,1,STF-51ad7d05,0
41,STF-bfc199cf,Mark Perez,nurse,surgery,1,STF-51ad7d05,0
42,STF-bfc199cf,Mark Perez,nurse,surgery,0,STF-51ad7d05,0
43,STF-bfc199cf,Mark Perez,nurse,surgery,1,STF-51ad7d05,0
44,STF-bfc199cf,Mark Perez,nurse,surgery,0,STF-51ad7d05,0
45,STF-bfc199cf,Mark Perez,nurse,surgery,0,STF-51ad7d05,0
46,STF-bfc199cf,Mark Perez,nurse,surgery,1,STF-51ad7d05,0
47,STF-bfc199cf,Mark Perez,nurse,surgery,1,STF-51ad7d05,0
48,STF-bfc199cf,Mark Perez,nurse,surgery,0,STF-51ad7d05,0
49,STF-bfc199cf,Mark Perez,nurse,surgery,1,STF-51ad7d05,0
50,STF-bfc199cf,Mark Perez,nurse,surgery,1,STF-51ad7d05,0
51,STF-bfc199cf,Mark Perez,nurse,surgery,0,STF-51ad7d05,0
52,STF-bfc199cf,Mark Perez,nurse,surgery,1,STF-51ad7d05,0
1,STF-611ad324,Shannon Jones,nurse,surgery,1,STF-2e7bf9ac,0
2,STF-611ad324,Shannon Jones,nurse,surgery,1,STF-2e7bf9ac,0
3,STF-611ad324,Shannon Jones,nurse,surgery,0,STF-2e7bf9ac,0
4,STF-611ad324,Shannon Jones,nurse,surgery,1,STF-2e7bf9ac,0
5,STF-611ad324,Shannon Jones,nurse,surgery,1,STF-2e7bf9ac,0
6,STF-611ad324,Shannon Jones,nurse,surgery,0,STF-2e7bf9ac,0
7,STF-611ad324,Shannon Jones,nurse,surgery,1,STF-2e7bf9ac,0
8,STF-611ad324,Shannon Jones,nurse,surgery,1,STF-2e7bf9ac,0
9,STF-611ad324,Shannon Jones,nurse,surgery,0,STF-2e7bf9ac,0
10,STF-611ad324,Shannon Jones,nurse,surgery,1,STF-2e7bf9ac,0
11,STF-611ad324,Shannon Jones,nurse,surgery,1,STF-2e7bf9ac,0
12,STF-611ad324,Shannon Jones,nurse,surgery,0,STF-2e7bf9ac,0
13,STF-611ad324,Shannon Jones,nurse,surgery,1,STF-2e7bf9ac,0
14,STF-611ad324,Shannon Jones,nurse,surgery,1,STF-2e7bf9ac,0
15,STF-611ad324,Shannon Jones,nurse,surgery,0,STF-2e7bf9ac,0
16,STF-611ad324,Shannon Jones,nurse,surgery,1,STF-2e7bf9ac,0
17,STF-611ad324,Shannon Jones,nurse,surgery,0,STF-2e7bf9ac,0
18,STF-611ad324,Shannon Jones,nurse,surgery,0,STF-2e7bf9ac,0
19,STF-611ad324,Shannon Jones,nurse,surgery,1,STF-2e7bf9ac,0
20,STF-611ad324,Shannon Jones,nurse,surgery,1,STF-2e7bf9ac,0
21,STF-611ad324,Shannon Jones,nurse,surgery,0,STF-2e7bf9ac,0
22,STF-611ad324,Shannon Jones,nurse,surgery,1,STF-2e7bf9ac,0
23,STF-611ad324,Shannon Jones,nurse,surgery,1,STF-2e7bf9ac,0
24,STF-611ad324,Shannon Jones,nurse,surgery,0,STF-2e7bf9ac,0
25,STF-611ad324,Shannon Jones,nurse,surgery,1,STF-2e7bf9ac,0
26,STF-611ad324,Shannon Jones,nurse,surgery,1,STF-2e7bf9ac,0
27,STF-611ad324,Shannon Jones,nurse,surgery,0,STF-2e7bf9ac,0
28,STF-611ad324,Shannon Jones,nurse,surgery,1,STF-2e7bf9ac,0
29,STF-611ad324,Shannon Jones,nurse,surgery,1,STF-2e7bf9ac,0
30,STF-611ad324,Shannon Jones,nurse,surgery,0,STF-2e7bf9ac,0
31,STF-611ad324,Shannon Jones,nurse,surgery,1,STF-2e7bf9ac,0
32,STF-611ad324,Shannon Jones,nurse,surgery,1,STF-2e7bf9ac,0
33,STF-611ad324,Shannon Jones,nurse,surgery,0,STF-2e7bf9ac,0
34,STF-611ad324,Shannon Jones,nurse,surgery,1,STF-2e7bf9ac,0
35,STF-611ad324,Shannon Jones,nurse,surgery,1,STF-2e7bf9ac,0
36,STF-611ad324,Shannon Jones,nurse,surgery,0,STF-2e7bf9ac,0
37,STF-611ad324,Shannon Jones,nurse,surgery,1,STF-2e7bf9ac,0
38,STF-611ad324,Shannon Jones,nurse,surgery,1,STF-2e7bf9ac,0
39,STF-611ad324,Shannon Jones,nurse,surgery,0,STF-2e7bf9ac,0
40,STF-611ad324,Shannon Jones,nurse,surgery,1,STF-2e7bf9ac,0
41,STF-611ad324,Shannon Jones,nurse,surgery,1,STF-2e7bf9ac,0
42,STF-611ad324,Shannon Jones,nurse,surgery,0,STF-2e7bf9ac,0
43,STF-611ad324,Shannon Jones,nurse,surgery,1,STF-2e7bf9ac,0
44,STF-611ad324,Shannon Jones,nurse,surgery,0,STF-2e7bf9ac,0
45,STF-611ad324,Shannon Jones,nurse,surgery,0,STF-2e7bf9ac,0
46,STF-611ad324,Shannon Jones,nurse,surgery,1,STF-2e7bf9ac,0
47,STF-611ad324,Shannon Jones,nurse,surgery,1,STF-2e7bf9ac,0
48,STF-611ad324,Shannon Jones,nurse,surgery,0,STF-2e7bf9ac,0
49,STF-611ad324,Shannon Jones,nurse,surgery,1,STF-2e7bf9ac,0
50,STF-611ad324,Shannon Jones,nurse,surgery,0,STF-2e7bf9ac,0
51,STF-611ad324,Shannon Jones,nurse,surgery,0,STF-2e7bf9ac,0
52,STF-611ad324,Shannon Jones,nurse,surgery,1,STF-2e7bf9ac,0
1,STF-2a9c9bdb,Michael Lewis,nurse,surgery,1,STF-866434e1,0
2,STF-2a9c9bdb,Michael Lewis,nurse,surgery,1,STF-866434e1,0
3,STF-2a9c9bdb,Michael Lewis,nurse,surgery,0,STF-866434e1,0
4,STF-2a9c9bdb,Michael Lewis,nurse,surgery,1,STF-866434e1,0
5,STF-2a9c9bdb,Michael Lewis,nurse,surgery,1,STF-866434e1,0
6,STF-2a9c9bdb,Michael Lewis,nurse,surgery,0,STF-866434e1,0
7,STF-2a9c9bdb,Michael Lewis,nurse,surgery,1,STF-866434e1,0
8,STF-2a9c9bdb,Michael Lewis,nurse,surgery,0,STF-866434e1,0
9,STF-2a9c9bdb,Michael Lewis,nurse,surgery,0,STF-866434e1,0
10,STF-2a9c9bdb,Michael Lewis,nurse,surgery,1,STF-866434e1,0
11,STF-2a9c9bdb,Michael Lewis,nurse,surgery,1,STF-866434e1,0
12,STF-2a9c9bdb,Michael Lewis,nurse,surgery,0,STF-866434e1,0
13,STF-2a9c9bdb,Michael Lewis,nurse,surgery,1,STF-866434e1,0
14,STF-2a9c9bdb,Michael Lewis,nurse,surgery,0,STF-866434e1,0
15,STF-2a9c9bdb,Michael Lewis,nurse,surgery,0,STF-866434e1,0
16,STF-2a9c9bdb,Michael Lewis,nurse,surgery,1,STF-866434e1,0
17,STF-2a9c9bdb,Michael Lewis,nurse,surgery,1,STF-866434e1,0
18,STF-2a9c9bdb,Michael Lewis,nurse,surgery,0,STF-866434e1,0
19,STF-2a9c9bdb,Michael Lewis,nurse,surgery,1,STF-866434e1,0
20,STF-2a9c9bdb,Michael Lewis,nurse,surgery,1,STF-866434e1,0
21,STF-2a9c9bdb,Michael Lewis,nurse,surgery,0,STF-866434e1,0
22,STF-2a9c9bdb,Michael Lewis,nurse,surgery,1,STF-866434e1,0
23,STF-2a9c9bdb,Michael Lewis,nurse,surgery,1,STF-866434e1,0
24,STF-2a9c9bdb,Michael Lewis,nurse,surgery,0,STF-866434e1,0
25,STF-2a9c9bdb,Michael Lewis,nurse,surgery,1,STF-866434e1,0
26,STF-2a9c9bdb,Michael Lewis,nurse,surgery,1,STF-866434e1,0
27,STF-2a9c9bdb,Michael Lewis,nurse,surgery,0,STF-866434e1,0
28,STF-2a9c9bdb,Michael Lewis,nurse,surgery,1,STF-866434e1,0
29,STF-2a9c9bdb,Michael Lewis,nurse,surgery,1,STF-866434e1,0
30,STF-2a9c9bdb,Michael Lewis,nurse,surgery,0,STF-866434e1,0
31,STF-2a9c9bdb,Michael Lewis,nurse,surgery,1,STF-866434e1,0
32,STF-2a9c9bdb,Michael Lewis,nurse,surgery,1,STF-866434e1,0
33,STF-2a9c9bdb,Michael Lewis,nurse,surgery,0,STF-866434e1,0
34,STF-2a9c9bdb,Michael Lewis,nurse,surgery,1,STF-866434e1,0
35,STF-2a9c9bdb,Michael Lewis,nurse,surgery,1,STF-866434e1,0
36,STF-2a9c9bdb,Michael Lewis,nurse,surgery,0,STF-866434e1,0
37,STF-2a9c9bdb,Michael Lewis,nurse,surgery,0,STF-866434e1,0
38,STF-2a9c9bdb,Michael Lewis,nurse,surgery,0,STF-866434e1,0
39,STF-2a9c9bdb,Michael Lewis,nurse,surgery,0,STF-866434e1,0
40,STF-2a9c9bdb,Michael Lewis,nurse,surgery,1,STF-866434e1,0
41,STF-2a9c9bdb,Michael Lewis,nurse,surgery,1,STF-866434e1,0
42,STF-2a9c9bdb,Michael Lewis,nurse,surgery,0,STF-866434e1,0
43,STF-2a9c9bdb,Michael Lewis,nurse,surgery,1,STF-866434e1,0
44,STF-2a9c9bdb,Michael Lewis,nurse,surgery,1,STF-866434e1,0
45,STF-2a9c9bdb,Michael Lewis,nurse,surgery,0,STF-866434e1,0
46,STF-2a9c9bdb,Michael Lewis,nurse,surgery,1,STF-866434e1,0
47,STF-2a9c9bdb,Michael Lewis,nurse,surgery,1,STF-866434e1,0
48,STF-2a9c9bdb,Michael Lewis,nurse,surgery,0,STF-866434e1,0
49,STF-2a9c9bdb,Michael Lewis,nurse,surgery,0,STF-866434e1,0
50,STF-2a9c9bdb,Michael Lewis,nurse,surgery,1,STF-866434e1,0
51,STF-2a9c9bdb,Michael Lewis,nurse,surgery,0,STF-866434e1,0
52,STF-2a9c9bdb,Michael Lewis,nurse,surgery,1,STF-866434e1,0
1,STF-63b9ca1d,Timothy Duncan,nurse,surgery,1,STF-b8c738af,0
2,STF-63b9ca1d,Timothy Duncan,nurse,surgery,1,STF-b8c738af,0
3,STF-63b9ca1d,Timothy Duncan,nurse,surgery,0,STF-b8c738af,0
4,STF-63b9ca1d,Timothy Duncan,nurse,surgery,1,STF-b8c738af,0
5,STF-63b9ca1d,Timothy Duncan,nurse,surgery,1,STF-b8c738af,0
6,STF-63b9ca1d,Timothy Duncan,nurse,surgery,0,STF-b8c738af,0
7,STF-63b9ca1d,Timothy Duncan,nurse,surgery,1,STF-b8c738af,0
8,STF-63b9ca1d,Timothy Duncan,nurse,surgery,1,STF-b8c738af,0
9,STF-63b9ca1d,Timothy Duncan,nurse,surgery,0,STF-b8c738af,0
10,STF-63b9ca1d,Timothy Duncan,nurse,surgery,0,STF-b8c738af,0
11,STF-63b9ca1d,Timothy Duncan,nurse,surgery,1,STF-b8c738af,0
12,STF-63b9ca1d,Timothy Duncan,nurse,surgery,0,STF-b8c738af,0
13,STF-63b9ca1d,Timothy Duncan,nurse,surgery,1,STF-b8c738af,0
14,STF-63b9ca1d,Timothy Duncan,nurse,surgery,1,STF-b8c738af,0
15,STF-63b9ca1d,Timothy Duncan,nurse,surgery,0,STF-b8c738af,0
16,STF-63b9ca1d,Timothy Duncan,nurse,surgery,0,STF-b8c738af,0
17,STF-63b9ca1d,Timothy Duncan,nurse,surgery,1,STF-b8c738af,0
18,STF-63b9ca1d,Timothy Duncan,nurse,surgery,0,STF-b8c738af,0
19,STF-63b9ca1d,Timothy Duncan,nurse,surgery,1,STF-b8c738af,0
20,STF-63b9ca1d,Timothy Duncan,nurse,surgery,1,STF-b8c738af,0
21,STF-63b9ca1d,Timothy Duncan,nurse,surgery,0,STF-b8c738af,0
22,STF-63b9ca1d,Timothy Duncan,nurse,surgery,1,STF-b8c738af,0
23,STF-63b9ca1d,Timothy Duncan,nurse,surgery,1,STF-b8c738af,0
24,STF-63b9ca1d,Timothy Duncan,nurse,surgery,0,STF-b8c738af,0
25,STF-63b9ca1d,Timothy Duncan,nurse,surgery,1,STF-b8c738af,0
26,STF-63b9ca1d,Timothy Duncan,nurse,surgery,1,STF-b8c738af,0
27,STF-63b9ca1d,Timothy Duncan,nurse,surgery,0,STF-b8c738af,0
28,STF-63b9ca1d,Timothy Duncan,nurse,surgery,1,STF-b8c738af,0
29,STF-63b9ca1d,Timothy Duncan,nurse,surgery,1,STF-b8c738af,0
30,STF-63b9ca1d,Timothy Duncan,nurse,surgery,0,STF-b8c738af,0
31,STF-63b9ca1d,Timothy Duncan,nurse,surgery,1,STF-b8c738af,0
32,STF-63b9ca1d,Timothy Duncan,nurse,surgery,1,STF-b8c738af,0
33,STF-63b9ca1d,Timothy Duncan,nurse,surgery,0,STF-b8c738af,0
34,STF-63b9ca1d,Timothy Duncan,nurse,surgery,1,STF-b8c738af,0
35,STF-63b9ca1d,Timothy Duncan,nurse,surgery,1,STF-b8c738af,0
36,STF-63b9ca1d,Timothy Duncan,nurse,surgery,0,STF-b8c738af,0
37,STF-63b9ca1d,Timothy Duncan,nurse,surgery,1,STF-b8c738af,0
38,STF-63b9ca1d,Timothy Duncan,nurse,surgery,1,STF-b8c738af,0
39,STF-63b9ca1d,Timothy Duncan,nurse,surgery,0,STF-b8c738af,0
40,STF-63b9ca1d,Timothy Duncan,nurse,surgery,1,STF-b8c738af,0
41,STF-63b9ca1d,Timothy Duncan,nurse,surgery,1,STF-b8c738af,0
42,STF-63b9ca1d,Timothy Duncan,nurse,surgery,0,STF-b8c738af,0
43,STF-63b9ca1d,Timothy Duncan,nurse,surgery,0,STF-b8c738af,0
44,STF-63b9ca1d,Timothy Duncan,nurse,surgery,1,STF-b8c738af,0
45,STF-63b9ca1d,Timothy Duncan,nurse,surgery,0,STF-b8c738af,0
46,STF-63b9ca1d,Timothy Duncan,nurse,surgery,1,STF-b8c738af,0
47,STF-63b9ca1d,Timothy Duncan,nurse,surgery,1,STF-b8c738af,0
48,STF-63b9ca1d,Timothy Duncan,nurse,surgery,0,STF-b8c738af,0
49,STF-63b9ca1d,Timothy Duncan,nurse,surgery,1,STF-b8c738af,0
50,STF-63b9ca1d,Timothy Duncan,nurse,surgery,1,STF-b8c738af,0
51,STF-63b9ca1d,Timothy Duncan,nurse,surgery,0,STF-b8c738af,0
52,STF-63b9ca1d,Timothy Duncan,nurse,surgery,1,STF-b8c738af,0
1,STF-55594f66,Richard Aguirre,nurse,surgery,1,STF-d6a78473,0
2,STF-55594f66,Richard Aguirre,nurse,surgery,1,STF-d6a78473,0
3,STF-55594f66,Richard Aguirre,nurse,surgery,0,STF-d6a78473,0
4,STF-55594f66,Richard Aguirre,nurse,surgery,1,STF-d6a78473,0
5,STF-55594f66,Richard Aguirre,nurse,surgery,1,STF-d6a78473,0
6,STF-55594f66,Richard Aguirre,nurse,surgery,0,STF-d6a78473,0
7,STF-55594f66,Richard Aguirre,nurse,surgery,1,STF-d6a78473,0
8,STF-55594f66,Richard Aguirre,nurse,surgery,1,STF-d6a78473,0
9,STF-55594f66,Richard Aguirre,nurse,surgery,0,STF-d6a78473,0
10,STF-55594f66,Richard Aguirre,nurse,surgery,1,STF-d6a78473,0
11,STF-55594f66,Richard Aguirre,nurse,surgery,1,STF-d6a78473,0
12,STF-55594f66,Richard Aguirre,nurse,surgery,0,STF-d6a78473,0
13,STF-55594f66,Richard Aguirre,nurse,surgery,1,STF-d6a78473,0
14,STF-55594f66,Richard Aguirre,nurse,surgery,1,STF-d6a78473,0
15,STF-55594f66,Richard Aguirre,nurse,surgery,0,STF-d6a78473,0
16,STF-55594f66,Richard Aguirre,nurse,surgery,1,STF-d6a78473,0
17,STF-55594f66,Richard Aguirre,nurse,surgery,1,STF-d6a78473,0
18,STF-55594f66,Richard Aguirre,nurse,surgery,0,STF-d6a78473,0
19,STF-55594f66,Richard Aguirre,nurse,surgery,1,STF-d6a78473,0
20,STF-55594f66,Richard Aguirre,nurse,surgery,1,STF-d6a78473,0
21,STF-55594f66,Richard Aguirre,nurse,surgery,0,STF-d6a78473,0
22,STF-55594f66,Richard Aguirre,nurse,surgery,1,STF-d6a78473,0
23,STF-55594f66,Richard Aguirre,nurse,surgery,1,STF-d6a78473,0
24,STF-55594f66,Richard Aguirre,nurse,surgery,0,STF-d6a78473,0
25,STF-55594f66,Richard Aguirre,nurse,surgery,1,STF-d6a78473,0
26,STF-55594f66,Richard Aguirre,nurse,surgery,1,STF-d6a78473,0
27,STF-55594f66,Richard Aguirre,nurse,surgery,0,STF-d6a78473,0
28,STF-55594f66,Richard Aguirre,nurse,surgery,1,STF-d6a78473,0
29,STF-55594f66,Richard Aguirre,nurse,surgery,1,STF-d6a78473,0
30,STF-55594f66,Richard Aguirre,nurse,surgery,0,STF-d6a78473,0
31,STF-55594f66,Richard Aguirre,nurse,surgery,1,STF-d6a78473,0
32,STF-55594f66,Richard Aguirre,nurse,surgery,1,STF-d6a78473,0
33,STF-55594f66,Richard Aguirre,nurse,surgery,0,STF-d6a78473,0
34,STF-55594f66,Richard Aguirre,nurse,surgery,0,STF-d6a78473,0
35,STF-55594f66,Richard Aguirre,nurse,surgery,0,STF-d6a78473,0
36,STF-55594f66,Richard Aguirre,nurse,surgery,0,STF-d6a78473,0
37,STF-55594f66,Richard Aguirre,nurse,surgery,1,STF-d6a78473,0
38,STF-55594f66,Richard Aguirre,nurse,surgery,1,STF-d6a78473,0
39,STF-55594f66,Richard Aguirre,nurse,surgery,0,STF-d6a78473,0
40,STF-55594f66,Richard Aguirre,nurse,surgery,1,STF-d6a78473,0
41,STF-55594f66,Richard Aguirre,nurse,surgery,1,STF-d6a78473,0
42,STF-55594f66,Richard Aguirre,nurse,surgery,0,STF-d6a78473,0
43,STF-55594f66,Richard Aguirre,nurse,surgery,0,STF-d6a78473,0
44,STF-55594f66,Richard Aguirre,nurse,surgery,1,STF-d6a78473,0
45,STF-55594f66,Richard Aguirre,nurse,surgery,0,STF-d6a78473,0
46,STF-55594f66,Richard Aguirre,nurse,surgery,1,STF-d6a78473,0
47,STF-55594f66,Richard Aguirre,nurse,surgery,0,STF-d6a78473,0
48,STF-55594f66,Richard Aguirre,nurse,surgery,0,STF-d6a78473,0
49,STF-55594f66,Richard Aguirre,nurse,surgery,1,STF-d6a78473,0
50,STF-55594f66,Richard Aguirre,nurse,surgery,1,STF-d6a78473,0
51,STF-55594f66,Richard Aguirre,nurse,surgery,0,STF-d6a78473,0
52,STF-55594f66,Richard Aguirre,nurse,surgery,1,STF-d6a78473,0
1,STF-e8857831,Brent Jordan,nursing_assistant,surgery,1,STF-bcb3f4fe,0
2,STF-e8857831,Brent Jordan,nursing_assistant,surgery,1,STF-bcb3f4fe,0
3,STF-e8857831,Brent Jordan,nursing_assistant,surgery,0,STF-bcb3f4fe,0
4,STF-e8857831,Brent Jordan,nursing_assistant,surgery,0,STF-bcb3f4fe,0
5,STF-e8857831,Brent Jordan,nursing_assistant,surgery,1,STF-bcb3f4fe,0
6,STF-e8857831,Brent Jordan,nursing_assistant,surgery,0,STF-bcb3f4fe,0
7,STF-e8857831,Brent Jordan,nursing_assistant,surgery,1,STF-bcb3f4fe,0
8,STF-e8857831,Brent Jordan,nursing_assistant,surgery,0,STF-bcb3f4fe,0
9,STF-e8857831,Brent Jordan,nursing_assistant,surgery,0,STF-bcb3f4fe,0
10,STF-e8857831,Brent Jordan,nursing_assistant,surgery,1,STF-bcb3f4fe,0
11,STF-e8857831,Brent Jordan,nursing_assistant,surgery,1,STF-bcb3f4fe,0
12,STF-e8857831,Brent Jordan,nursing_assistant,surgery,0,STF-bcb3f4fe,0
13,STF-e8857831,Brent Jordan,nursing_assistant,surgery,1,STF-bcb3f4fe,0
14,STF-e8857831,Brent Jordan,nursing_assistant,surgery,1,STF-bcb3f4fe,0
15,STF-e8857831,Brent Jordan,nursing_assistant,surgery,0,STF-bcb3f4fe,0
16,STF-e8857831,Brent Jordan,nursing_assistant,surgery,1,STF-bcb3f4fe,0
17,STF-e8857831,Brent Jordan,nursing_assistant,surgery,1,STF-bcb3f4fe,0
18,STF-e8857831,Brent Jordan,nursing_assistant,surgery,0,STF-bcb3f4fe,0
19,STF-e8857831,Brent Jordan,nursing_assistant,surgery,1,STF-bcb3f4fe,0
20,STF-e8857831,Brent Jordan,nursing_assistant,surgery,1,STF-bcb3f4fe,0
21,STF-e8857831,Brent Jordan,nursing_assistant,surgery,0,STF-bcb3f4fe,0
22,STF-e8857831,Brent Jordan,nursing_assistant,surgery,0,STF-bcb3f4fe,0
23,STF-e8857831,Brent Jordan,nursing_assistant,surgery,1,STF-bcb3f4fe,0
24,STF-e8857831,Brent Jordan,nursing_assistant,surgery,0,STF-bcb3f4fe,0
25,STF-e8857831,Brent Jordan,nursing_assistant,surgery,1,STF-bcb3f4fe,0
26,STF-e8857831,Brent Jordan,nursing_assistant,surgery,1,STF-bcb3f4fe,0
27,STF-e8857831,Brent Jordan,nursing_assistant,surgery,0,STF-bcb3f4fe,0
28,STF-e8857831,Brent Jordan,nursing_assistant,surgery,1,STF-bcb3f4fe,0
29,STF-e8857831,Brent Jordan,nursing_assistant,surgery,1,STF-bcb3f4fe,0
30,STF-e8857831,Brent Jordan,nursing_assistant,surgery,0,STF-bcb3f4fe,0
31,STF-e8857831,Brent Jordan,nursing_assistant,surgery,1,STF-bcb3f4fe,0
32,STF-e8857831,Brent Jordan,nursing_assistant,surgery,1,STF-bcb3f4fe,0
33,STF-e8857831,Brent Jordan,nursing_assistant,surgery,0,STF-bcb3f4fe,0
34,STF-e8857831,Brent Jordan,nursing_assistant,surgery,1,STF-bcb3f4fe,0
35,STF-e8857831,Brent Jordan,nursing_assistant,surgery,1,STF-bcb3f4fe,0
36,STF-e8857831,Brent Jordan,nursing_assistant,surgery,0,STF-bcb3f4fe,0
37,STF-e8857831,Brent Jordan,nursing_assistant,surgery,1,STF-bcb3f4fe,0
38,STF-e8857831,Brent Jordan,nursing_assistant,surgery,1,STF-bcb3f4fe,0
39,STF-e8857831,Brent Jordan,nursing_assistant,surgery,0,STF-bcb3f4fe,0
40,STF-e8857831,Brent Jordan,nursing_assistant,surgery,1,STF-bcb3f4fe,0
41,STF-e8857831,Brent Jordan,nursing_assistant,surgery,1,STF-bcb3f4fe,0
42,STF-e8857831,Brent Jordan,nursing_assistant,surgery,0,STF-bcb3f4fe,0
43,STF-e8857831,Brent Jordan,nursing_assistant,surgery,0,STF-bcb3f4fe,0
44,STF-e8857831,Brent Jordan,nursing_assistant,surgery,0,STF-bcb3f4fe,0
45,STF-e8857831,Brent Jordan,nursing_assistant,surgery,0,STF-bcb3f4fe,0
46,STF-e8857831,Brent Jordan,nursing_assistant,surgery,1,STF-bcb3f4fe,0
47,STF-e8857831,Brent Jordan,nursing_assistant,surgery,1,STF-bcb3f4fe,0
48,STF-e8857831,Brent Jordan,nursing_assistant,surgery,0,STF-bcb3f4fe,0
49,STF-e8857831,Brent Jordan,nursing_assistant,surgery,1,STF-bcb3f4fe,0
50,STF-e8857831,Brent Jordan,nursing_assistant,surgery,1,STF-bcb3f4fe,0
51,STF-e8857831,Brent Jordan,nursing_assistant,surgery,0,STF-bcb3f4fe,0
52,STF-e8857831,Brent Jordan,nursing_assistant,surgery,1,STF-bcb3f4fe,0
1,STF-6c29c37d,John Daniel,nursing_assistant,surgery,1,STF-f7ad988b,0
2,STF-6c29c37d,John Daniel,nursing_assistant,surgery,0,STF-f7ad988b,0
3,STF-6c29c37d,John Daniel,nursing_assistant,surgery,0,STF-f7ad988b,0
4,STF-6c29c37d,John Daniel,nursing_assistant,surgery,1,STF-f7ad988b,0
5,STF-6c29c37d,John Daniel,nursing_assistant,surgery,1,STF-f7ad988b,0
6,STF-6c29c37d,John Daniel,nursing_assistant,surgery,0,STF-f7ad988b,0
7,STF-6c29c37d,John Daniel,nursing_assistant,surgery,1,STF-f7ad988b,0
8,STF-6c29c37d,John Daniel,nursing_assistant,surgery,1,STF-f7ad988b,0
9,STF-6c29c37d,John Daniel,nursing_assistant,surgery,0,STF-f7ad988b,0
10,STF-6c29c37d,John Daniel,nursing_assistant,surgery,1,STF-f7ad988b,0
11,STF-6c29c37d,John Daniel,nursing_assistant,surgery,1,STF-f7ad988b,0
12,STF-6c29c37d,John Daniel,nursing_assistant,surgery,0,STF-f7ad988b,0
13,STF-6c29c37d,John Daniel,nursing_assistant,surgery,0,STF-f7ad988b,0
14,STF-6c29c37d,John Daniel,nursing_assistant,surgery,1,STF-f7ad988b,0
15,STF-6c29c37d,John Daniel,nursing_assistant,surgery,0,STF-f7ad988b,0
16,STF-6c29c37d,John Daniel,nursing_assistant,surgery,1,STF-f7ad988b,0
17,STF-6c29c37d,John Daniel,nursing_assistant,surgery,1,STF-f7ad988b,0
18,STF-6c29c37d,John Daniel,nursing_assistant,surgery,0,STF-f7ad988b,0
19,STF-6c29c37d,John Daniel,nursing_assistant,surgery,1,STF-f7ad988b,0
20,STF-6c29c37d,John Daniel,nursing_assistant,surgery,1,STF-f7ad988b,0
21,STF-6c29c37d,John Daniel,nursing_assistant,surgery,0,STF-f7ad988b,0
22,STF-6c29c37d,John Daniel,nursing_assistant,surgery,1,STF-f7ad988b,0
23,STF-6c29c37d,John Daniel,nursing_assistant,surgery,1,STF-f7ad988b,0
24,STF-6c29c37d,John Daniel,nursing_assistant,surgery,0,STF-f7ad988b,0
25,STF-6c29c37d,John Daniel,nursing_assistant,surgery,0,STF-f7ad988b,0
26,STF-6c29c37d,John Daniel,nursing_assistant,surgery,1,STF-f7ad988b,0
27,STF-6c29c37d,John Daniel,nursing_assistant,surgery,0,STF-f7ad988b,0
28,STF-6c29c37d,John Daniel,nursing_assistant,surgery,1,STF-f7ad988b,0
29,STF-6c29c37d,John Daniel,nursing_assistant,surgery,1,STF-f7ad988b,0
30,STF-6c29c37d,John Daniel,nursing_assistant,surgery,0,STF-f7ad988b,0
31,STF-6c29c37d,John Daniel,nursing_assistant,surgery,1,STF-f7ad988b,0
32,STF-6c29c37d,John Daniel,nursing_assistant,surgery,1,STF-f7ad988b,0
33,STF-6c29c37d,John Daniel,nursing_assistant,surgery,0,STF-f7ad988b,0
34,STF-6c29c37d,John Daniel,nursing_assistant,surgery,1,STF-f7ad988b,0
35,STF-6c29c37d,John Daniel,nursing_assistant,surgery,1,STF-f7ad988b,0
36,STF-6c29c37d,John Daniel,nursing_assistant,surgery,0,STF-f7ad988b,0
37,STF-6c29c37d,John Daniel,nursing_assistant,surgery,1,STF-f7ad988b,0
38,STF-6c29c37d,John Daniel,nursing_assistant,surgery,1,STF-f7ad988b,0
39,STF-6c29c37d,John Daniel,nursing_assistant,surgery,0,STF-f7ad988b,0
40,STF-6c29c37d,John Daniel,nursing_assistant,surgery,1,STF-f7ad988b,0
41,STF-6c29c37d,John Daniel,nursing_assistant,surgery,1,STF-f7ad988b,0
42,STF-6c29c37d,John Daniel,nursing_assistant,surgery,0,STF-f7ad988b,0
43,STF-6c29c37d,John Daniel,nursing_assistant,surgery,1,STF-f7ad988b,0
44,STF-6c29c37d,John Daniel,nursing_assistant,surgery,1,STF-f7ad988b,0
45,STF-6c29c37d,John Daniel,nursing_assistant,surgery,0,STF-f7ad988b,0
46,STF-6c29c37d,John Daniel,nursing_assistant,surgery,0,STF-f7ad988b,0
47,STF-6c29c37d,John Daniel,nursing_assistant,surgery,1,STF-f7ad988b,0
48,STF-6c29c37d,John Daniel,nursing_assistant,surgery,0,STF-f7ad988b,0
49,STF-6c29c37d,John Daniel,nursing_assistant,surgery,1,STF-f7ad988b,0
50,STF-6c29c37d,John Daniel,nursing_assistant,surgery,1,STF-f7ad988b,0
51,STF-6c29c37d,John Daniel,nursing_assistant,surgery,0,STF-f7ad988b,0
52,STF-6c29c37d,John Daniel,nursing_assistant,surgery,0,STF-f7ad988b,0
1,STF-ed194945,Victoria Garcia,nursing_assistant,surgery,1,STF-624c0289,0
2,STF-ed194945,Victoria Garcia,nursing_assistant,surgery,1,STF-624c0289,0
3,STF-ed194945,Victoria Garcia,nursing_assistant,surgery,0,STF-624c0289,0
4,STF-ed194945,Victoria Garcia,nursing_assistant,surgery,1,STF-624c0289,0
5,STF-ed194945,Victoria Garcia,nursing_assistant,surgery,1,STF-624c0289,0
6,STF-ed194945,Victoria Garcia,nursing_assistant,surgery,0,STF-624c0289,0
7,STF-ed194945,Victoria Garcia,nursing_assistant,surgery,1,STF-624c0289,0
8,STF-ed194945,Victoria Garcia,nursing_assistant,surgery,1,STF-624c0289,0
9,STF-ed194945,Victoria Garcia,nursing_assistant,surgery,0,STF-624c0289,0
10,STF-ed194945,Victoria Garcia,nursing_assistant,surgery,1,STF-624c0289,0
11,STF-ed194945,Victoria Garcia,nursing_assistant,surgery,1,STF-624c0289,0
12,STF-ed194945,Victoria Garcia,nursing_assistant,surgery,0,STF-624c0289,0
13,STF-ed194945,Victoria Garcia,nursing_assistant,surgery,1,STF-624c0289,0
14,STF-ed194945,Victoria Garcia,nursing_assistant,surgery,1,STF-624c0289,0
15,STF-ed194945,Victoria Garcia,nursing_assistant,surgery,0,STF-624c0289,0
16,STF-ed194945,Victoria Garcia,nursing_assistant,surgery,1,STF-624c0289,0
17,STF-ed194945,Victoria Garcia,nursing_assistant,surgery,1,STF-624c0289,0
18,STF-ed194945,Victoria Garcia,nursing_assistant,surgery,0,STF-624c0289,0
19,STF-ed194945,Victoria Garcia,nursing_assistant,surgery,1,STF-624c0289,0
20,STF-ed194945,Victoria Garcia,nursing_assistant,surgery,1,STF-624c0289,0
21,STF-ed194945,Victoria Garcia,nursing_assistant,surgery,0,STF-624c0289,0
22,STF-ed194945,Victoria Garcia,nursing_assistant,surgery,1,STF-624c0289,0
23,STF-ed194945,Victoria Garcia,nursing_assistant,surgery,0,STF-624c0289,0
24,STF-ed194945,Victoria Garcia,nursing_assistant,surgery,0,STF-624c0289,0
25,STF-ed194945,Victoria Garcia,nursing_assistant,surgery,0,STF-624c0289,0
26,STF-ed194945,Victoria Garcia,nursing_assistant,surgery,1,STF-624c0289,0
27,STF-ed194945,Victoria Garcia,nursing_assistant,surgery,0,STF-624c0289,0
28,STF-ed194945,Victoria Garcia,nursing_assistant,surgery,1,STF-624c0289,0
29,STF-ed194945,Victoria Garcia,nursing_assistant,surgery,1,STF-624c0289,0
30,STF-ed194945,Victoria Garcia,nursing_assistant,surgery,0,STF-624c0289,0
31,STF-ed194945,Victoria Garcia,nursing_assistant,surgery,1,STF-624c0289,0
32,STF-ed194945,Victoria Garcia,nursing_assistant,surgery,0,STF-624c0289,0
33,STF-ed194945,Victoria Garcia,nursing_assistant,surgery,0,STF-624c0289,0
34,STF-ed194945,Victoria Garcia,nursing_assistant,surgery,1,STF-624c0289,0
35,STF-ed194945,Victoria Garcia,nursing_assistant,surgery,1,STF-624c0289,0
36,STF-ed194945,Victoria Garcia,nursing_assistant,surgery,0,STF-624c0289,0
37,STF-ed194945,Victoria Garcia,nursing_assistant,surgery,1,STF-624c0289,0
38,STF-ed194945,Victoria Garcia,nursing_assistant,surgery,1,STF-624c0289,0
39,STF-ed194945,Victoria Garcia,nursing_assistant,surgery,0,STF-624c0289,0
40,STF-ed194945,Victoria Garcia,nursing_assistant,surgery,1,STF-624c0289,0
41,STF-ed194945,Victoria Garcia,nursing_assistant,surgery,1,STF-624c0289,0
42,STF-ed194945,Victoria Garcia,nursing_assistant,surgery,0,STF-624c0289,0
43,STF-ed194945,Victoria Garcia,nursing_assistant,surgery,1,STF-624c0289,0
44,STF-ed194945,Victoria Garcia,nursing_assistant,surgery,1,STF-624c0289,0
45,STF-ed194945,Victoria Garcia,nursing_assistant,surgery,0,STF-624c0289,0
46,STF-ed194945,Victoria Garcia,nursing_assistant,surgery,1,STF-624c0289,0
47,STF-ed194945,Victoria Garcia,nursing_assistant,surgery,1,STF-624c0289,0
48,STF-ed194945,Victoria Garcia,nursing_assistant,surgery,0,STF-624c0289,0
49,STF-ed194945,Victoria Garcia,nursing_assistant,surgery,1,STF-624c0289,0
50,STF-ed194945,Victoria Garcia,nursing_assistant,surgery,0,STF-624c0289,0
51,STF-ed194945,Victoria Garcia,nursing_assistant,surgery,0,STF-624c0289,0
52,STF-ed194945,Victoria Garcia,nursing_assistant,surgery,1,STF-624c0289,0
1,STF-651ff617,Gerald Hensley,nursing_assistant,surgery,1,STF-2aeab02a,0
2,STF-651ff617,Gerald Hensley,nursing_assistant,surgery,1,STF-2aeab02a,0
3,STF-651ff617,Gerald Hensley,nursing_assistant,surgery,0,STF-2aeab02a,0
4,STF-651ff617,Gerald Hensley,nursing_assistant,surgery,0,STF-2aeab02a,0
5,STF-651ff617,Gerald Hensley,nursing_assistant,surgery,1,STF-2aeab02a,0
6,STF-651ff617,Gerald Hensley,nursing_assistant,surgery,0,STF-2aeab02a,0
7,STF-651ff617,Gerald Hensley,nursing_assistant,surgery,1,STF-2aeab02a,0
8,STF-651ff617,Gerald Hensley,nursing_assistant,surgery,1,STF-2aeab02a,0
9,STF-651ff617,Gerald Hensley,nursing_assistant,surgery,0,STF-2aeab02a,0
10,STF-651ff617,Gerald Hensley,nursing_assistant,surgery,1,STF-2aeab02a,0
11,STF-651ff617,Gerald Hensley,nursing_assistant,surgery,1,STF-2aeab02a,0
12,STF-651ff617,Gerald Hensley,nursing_assistant,surgery,0,STF-2aeab02a,0
13,STF-651ff617,Gerald Hensley,nursing_assistant,surgery,1,STF-2aeab02a,0
14,STF-651ff617,Gerald Hensley,nursing_assistant,surgery,0,STF-2aeab02a,0
15,STF-651ff617,Gerald Hensley,nursing_assistant,surgery,0,STF-2aeab02a,0
16,STF-651ff617,Gerald Hensley,nursing_assistant,surgery,1,STF-2aeab02a,0
17,STF-651ff617,Gerald Hensley,nursing_assistant,surgery,1,STF-2aeab02a,0
18,STF-651ff617,Gerald Hensley,nursing_assistant,surgery,0,STF-2aeab02a,0
19,STF-651ff617,Gerald Hensley,nursing_assistant,surgery,1,STF-2aeab02a,0
20,STF-651ff617,Gerald Hensley,nursing_assistant,surgery,1,STF-2aeab02a,0
21,STF-651ff617,Gerald Hensley,nursing_assistant,surgery,0,STF-2aeab02a,0
22,STF-651ff617,Gerald Hensley,nursing_assistant,surgery,1,STF-2aeab02a,0
23,STF-651ff617,Gerald Hensley,nursing_assistant,surgery,1,STF-2aeab02a,0
24,STF-651ff617,Gerald Hensley,nursing_assistant,surgery,0,STF-2aeab02a,0
25,STF-651ff617,Gerald Hensley,nursing_assistant,surgery,1,STF-2aeab02a,0
26,STF-651ff617,Gerald Hensley,nursing_assistant,surgery,1,STF-2aeab02a,0
27,STF-651ff617,Gerald Hensley,nursing_assistant,surgery,0,STF-2aeab02a,0
28,STF-651ff617,Gerald Hensley,nursing_assistant,surgery,1,STF-2aeab02a,0
29,STF-651ff617,Gerald Hensley,nursing_assistant,surgery,1,STF-2aeab02a,0
30,STF-651ff617,Gerald Hensley,nursing_assistant,surgery,0,STF-2aeab02a,0
31,STF-651ff617,Gerald Hensley,nursing_assistant,surgery,1,STF-2aeab02a,0
32,STF-651ff617,Gerald Hensley,nursing_assistant,surgery,1,STF-2aeab02a,0
33,STF-651ff617,Gerald Hensley,nursing_assistant,surgery,0,STF-2aeab02a,0
34,STF-651ff617,Gerald Hensley,nursing_assistant,surgery,1,STF-2aeab02a,0
35,STF-651ff617,Gerald Hensley,nursing_assistant,surgery,1,STF-2aeab02a,0
36,STF-651ff617,Gerald Hensley,nursing_assistant,surgery,0,STF-2aeab02a,0
37,STF-651ff617,Gerald Hensley,nursing_assistant,surgery,1,STF-2aeab02a,0
38,STF-651ff617,Gerald Hensley,nursing_assistant,surgery,1,STF-2aeab02a,0
39,STF-651ff617,Gerald Hensley,nursing_assistant,surgery,0,STF-2aeab02a,0
40,STF-651ff617,Gerald Hensley,nursing_assistant,surgery,1,STF-2aeab02a,0
41,STF-651ff617,Gerald Hensley,nursing_assistant,surgery,1,STF-2aeab02a,0
42,STF-651ff617,Gerald Hensley,nursing_assistant,surgery,0,STF-2aeab02a,0
43,STF-651ff617,Gerald Hensley,nursing_assistant,surgery,1,STF-2aeab02a,0
44,STF-651ff617,Gerald Hensley,nursing_assistant,surgery,0,STF-2aeab02a,0
45,STF-651ff617,Gerald Hensley,nursing_assistant,surgery,0,STF-2aeab02a,0
46,STF-651ff617,Gerald Hensley,nursing_assistant,surgery,1,STF-2aeab02a,0
47,STF-651ff617,Gerald Hensley,nursing_assistant,surgery,1,STF-2aeab02a,0
48,STF-651ff617,Gerald Hensley,nursing_assistant,surgery,0,STF-2aeab02a,0
49,STF-651ff617,Gerald Hensley,nursing_assistant,surgery,1,STF-2aeab02a,0
50,STF-651ff617,Gerald Hensley,nursing_assistant,surgery,0,STF-2aeab02a,0
51,STF-651ff617,Gerald Hensley,nursing_assistant,surgery,0,STF-2aeab02a,0
52,STF-651ff617,Gerald Hensley,nursing_assistant,surgery,1,STF-2aeab02a,0
1,STF-727e4277,Connor West,nursing_assistant,surgery,1,STF-80c670c1,0
2,STF-727e4277,Connor West,nursing_assistant,surgery,1,STF-80c670c1,0
3,STF-727e4277,Connor West,nursing_assistant,surgery,0,STF-80c670c1,0
4,STF-727e4277,Connor West,nursing_assistant,surgery,1,STF-80c670c1,0
5,STF-727e4277,Connor West,nursing_assistant,surgery,0,STF-80c670c1,0
6,STF-727e4277,Connor West,nursing_assistant,surgery,0,STF-80c670c1,0
7,STF-727e4277,Connor West,nursing_assistant,surgery,1,STF-80c670c1,0
8,STF-727e4277,Connor West,nursing_assistant,surgery,1,STF-80c670c1,0
9,STF-727e4277,Connor West,nursing_assistant,surgery,0,STF-80c670c1,0
10,STF-727e4277,Connor West,nursing_assistant,surgery,1,STF-80c670c1,0
11,STF-727e4277,Connor West,nursing_assistant,surgery,1,STF-80c670c1,0
12,STF-727e4277,Connor West,nursing_assistant,surgery,0,STF-80c670c1,0
13,STF-727e4277,Connor West,nursing_assistant,surgery,0,STF-80c670c1,0
14,STF-727e4277,Connor West,nursing_assistant,surgery,1,STF-80c670c1,0
15,STF-727e4277,Connor West,nursing_assistant,surgery,0,STF-80c670c1,0
16,STF-727e4277,Connor West,nursing_assistant,surgery,1,STF-80c670c1,0
17,STF-727e4277,Connor West,nursing_assistant,surgery,1,STF-80c670c1,0
18,STF-727e4277,Connor West,nursing_assistant,surgery,0,STF-80c670c1,0
19,STF-727e4277,Connor West,nursing_assistant,surgery,0,STF-80c670c1,0
20,STF-727e4277,Connor West,nursing_assistant,surgery,0,STF-80c670c1,0
21,STF-727e4277,Connor West,nursing_assistant,surgery,0,STF-80c670c1,0
22,STF-727e4277,Connor West,nursing_assistant,surgery,1,STF-80c670c1,0
23,STF-727e4277,Connor West,nursing_assistant,surgery,1,STF-80c670c1,0
24,STF-727e4277,Connor West,nursing_assistant,surgery,0,STF-80c670c1,0
25,STF-727e4277,Connor West,nursing_assistant,surgery,1,STF-80c670c1,0
26,STF-727e4277,Connor West,nursing_assistant,surgery,1,STF-80c670c1,0
27,STF-727e4277,Connor West,nursing_assistant,surgery,0,STF-80c670c1,0
28,STF-727e4277,Connor West,nursing_assistant,surgery,1,STF-80c670c1,0
29,STF-727e4277,Connor West,nursing_assistant,surgery,1,STF-80c670c1,0
30,STF-727e4277,Connor West,nursing_assistant,surgery,0,STF-80c670c1,0
31,STF-727e4277,Connor West,nursing_assistant,surgery,1,STF-80c670c1,0
32,STF-727e4277,Connor West,nursing_assistant,surgery,1,STF-80c670c1,0
33,STF-727e4277,Connor West,nursing_assistant,surgery,0,STF-80c670c1,0
34,STF-727e4277,Connor West,nursing_assistant,surgery,1,STF-80c670c1,0
35,STF-727e4277,Connor West,nursing_assistant,surgery,0,STF-80c670c1,0
36,STF-727e4277,Connor West,nursing_assistant,surgery,0,STF-80c670c1,0
37,STF-727e4277,Connor West,nursing_assistant,surgery,1,STF-80c670c1,0
38,STF-727e4277,Connor West,nursing_assistant,surgery,1,STF-80c670c1,0
39,STF-727e4277,Connor West,nursing_assistant,surgery,0,STF-80c670c1,0
40,STF-727e4277,Connor West,nursing_assistant,surgery,1,STF-80c670c1,0
41,STF-727e4277,Connor West,nursing_assistant,surgery,1,STF-80c670c1,0
42,STF-727e4277,Connor West,nursing_assistant,surgery,0,STF-80c670c1,0
43,STF-727e4277,Connor West,nursing_assistant,surgery,1,STF-80c670c1,0
44,STF-727e4277,Connor West,nursing_assistant,surgery,1,STF-80c670c1,0
45,STF-727e4277,Connor West,nursing_assistant,surgery,0,STF-80c670c1,0
46,STF-727e4277,Connor West,nursing_assistant,surgery,1,STF-80c670c1,0
47,STF-727e4277,Connor West,nursing_assistant,surgery,1,STF-80c670c1,0
48,STF-727e4277,Connor West,nursing_assistant,surgery,0,STF-80c670c1,0
49,STF-727e4277,Connor West,nursing_assistant,surgery,1,STF-80c670c1,0
50,STF-727e4277,Connor West,nursing_assistant,surgery,1,STF-80c670c1,0
51,STF-727e4277,Connor West,nursing_assistant,surgery,0,STF-80c670c1,0
52,STF-727e4277,Connor West,nursing_assistant,surgery,1,STF-80c670c1,0
1,STF-e2bbe735,Donald Wright,nursing_assistant,surgery,0,STF-a81bb023,0
2,STF-e2bbe735,Donald Wright,nursing_assistant,surgery,1,STF-a81bb023,0
3,STF-e2bbe735,Donald Wright,nursing_assistant,surgery,0,STF-a81bb023,0
4,STF-e2bbe735,Donald Wright,nursing_assistant,surgery,1,STF-a81bb023,0
5,STF-e2bbe735,Donald Wright,nursing_assistant,surgery,1,STF-a81bb023,0
6,STF-e2bbe735,Donald Wright,nursing_assistant,surgery,0,STF-a81bb023,0
7,STF-e2bbe735,Donald Wright,nursing_assistant,surgery,1,STF-a81bb023,0
8,STF-e2bbe735,Donald Wright,nursing_assistant,surgery,1,STF-a81bb023,0
9,STF-e2bbe735,Donald Wright,nursing_assistant,surgery,0,STF-a81bb023,0
10,STF-e2bbe735,Donald Wright,nursing_assistant,surgery,1,STF-a81bb023,0
11,STF-e2bbe735,Donald Wright,nursing_assistant,surgery,1,STF-a81bb023,0
12,STF-e2bbe735,Donald Wright,nursing_assistant,surgery,0,STF-a81bb023,0
13,STF-e2bbe735,Donald Wright,nursing_assistant,surgery,1,STF-a81bb023,0
14,STF-e2bbe735,Donald Wright,nursing_assistant,surgery,1,STF-a81bb023,0
15,STF-e2bbe735,Donald Wright,nursing_assistant,surgery,0,STF-a81bb023,0
16,STF-e2bbe735,Donald Wright,nursing_assistant,surgery,1,STF-a81bb023,0
17,STF-e2bbe735,Donald Wright,nursing_assistant,surgery,1,STF-a81bb023,0
18,STF-e2bbe735,Donald Wright,nursing_assistant,surgery,0,STF-a81bb023,0
19,STF-e2bbe735,Donald Wright,nursing_assistant,surgery,1,STF-a81bb023,0
20,STF-e2bbe735,Donald Wright,nursing_assistant,surgery,1,STF-a81bb023,0
21,STF-e2bbe735,Donald Wright,nursing_assistant,surgery,0,STF-a81bb023,0
22,STF-e2bbe735,Donald Wright,nursing_assistant,surgery,1,STF-a81bb023,0
23,STF-e2bbe735,Donald Wright,nursing_assistant,surgery,1,STF-a81bb023,0
24,STF-e2bbe735,Donald Wright,nursing_assistant,surgery,0,STF-a81bb023,0
25,STF-e2bbe735,Donald Wright,nursing_assistant,surgery,1,STF-a81bb023,0
26,STF-e2bbe735,Donald Wright,nursing_assistant,surgery,1,STF-a81bb023,0
27,STF-e2bbe735,Donald Wright,nursing_assistant,surgery,0,STF-a81bb023,0
28,STF-e2bbe735,Donald Wright,nursing_assistant,surgery,1,STF-a81bb023,0
29,STF-e2bbe735,Donald Wright,nursing_assistant,surgery,1,STF-a81bb023,0
30,STF-e2bbe735,Donald Wright,nursing_assistant,surgery,0,STF-a81bb023,0
31,STF-e2bbe735,Donald Wright,nursing_assistant,surgery,1,STF-a81bb023,0
32,STF-e2bbe735,Donald Wright,nursing_assistant,surgery,1,STF-a81bb023,0
33,STF-e2bbe735,Donald Wright,nursing_assistant,surgery,0,STF-a81bb023,0
34,STF-e2bbe735,Donald Wright,nursing_assistant,surgery,1,STF-a81bb023,0
35,STF-e2bbe735,Donald Wright,nursing_assistant,surgery,1,STF-a81bb023,0
36,STF-e2bbe735,Donald Wright,nursing_assistant,surgery,0,STF-a81bb023,0
37,STF-e2bbe735,Donald Wright,nursing_assistant,surgery,1,STF-a81bb023,0
38,STF-e2bbe735,Donald Wright,nursing_assistant,surgery,1,STF-a81bb023,0
39,STF-e2bbe735,Donald Wright,nursing_assistant,surgery,0,STF-a81bb023,0
40,STF-e2bbe735,Donald Wright,nursing_assistant,surgery,1,STF-a81bb023,0
41,STF-e2bbe735,Donald Wright,nursing_assistant,surgery,1,STF-a81bb023,0
42,STF-e2bbe735,Donald Wright,nursing_assistant,surgery,0,STF-a81bb023,0
43,STF-e2bbe735,Donald Wright,nursing_assistant,surgery,1,STF-a81bb023,0
44,STF-e2bbe735,Donald Wright,nursing_assistant,surgery,1,STF-a81bb023,0
45,STF-e2bbe735,Donald Wright,nursing_assistant,surgery,0,STF-a81bb023,0
46,STF-e2bbe735,Donald Wright,nursing_assistant,surgery,1,STF-a81bb023,0
47,STF-e2bbe735,Donald Wright,nursing_assistant,surgery,1,STF-a81bb023,0
48,STF-e2bbe735,Donald Wright,nursing_assistant,surgery,0,STF-a81bb023,0
49,STF-e2bbe735,Donald Wright,nursing_assistant,surgery,1,STF-a81bb023,0
50,STF-e2bbe735,Donald Wright,nursing_assistant,surgery,1,STF-a81bb023,0
51,STF-e2bbe735,Donald Wright,nursing_assistant,surgery,0,STF-a81bb023,0
52,STF-e2bbe735,Donald Wright,nursing_assistant,surgery,1,STF-a81bb023,0
1,STF-59afa180,Jessica Callahan,doctor,general_medicine,1,STF-d569a861,0
2,STF-59afa180,Jessica Callahan,doctor,general_medicine,1,STF-d569a861,0
3,STF-59afa180,Jessica Callahan,doctor,general_medicine,0,STF-d569a861,0
4,STF-59afa180,Jessica Callahan,doctor,general_medicine,0,STF-d569a861,0
5,STF-59afa180,Jessica Callahan,doctor,general_medicine,1,STF-d569a861,0
6,STF-59afa180,Jessica Callahan,doctor,general_medicine,0,STF-d569a861,0
7,STF-59afa180,Jessica Callahan,doctor,general_medicine,1,STF-d569a861,0
8,STF-59afa180,Jessica Callahan,doctor,general_medicine,0,STF-d569a861,0
9,STF-59afa180,Jessica Callahan,doctor,general_medicine,0,STF-d569a861,0
10,STF-59afa180,Jessica Callahan,doctor,general_medicine,1,STF-d569a861,0
11,STF-59afa180,Jessica Callahan,doctor,general_medicine,1,STF-d569a861,0
12,STF-59afa180,Jessica Callahan,doctor,general_medicine,0,STF-d569a861,0
13,STF-59afa180,Jessica Callahan,doctor,general_medicine,1,STF-d569a861,0
14,STF-59afa180,Jessica Callahan,doctor,general_medicine,1,STF-d569a861,0
15,STF-59afa180,Jessica Callahan,doctor,general_medicine,0,STF-d569a861,0
16,STF-59afa180,Jessica Callahan,doctor,general_medicine,1,STF-d569a861,0
17,STF-59afa180,Jessica Callahan,doctor,general_medicine,1,STF-d569a861,0
18,STF-59afa180,Jessica Callahan,doctor,general_medicine,0,STF-d569a861,0
19,STF-59afa180,Jessica Callahan,doctor,general_medicine,1,STF-d569a861,0
20,STF-59afa180,Jessica Callahan,doctor,general_medicine,1,STF-d569a861,0
21,STF-59afa180,Jessica Callahan,doctor,general_medicine,0,STF-d569a861,0
22,STF-59afa180,Jessica Callahan,doctor,general_medicine,1,STF-d569a861,0
23,STF-59afa180,Jessica Callahan,doctor,general_medicine,1,STF-d569a861,0
24,STF-59afa180,Jessica Callahan,doctor,general_medicine,0,STF-d569a861,0
25,STF-59afa180,Jessica Callahan,doctor,general_medicine,1,STF-d569a861,0
26,STF-59afa180,Jessica Callahan,doctor,general_medicine,1,STF-d569a861,0
27,STF-59afa180,Jessica Callahan,doctor,general_medicine,0,STF-d569a861,0
28,STF-59afa180,Jessica Callahan,doctor,general_medicine,1,STF-d569a861,0
29,STF-59afa180,Jessica Callahan,doctor,general_medicine,1,STF-d569a861,0
30,STF-59afa180,Jessica Callahan,doctor,general_medicine,0,STF-d569a861,0
31,STF-59afa180,Jessica Callahan,doctor,general_medicine,1,STF-d569a861,0
32,STF-59afa180,Jessica Callahan,doctor,general_medicine,1,STF-d569a861,0
33,STF-59afa180,Jessica Callahan,doctor,general_medicine,0,STF-d569a861,0
34,STF-59afa180,Jessica Callahan,doctor,general_medicine,1,STF-d569a861,0
35,STF-59afa180,Jessica Callahan,doctor,general_medicine,1,STF-d569a861,0
36,STF-59afa180,Jessica Callahan,doctor,general_medicine,0,STF-d569a861,0
37,STF-59afa180,Jessica Callahan,doctor,general_medicine,1,STF-d569a861,0
38,STF-59afa180,Jessica Callahan,doctor,general_medicine,1,STF-d569a861,0
39,STF-59afa180,Jessica Callahan,doctor,general_medicine,0,STF-d569a861,0
40,STF-59afa180,Jessica Callahan,doctor,general_medicine,1,STF-d569a861,0
41,STF-59afa180,Jessica Callahan,doctor,general_medicine,1,STF-d569a861,0
42,STF-59afa180,Jessica Callahan,doctor,general_medicine,0,STF-d569a861,0
43,STF-59afa180,Jessica Callahan,doctor,general_medicine,0,STF-d569a861,0
44,STF-59afa180,Jessica Callahan,doctor,general_medicine,1,STF-d569a861,0
45,STF-59afa180,Jessica Callahan,doctor,general_medicine,0,STF-d569a861,0
46,STF-59afa180,Jessica Callahan,doctor,general_medicine,1,STF-d569a861,0
47,STF-59afa180,Jessica Callahan,doctor,general_medicine,1,STF-d569a861,0
48,STF-59afa180,Jessica Callahan,doctor,general_medicine,0,STF-d569a861,0
49,STF-59afa180,Jessica Callahan,doctor,general_medicine,1,STF-d569a861,0
50,STF-59afa180,Jessica Callahan,doctor,general_medicine,1,STF-d569a861,0
51,STF-59afa180,Jessica Callahan,doctor,general_medicine,0,STF-d569a861,0
52,STF-59afa180,Jessica Callahan,doctor,general_medicine,1,STF-d569a861,0
1,STF-5157d809,Amber Kidd,doctor,general_medicine,1,STF-48fc5275,0
2,STF-5157d809,Amber Kidd,doctor,general_medicine,1,STF-48fc5275,0
3,STF-5157d809,Amber Kidd,doctor,general_medicine,0,STF-48fc5275,0
4,STF-5157d809,Amber Kidd,doctor,general_medicine,1,STF-48fc5275,0
5,STF-5157d809,Amber Kidd,doctor,general_medicine,1,STF-48fc5275,0
6,STF-5157d809,Amber Kidd,doctor,general_medicine,0,STF-48fc5275,0
7,STF-5157d809,Amber Kidd,doctor,general_medicine,1,STF-48fc5275,0
8,STF-5157d809,Amber Kidd,doctor,general_medicine,1,STF-48fc5275,0
9,STF-5157d809,Amber Kidd,doctor,general_medicine,0,STF-48fc5275,0
10,STF-5157d809,Amber Kidd,doctor,general_medicine,1,STF-48fc5275,0
11,STF-5157d809,Amber Kidd,doctor,general_medicine,1,STF-48fc5275,0
12,STF-5157d809,Amber Kidd,doctor,general_medicine,0,STF-48fc5275,0
13,STF-5157d809,Amber Kidd,doctor,general_medicine,1,STF-48fc5275,0
14,STF-5157d809,Amber Kidd,doctor,general_medicine,0,STF-48fc5275,0
15,STF-5157d809,Amber Kidd,doctor,general_medicine,0,STF-48fc5275,0
16,STF-5157d809,Amber Kidd,doctor,general_medicine,1,STF-48fc5275,0
17,STF-5157d809,Amber Kidd,doctor,general_medicine,1,STF-48fc5275,0
18,STF-5157d809,Amber Kidd,doctor,general_medicine,0,STF-48fc5275,0
19,STF-5157d809,Amber Kidd,doctor,general_medicine,1,STF-48fc5275,0
20,STF-5157d809,Amber Kidd,doctor,general_medicine,1,STF-48fc5275,0
21,STF-5157d809,Amber Kidd,doctor,general_medicine,0,STF-48fc5275,0
22,STF-5157d809,Amber Kidd,doctor,general_medicine,1,STF-48fc5275,0
23,STF-5157d809,Amber Kidd,doctor,general_medicine,1,STF-48fc5275,0
24,STF-5157d809,Amber Kidd,doctor,general_medicine,0,STF-48fc5275,0
25,STF-5157d809,Amber Kidd,doctor,general_medicine,1,STF-48fc5275,0
26,STF-5157d809,Amber Kidd,doctor,general_medicine,1,STF-48fc5275,0
27,STF-5157d809,Amber Kidd,doctor,general_medicine,0,STF-48fc5275,0
28,STF-5157d809,Amber Kidd,doctor,general_medicine,1,STF-48fc5275,0
29,STF-5157d809,Amber Kidd,doctor,general_medicine,1,STF-48fc5275,0
30,STF-5157d809,Amber Kidd,doctor,general_medicine,0,STF-48fc5275,0
31,STF-5157d809,Amber Kidd,doctor,general_medicine,1,STF-48fc5275,0
32,STF-5157d809,Amber Kidd,doctor,general_medicine,1,STF-48fc5275,0
33,STF-5157d809,Amber Kidd,doctor,general_medicine,0,STF-48fc5275,0
34,STF-5157d809,Amber Kidd,doctor,general_medicine,1,STF-48fc5275,0
35,STF-5157d809,Amber Kidd,doctor,general_medicine,0,STF-48fc5275,0
36,STF-5157d809,Amber Kidd,doctor,general_medicine,0,STF-48fc5275,0
37,STF-5157d809,Amber Kidd,doctor,general_medicine,1,STF-48fc5275,0
38,STF-5157d809,Amber Kidd,doctor,general_medicine,0,STF-48fc5275,0
39,STF-5157d809,Amber Kidd,doctor,general_medicine,0,STF-48fc5275,0
40,STF-5157d809,Amber Kidd,doctor,general_medicine,0,STF-48fc5275,0
41,STF-5157d809,Amber Kidd,doctor,general_medicine,1,STF-48fc5275,0
42,STF-5157d809,Amber Kidd,doctor,general_medicine,0,STF-48fc5275,0
43,STF-5157d809,Amber Kidd,doctor,general_medicine,1,STF-48fc5275,0
44,STF-5157d809,Amber Kidd,doctor,general_medicine,0,STF-48fc5275,0
45,STF-5157d809,Amber Kidd,doctor,general_medicine,0,STF-48fc5275,0
46,STF-5157d809,Amber Kidd,doctor,general_medicine,0,STF-48fc5275,0
47,STF-5157d809,Amber Kidd,doctor,general_medicine,0,STF-48fc5275,0
48,STF-5157d809,Amber Kidd,doctor,general_medicine,0,STF-48fc5275,0
49,STF-5157d809,Amber Kidd,doctor,general_medicine,1,STF-48fc5275,0
50,STF-5157d809,Amber Kidd,doctor,general_medicine,1,STF-48fc5275,0
51,STF-5157d809,Amber Kidd,doctor,general_medicine,0,STF-48fc5275,0
52,STF-5157d809,Amber Kidd,doctor,general_medicine,1,STF-48fc5275,0
1,STF-a1420039,Tracy House,doctor,general_medicine,1,STF-3ea6bb2e,0
2,STF-a1420039,Tracy House,doctor,general_medicine,1,STF-3ea6bb2e,0
3,STF-a1420039,Tracy House,doctor,general_medicine,0,STF-3ea6bb2e,0
4,STF-a1420039,Tracy House,doctor,general_medicine,1,STF-3ea6bb2e,0
5,STF-a1420039,Tracy House,doctor,general_medicine,1,STF-3ea6bb2e,0
6,STF-a1420039,Tracy House,doctor,general_medicine,0,STF-3ea6bb2e,0
7,STF-a1420039,Tracy House,doctor,general_medicine,0,STF-3ea6bb2e,0
8,STF-a1420039,Tracy House,doctor,general_medicine,1,STF-3ea6bb2e,0
9,STF-a1420039,Tracy House,doctor,general_medicine,0,STF-3ea6bb2e,0
10,STF-a1420039,Tracy House,doctor,general_medicine,1,STF-3ea6bb2e,0
11,STF-a1420039,Tracy House,doctor,general_medicine,1,STF-3ea6bb2e,0
12,STF-a1420039,Tracy House,doctor,general_medicine,0,STF-3ea6bb2e,0
13,STF-a1420039,Tracy House,doctor,general_medicine,1,STF-3ea6bb2e,0
14,STF-a1420039,Tracy House,doctor,general_medicine,1,STF-3ea6bb2e,0
15,STF-a1420039,Tracy House,doctor,general_medicine,0,STF-3ea6bb2e,0
16,STF-a1420039,Tracy House,doctor,general_medicine,1,STF-3ea6bb2e,0
17,STF-a1420039,Tracy House,doctor,general_medicine,1,STF-3ea6bb2e,0
18,STF-a1420039,Tracy House,doctor,general_medicine,0,STF-3ea6bb2e,0
19,STF-a1420039,Tracy House,doctor,general_medicine,1,STF-3ea6bb2e,0
20,STF-a1420039,Tracy House,doctor,general_medicine,1,STF-3ea6bb2e,0
21,STF-a1420039,Tracy House,doctor,general_medicine,0,STF-3ea6bb2e,0
22,STF-a1420039,Tracy House,doctor,general_medicine,1,STF-3ea6bb2e,0
23,STF-a1420039,Tracy House,doctor,general_medicine,0,STF-3ea6bb2e,0
24,STF-a1420039,Tracy House,doctor,general_medicine,0,STF-3ea6bb2e,0
25,STF-a1420039,Tracy House,doctor,general_medicine,0,STF-3ea6bb2e,0
26,STF-a1420039,Tracy House,doctor,general_medicine,1,STF-3ea6bb2e,0
27,STF-a1420039,Tracy House,doctor,general_medicine,0,STF-3ea6bb2e,0
28,STF-a1420039,Tracy House,doctor,general_medicine,1,STF-3ea6bb2e,0
29,STF-a1420039,Tracy House,doctor,general_medicine,1,STF-3ea6bb2e,0
30,STF-a1420039,Tracy House,doctor,general_medicine,0,STF-3ea6bb2e,0
31,STF-a1420039,Tracy House,doctor,general_medicine,0,STF-3ea6bb2e,0
32,STF-a1420039,Tracy House,doctor,general_medicine,1,STF-3ea6bb2e,0
33,STF-a1420039,Tracy House,doctor,general_medicine,0,STF-3ea6bb2e,0
34,STF-a1420039,Tracy House,doctor,general_medicine,1,STF-3ea6bb2e,0
35,STF-a1420039,Tracy House,doctor,general_medicine,1,STF-3ea6bb2e,0
36,STF-a1420039,Tracy House,doctor,general_medicine,0,STF-3ea6bb2e,0
37,STF-a1420039,Tracy House,doctor,general_medicine,1,STF-3ea6bb2e,0
38,STF-a1420039,Tracy House,doctor,general_medicine,1,STF-3ea6bb2e,0
39,STF-a1420039,Tracy House,doctor,general_medicine,0,STF-3ea6bb2e,0
40,STF-a1420039,Tracy House,doctor,general_medicine,1,STF-3ea6bb2e,0
41,STF-a1420039,Tracy House,doctor,general_medicine,1,STF-3ea6bb2e,0
42,STF-a1420039,Tracy House,doctor,general_medicine,0,STF-3ea6bb2e,0
43,STF-a1420039,Tracy House,doctor,general_medicine,1,STF-3ea6bb2e,0
44,STF-a1420039,Tracy House,doctor,general_medicine,1,STF-3ea6bb2e,0
45,STF-a1420039,Tracy House,doctor,general_medicine,0,STF-3ea6bb2e,0
46,STF-a1420039,Tracy House,doctor,general_medicine,1,STF-3ea6bb2e,0
47,STF-a1420039,Tracy House,doctor,general_medicine,1,STF-3ea6bb2e,0
48,STF-a1420039,Tracy House,doctor,general_medicine,0,STF-3ea6bb2e,0
49,STF-a1420039,Tracy House,doctor,general_medicine,1,STF-3ea6bb2e,0
50,STF-a1420039,Tracy House,doctor,general_medicine,1,STF-3ea6bb2e,0
51,STF-a1420039,Tracy House,doctor,general_medicine,0,STF-3ea6bb2e,0
52,STF-a1420039,Tracy House,doctor,general_medicine,0,STF-3ea6bb2e,0
1,STF-8b6412dc,Carol Tucker,doctor,general_medicine,1,STF-9dd2c561,0
2,STF-8b6412dc,Carol Tucker,doctor,general_medicine,1,STF-9dd2c561,0
3,STF-8b6412dc,Carol Tucker,doctor,general_medicine,0,STF-9dd2c561,0
4,STF-8b6412dc,Carol Tucker,doctor,general_medicine,1,STF-9dd2c561,0
5,STF-8b6412dc,Carol Tucker,doctor,general_medicine,1,STF-9dd2c561,0
6,STF-8b6412dc,Carol Tucker,doctor,general_medicine,0,STF-9dd2c561,0
7,STF-8b6412dc,Carol Tucker,doctor,general_medicine,1,STF-9dd2c561,0
8,STF-8b6412dc,Carol Tucker,doctor,general_medicine,1,STF-9dd2c561,0
9,STF-8b6412dc,Carol Tucker,doctor,general_medicine,0,STF-9dd2c561,0
10,STF-8b6412dc,Carol Tucker,doctor,general_medicine,1,STF-9dd2c561,0
11,STF-8b6412dc,Carol Tucker,doctor,general_medicine,1,STF-9dd2c561,0
12,STF-8b6412dc,Carol Tucker,doctor,general_medicine,0,STF-9dd2c561,0
13,STF-8b6412dc,Carol Tucker,doctor,general_medicine,1,STF-9dd2c561,0
14,STF-8b6412dc,Carol Tucker,doctor,general_medicine,1,STF-9dd2c561,0
15,STF-8b6412dc,Carol Tucker,doctor,general_medicine,0,STF-9dd2c561,0
16,STF-8b6412dc,Carol Tucker,doctor,general_medicine,1,STF-9dd2c561,0
17,STF-8b6412dc,Carol Tucker,doctor,general_medicine,1,STF-9dd2c561,0
18,STF-8b6412dc,Carol Tucker,doctor,general_medicine,0,STF-9dd2c561,0
19,STF-8b6412dc,Carol Tucker,doctor,general_medicine,1,STF-9dd2c561,0
20,STF-8b6412dc,Carol Tucker,doctor,general_medicine,1,STF-9dd2c561,0
21,STF-8b6412dc,Carol Tucker,doctor,general_medicine,0,STF-9dd2c561,0
22,STF-8b6412dc,Carol Tucker,doctor,general_medicine,1,STF-9dd2c561,0
23,STF-8b6412dc,Carol Tucker,doctor,general_medicine,1,STF-9dd2c561,0
24,STF-8b6412dc,Carol Tucker,doctor,general_medicine,0,STF-9dd2c561,0
25,STF-8b6412dc,Carol Tucker,doctor,general_medicine,1,STF-9dd2c561,0
26,STF-8b6412dc,Carol Tucker,doctor,general_medicine,1,STF-9dd2c561,0
27,STF-8b6412dc,Carol Tucker,doctor,general_medicine,0,STF-9dd2c561,0
28,STF-8b6412dc,Carol Tucker,doctor,general_medicine,0,STF-9dd2c561,0
29,STF-8b6412dc,Carol Tucker,doctor,general_medicine,0,STF-9dd2c561,0
30,STF-8b6412dc,Carol Tucker,doctor,general_medicine,0,STF-9dd2c561,0
31,STF-8b6412dc,Carol Tucker,doctor,general_medicine,1,STF-9dd2c561,0
32,STF-8b6412dc,Carol Tucker,doctor,general_medicine,1,STF-9dd2c561,0
33,STF-8b6412dc,Carol Tucker,doctor,general_medicine,0,STF-9dd2c561,0
34,STF-8b6412dc,Carol Tucker,doctor,general_medicine,1,STF-9dd2c561,0
35,STF-8b6412dc,Carol Tucker,doctor,general_medicine,1,STF-9dd2c561,0
36,STF-8b6412dc,Carol Tucker,doctor,general_medicine,0,STF-9dd2c561,0
37,STF-8b6412dc,Carol Tucker,doctor,general_medicine,1,STF-9dd2c561,0
38,STF-8b6412dc,Carol Tucker,doctor,general_medicine,1,STF-9dd2c561,0
39,STF-8b6412dc,Carol Tucker,doctor,general_medicine,0,STF-9dd2c561,0
40,STF-8b6412dc,Carol Tucker,doctor,general_medicine,1,STF-9dd2c561,0
41,STF-8b6412dc,Carol Tucker,doctor,general_medicine,1,STF-9dd2c561,0
42,STF-8b6412dc,Carol Tucker,doctor,general_medicine,0,STF-9dd2c561,0
43,STF-8b6412dc,Carol Tucker,doctor,general_medicine,1,STF-9dd2c561,0
44,STF-8b6412dc,Carol Tucker,doctor,general_medicine,1,STF-9dd2c561,0
45,STF-8b6412dc,Carol Tucker,doctor,general_medicine,0,STF-9dd2c561,0
46,STF-8b6412dc,Carol Tucker,doctor,general_medicine,0,STF-9dd2c561,0
47,STF-8b6412dc,Carol Tucker,doctor,general_medicine,1,STF-9dd2c561,0
48,STF-8b6412dc,Carol Tucker,doctor,general_medicine,0,STF-9dd2c561,0
49,STF-8b6412dc,Carol Tucker,doctor,general_medicine,1,STF-9dd2c561,0
50,STF-8b6412dc,Carol Tucker,doctor,general_medicine,1,STF-9dd2c561,0
51,STF-8b6412dc,Carol Tucker,doctor,general_medicine,0,STF-9dd2c561,0
52,STF-8b6412dc,Carol Tucker,doctor,general_medicine,1,STF-9dd2c561,0
1,STF-ec102fe1,James Brown,doctor,general_medicine,1,STF-3014d5f2,0
2,STF-ec102fe1,James Brown,doctor,general_medicine,1,STF-3014d5f2,0
3,STF-ec102fe1,James Brown,doctor,general_medicine,0,STF-3014d5f2,0
4,STF-ec102fe1,James Brown,doctor,general_medicine,1,STF-3014d5f2,0
5,STF-ec102fe1,James Brown,doctor,general_medicine,1,STF-3014d5f2,0
6,STF-ec102fe1,James Brown,doctor,general_medicine,0,STF-3014d5f2,0
7,STF-ec102fe1,James Brown,doctor,general_medicine,1,STF-3014d5f2,0
8,STF-ec102fe1,James Brown,doctor,general_medicine,1,STF-3014d5f2,0
9,STF-ec102fe1,James Brown,doctor,general_medicine,0,STF-3014d5f2,0
10,STF-ec102fe1,James Brown,doctor,general_medicine,1,STF-3014d5f2,0
11,STF-ec102fe1,James Brown,doctor,general_medicine,1,STF-3014d5f2,0
12,STF-ec102fe1,James Brown,doctor,general_medicine,0,STF-3014d5f2,0
13,STF-ec102fe1,James Brown,doctor,general_medicine,1,STF-3014d5f2,0
14,STF-ec102fe1,James Brown,doctor,general_medicine,0,STF-3014d5f2,0
15,STF-ec102fe1,James Brown,doctor,general_medicine,0,STF-3014d5f2,0
16,STF-ec102fe1,James Brown,doctor,general_medicine,1,STF-3014d5f2,0
17,STF-ec102fe1,James Brown,doctor,general_medicine,1,STF-3014d5f2,0
18,STF-ec102fe1,James Brown,doctor,general_medicine,0,STF-3014d5f2,0
19,STF-ec102fe1,James Brown,doctor,general_medicine,1,STF-3014d5f2,0
20,STF-ec102fe1,James Brown,doctor,general_medicine,1,STF-3014d5f2,0
21,STF-ec102fe1,James Brown,doctor,general_medicine,0,STF-3014d5f2,0
22,STF-ec102fe1,James Brown,doctor,general_medicine,1,STF-3014d5f2,0
23,STF-ec102fe1,James Brown,doctor,general_medicine,1,STF-3014d5f2,0
24,STF-ec102fe1,James Brown,doctor,general_medicine,0,STF-3014d5f2,0
25,STF-ec102fe1,James Brown,doctor,general_medicine,1,STF-3014d5f2,0
26,STF-ec102fe1,James Brown,doctor,general_medicine,0,STF-3014d5f2,0
27,STF-ec102fe1,James Brown,doctor,general_medicine,0,STF-3014d5f2,0
28,STF-ec102fe1,James Brown,doctor,general_medicine,0,STF-3014d5f2,0
29,STF-ec102fe1,James Brown,doctor,general_medicine,1,STF-3014d5f2,0
30,STF-ec102fe1,James Brown,doctor,general_medicine,0,STF-3014d5f2,0
31,STF-ec102fe1,James Brown,doctor,general_medicine,1,STF-3014d5f2,0
32,STF-ec102fe1,James Brown,doctor,general_medicine,0,STF-3014d5f2,0
33,STF-ec102fe1,James Brown,doctor,general_medicine,0,STF-3014d5f2,0
34,STF-ec102fe1,James Brown,doctor,general_medicine,1,STF-3014d5f2,0
35,STF-ec102fe1,James Brown,doctor,general_medicine,0,STF-3014d5f2,0
36,STF-ec102fe1,James Brown,doctor,general_medicine,0,STF-3014d5f2,0
37,STF-ec102fe1,James Brown,doctor,general_medicine,1,STF-3014d5f2,0
38,STF-ec102fe1,James Brown,doctor,general_medicine,1,STF-3014d5f2,0
39,STF-ec102fe1,James Brown,doctor,general_medicine,0,STF-3014d5f2,0
40,STF-ec102fe1,James Brown,doctor,general_medicine,1,STF-3014d5f2,0
41,STF-ec102fe1,James Brown,doctor,general_medicine,1,STF-3014d5f2,0
42,STF-ec102fe1,James Brown,doctor,general_medicine,0,STF-3014d5f2,0
43,STF-ec102fe1,James Brown,doctor,general_medicine,1,STF-3014d5f2,0
44,STF-ec102fe1,James Brown,doctor,general_medicine,0,STF-3014d5f2,0
45,STF-ec102fe1,James Brown,doctor,general_medicine,0,STF-3014d5f2,0
46,STF-ec102fe1,James Brown,doctor,general_medicine,1,STF-3014d5f2,0
47,STF-ec102fe1,James Brown,doctor,general_medicine,1,STF-3014d5f2,0
48,STF-ec102fe1,James Brown,doctor,general_medicine,0,STF-3014d5f2,0
49,STF-ec102fe1,James Brown,doctor,general_medicine,1,STF-3014d5f2,0
50,STF-ec102fe1,James Brown,doctor,general_medicine,1,STF-3014d5f2,0
51,STF-ec102fe1,James Brown,doctor,general_medicine,0,STF-3014d5f2,0
52,STF-ec102fe1,James Brown,doctor,general_medicine,1,STF-3014d5f2,0
1,STF-e0c7759c,William Baker,nurse,general_medicine,1,STF-98cc6508,0
2,STF-e0c7759c,William Baker,nurse,general_medicine,1,STF-98cc6508,0
3,STF-e0c7759c,William Baker,nurse,general_medicine,0,STF-98cc6508,0
4,STF-e0c7759c,William Baker,nurse,general_medicine,1,STF-98cc6508,0
5,STF-e0c7759c,William Baker,nurse,general_medicine,0,STF-98cc6508,0
6,STF-e0c7759c,William Baker,nurse,general_medicine,0,STF-98cc6508,0
7,STF-e0c7759c,William Baker,nurse,general_medicine,1,STF-98cc6508,0
8,STF-e0c7759c,William Baker,nurse,general_medicine,1,STF-98cc6508,0
9,STF-e0c7759c,William Baker,nurse,general_medicine,0,STF-98cc6508,0
10,STF-e0c7759c,William Baker,nurse,general_medicine,1,STF-98cc6508,0
11,STF-e0c7759c,William Baker,nurse,general_medicine,1,STF-98cc6508,0
12,STF-e0c7759c,William Baker,nurse,general_medicine,0,STF-98cc6508,0
13,STF-e0c7759c,William Baker,nurse,general_medicine,1,STF-98cc6508,0
14,STF-e0c7759c,William Baker,nurse,general_medicine,0,STF-98cc6508,0
15,STF-e0c7759c,William Baker,nurse,general_medicine,0,STF-98cc6508,0
16,STF-e0c7759c,William Baker,nurse,general_medicine,1,STF-98cc6508,0
17,STF-e0c7759c,William Baker,nurse,general_medicine,1,STF-98cc6508,0
18,STF-e0c7759c,William Baker,nurse,general_medicine,0,STF-98cc6508,0
19,STF-e0c7759c,William Baker,nurse,general_medicine,1,STF-98cc6508,0
20,STF-e0c7759c,William Baker,nurse,general_medicine,1,STF-98cc6508,0
21,STF-e0c7759c,William Baker,nurse,general_medicine,0,STF-98cc6508,0
22,STF-e0c7759c,William Baker,nurse,general_medicine,0,STF-98cc6508,0
23,STF-e0c7759c,William Baker,nurse,general_medicine,1,STF-98cc6508,0
24,STF-e0c7759c,William Baker,nurse,general_medicine,0,STF-98cc6508,0
25,STF-e0c7759c,William Baker,nurse,general_medicine,1,STF-98cc6508,0
26,STF-e0c7759c,William Baker,nurse,general_medicine,1,STF-98cc6508,0
27,STF-e0c7759c,William Baker,nurse,general_medicine,0,STF-98cc6508,0
28,STF-e0c7759c,William Baker,nurse,general_medicine,1,STF-98cc6508,0
29,STF-e0c7759c,William Baker,nurse,general_medicine,1,STF-98cc6508,0
30,STF-e0c7759c,William Baker,nurse,general_medicine,0,STF-98cc6508,0
31,STF-e0c7759c,William Baker,nurse,general_medicine,0,STF-98cc6508,0
32,STF-e0c7759c,William Baker,nurse,general_medicine,1,STF-98cc6508,0
33,STF-e0c7759c,William Baker,nurse,general_medicine,0,STF-98cc6508,0
34,STF-e0c7759c,William Baker,nurse,general_medicine,1,STF-98cc6508,0
35,STF-e0c7759c,William Baker,nurse,general_medicine,1,STF-98cc6508,0
36,STF-e0c7759c,William Baker,nurse,general_medicine,0,STF-98cc6508,0
37,STF-e0c7759c,William Baker,nurse,general_medicine,1,STF-98cc6508,0
38,STF-e0c7759c,William Baker,nurse,general_medicine,1,STF-98cc6508,0
39,STF-e0c7759c,William Baker,nurse,general_medicine,0,STF-98cc6508,0
40,STF-e0c7759c,William Baker,nurse,general_medicine,1,STF-98cc6508,0
41,STF-e0c7759c,William Baker,nurse,general_medicine,1,STF-98cc6508,0
42,STF-e0c7759c,William Baker,nurse,general_medicine,0,STF-98cc6508,0
43,STF-e0c7759c,William Baker,nurse,general_medicine,1,STF-98cc6508,0
44,STF-e0c7759c,William Baker,nurse,general_medicine,1,STF-98cc6508,0
45,STF-e0c7759c,William Baker,nurse,general_medicine,0,STF-98cc6508,0
46,STF-e0c7759c,William Baker,nurse,general_medicine,1,STF-98cc6508,0
47,STF-e0c7759c,William Baker,nurse,general_medicine,1,STF-98cc6508,0
48,STF-e0c7759c,William Baker,nurse,general_medicine,0,STF-98cc6508,0
49,STF-e0c7759c,William Baker,nurse,general_medicine,1,STF-98cc6508,0
50,STF-e0c7759c,William Baker,nurse,general_medicine,1,STF-98cc6508,0
51,STF-e0c7759c,William Baker,nurse,general_medicine,0,STF-98cc6508,0
52,STF-e0c7759c,William Baker,nurse,general_medicine,0,STF-98cc6508,0
1,STF-26466758,Jordan Henderson,nurse,general_medicine,1,STF-67f5247b,0
2,STF-26466758,Jordan Henderson,nurse,general_medicine,1,STF-67f5247b,0
3,STF-26466758,Jordan Henderson,nurse,general_medicine,0,STF-67f5247b,0
4,STF-26466758,Jordan Henderson,nurse,general_medicine,0,STF-67f5247b,0
5,STF-26466758,Jordan Henderson,nurse,general_medicine,1,STF-67f5247b,0
6,STF-26466758,Jordan Henderson,nurse,general_medicine,0,STF-67f5247b,0
7,STF-26466758,Jordan Henderson,nurse,general_medicine,1,STF-67f5247b,0
8,STF-26466758,Jordan Henderson,nurse,general_medicine,1,STF-67f5247b,0
9,STF-26466758,Jordan Henderson,nurse,general_medicine,0,STF-67f5247b,0
10,STF-26466758,Jordan Henderson,nurse,general_medicine,1,STF-67f5247b,0
11,STF-26466758,Jordan Henderson,nurse,general_medicine,1,STF-67f5247b,0
12,STF-26466758,Jordan Henderson,nurse,general_medicine,0,STF-67f5247b,0
13,STF-26466758,Jordan Henderson,nurse,general_medicine,1,STF-67f5247b,0
14,STF-26466758,Jordan Henderson,nurse,general_medicine,0,STF-67f5247b,0
15,STF-26466758,Jordan Henderson,nurse,general_medicine,0,STF-67f5247b,0
16,STF-26466758,Jordan Henderson,nurse,general_medicine,1,STF-67f5247b,0
17,STF-26466758,Jordan Henderson,nurse,general_medicine,1,STF-67f5247b,0
18,STF-26466758,Jordan Henderson,nurse,general_medicine,0,STF-67f5247b,0
19,STF-26466758,Jordan Henderson,nurse,general_medicine,1,STF-67f5247b,0
20,STF-26466758,Jordan Henderson,nurse,general_medicine,1,STF-67f5247b,0
21,STF-26466758,Jordan Henderson,nurse,general_medicine,0,STF-67f5247b,0
22,STF-26466758,Jordan Henderson,nurse,general_medicine,1,STF-67f5247b,0
23,STF-26466758,Jordan Henderson,nurse,general_medicine,1,STF-67f5247b,0
24,STF-26466758,Jordan Henderson,nurse,general_medicine,0,STF-67f5247b,0
25,STF-26466758,Jordan Henderson,nurse,general_medicine,1,STF-67f5247b,0
26,STF-26466758,Jordan Henderson,nurse,general_medicine,1,STF-67f5247b,0
27,STF-26466758,Jordan Henderson,nurse,general_medicine,0,STF-67f5247b,0
28,STF-26466758,Jordan Henderson,nurse,general_medicine,1,STF-67f5247b,0
29,STF-26466758,Jordan Henderson,nurse,general_medicine,1,STF-67f5247b,0
30,STF-26466758,Jordan Henderson,nurse,general_medicine,0,STF-67f5247b,0
31,STF-26466758,Jordan Henderson,nurse,general_medicine,0,STF-67f5247b,0
32,STF-26466758,Jordan Henderson,nurse,general_medicine,0,STF-67f5247b,0
33,STF-26466758,Jordan Henderson,nurse,general_medicine,0,STF-67f5247b,0
34,STF-26466758,Jordan Henderson,nurse,general_medicine,1,STF-67f5247b,0
35,STF-26466758,Jordan Henderson,nurse,general_medicine,1,STF-67f5247b,0
36,STF-26466758,Jordan Henderson,nurse,general_medicine,0,STF-67f5247b,0
37,STF-26466758,Jordan Henderson,nurse,general_medicine,1,STF-67f5247b,0
38,STF-26466758,Jordan Henderson,nurse,general_medicine,1,STF-67f5247b,0
39,STF-26466758,Jordan Henderson,nurse,general_medicine,0,STF-67f5247b,0
40,STF-26466758,Jordan Henderson,nurse,general_medicine,1,STF-67f5247b,0
41,STF-26466758,Jordan Henderson,nurse,general_medicine,1,STF-67f5247b,0
42,STF-26466758,Jordan Henderson,nurse,general_medicine,0,STF-67f5247b,0
43,STF-26466758,Jordan Henderson,nurse,general_medicine,1,STF-67f5247b,0
44,STF-26466758,Jordan Henderson,nurse,general_medicine,1,STF-67f5247b,0
45,STF-26466758,Jordan Henderson,nurse,general_medicine,0,STF-67f5247b,0
46,STF-26466758,Jordan Henderson,nurse,general_medicine,1,STF-67f5247b,0
47,STF-26466758,Jordan Henderson,nurse,general_medicine,1,STF-67f5247b,0
48,STF-26466758,Jordan Henderson,nurse,general_medicine,0,STF-67f5247b,0
49,STF-26466758,Jordan Henderson,nurse,general_medicine,1,STF-67f5247b,0
50,STF-26466758,Jordan Henderson,nurse,general_medicine,1,STF-67f5247b,0
51,STF-26466758,Jordan Henderson,nurse,general_medicine,0,STF-67f5247b,0
52,STF-26466758,Jordan Henderson,nurse,general_medicine,1,STF-67f5247b,0
1,STF-4f1df27e,Whitney Peters,nurse,general_medicine,1,STF-613d0d64,0
2,STF-4f1df27e,Whitney Peters,nurse,general_medicine,0,STF-613d0d64,0
3,STF-4f1df27e,Whitney Peters,nurse,general_medicine,0,STF-613d0d64,0
4,STF-4f1df27e,Whitney Peters,nurse,general_medicine,1,STF-613d0d64,0
5,STF-4f1df27e,Whitney Peters,nurse,general_medicine,0,STF-613d0d64,0
6,STF-4f1df27e,Whitney Peters,nurse,general_medicine,0,STF-613d0d64,0
7,STF-4f1df27e,Whitney Peters,nurse,general_medicine,1,STF-613d0d64,0
8,STF-4f1df27e,Whitney Peters,nurse,general_medicine,1,STF-613d0d64,0
9,STF-4f1df27e,Whitney Peters,nurse,general_medicine,0,STF-613d0d64,0
10,STF-4f1df27e,Whitney Peters,nurse,general_medicine,1,STF-613d0d64,0
11,STF-4f1df27e,Whitney Peters,nurse,general_medicine,1,STF-613d0d64,0
12,STF-4f1df27e,Whitney Peters,nurse,general_medicine,0,STF-613d0d64,0
13,STF-4f1df27e,Whitney Peters,nurse,general_medicine,0,STF-613d0d64,0
14,STF-4f1df27e,Whitney Peters,nurse,general_medicine,1,STF-613d0d64,0
15,STF-4f1df27e,Whitney Peters,nurse,general_medicine,0,STF-613d0d64,0
16,STF-4f1df27e,Whitney Peters,nurse,general_medicine,1,STF-613d0d64,0
17,STF-4f1df27e,Whitney Peters,nurse,general_medicine,1,STF-613d0d64,0
18,STF-4f1df27e,Whitney Peters,nurse,general_medicine,0,STF-613d0d64,0
19,STF-4f1df27e,Whitney Peters,nurse,general_medicine,1,STF-613d0d64,0
20,STF-4f1df27e,Whitney Peters,nurse,general_medicine,1,STF-613d0d64,0
21,STF-4f1df27e,Whitney Peters,nurse,general_medicine,0,STF-613d0d64,0
22,STF-4f1df27e,Whitney Peters,nurse,general_medicine,1,STF-613d0d64,0
23,STF-4f1df27e,Whitney Peters,nurse,general_medicine,1,STF-613d0d64,0
24,STF-4f1df27e,Whitney Peters,nurse,general_medicine,0,STF-613d0d64,0
25,STF-4f1df27e,Whitney Peters,nurse,general_medicine,1,STF-613d0d64,0
26,STF-4f1df27e,Whitney Peters,nurse,general_medicine,1,STF-613d0d64,0
27,STF-4f1df27e,Whitney Peters,nurse,general_medicine,0,STF-613d0d64,0
28,STF-4f1df27e,Whitney Peters,nurse,general_medicine,1,STF-613d0d64,0
29,STF-4f1df27e,Whitney Peters,nurse,general_medicine,1,STF-613d0d64,0
30,STF-4f1df27e,Whitney Peters,nurse,general_medicine,0,STF-613d0d64,0
31,STF-4f1df27e,Whitney Peters,nurse,general_medicine,1,STF-613d0d64,0
32,STF-4f1df27e,Whitney Peters,nurse,general_medicine,1,STF-613d0d64,0
33,STF-4f1df27e,Whitney Peters,nurse,general_medicine,0,STF-613d0d64,0
34,STF-4f1df27e,Whitney Peters,nurse,general_medicine,1,STF-613d0d64,0
35,STF-4f1df27e,Whitney Peters,nurse,general_medicine,1,STF-613d0d64,0
36,STF-4f1df27e,Whitney Peters,nurse,general_medicine,0,STF-613d0d64,0
37,STF-4f1df27e,Whitney Peters,nurse,general_medicine,1,STF-613d0d64,0
38,STF-4f1df27e,Whitney Peters,nurse,general_medicine,1,STF-613d0d64,0
39,STF-4f1df27e,Whitney Peters,nurse,general_medicine,0,STF-613d0d64,0
40,STF-4f1df27e,Whitney Peters,nurse,general_medicine,1,STF-613d0d64,0
41,STF-4f1df27e,Whitney Peters,nurse,general_medicine,1,STF-613d0d64,0
42,STF-4f1df27e,Whitney Peters,nurse,general_medicine,0,STF-613d0d64,0
43,STF-4f1df27e,Whitney Peters,nurse,general_medicine,1,STF-613d0d64,0
44,STF-4f1df27e,Whitney Peters,nurse,general_medicine,0,STF-613d0d64,0
45,STF-4f1df27e,Whitney Peters,nurse,general_medicine,0,STF-613d0d64,0
46,STF-4f1df27e,Whitney Peters,nurse,general_medicine,1,STF-613d0d64,0
47,STF-4f1df27e,Whitney Peters,nurse,general_medicine,1,STF-613d0d64,0
48,STF-4f1df27e,Whitney Peters,nurse,general_medicine,0,STF-613d0d64,0
49,STF-4f1df27e,Whitney Peters,nurse,general_medicine,1,STF-613d0d64,0
50,STF-4f1df27e,Whitney Peters,nurse,general_medicine,1,STF-613d0d64,0
51,STF-4f1df27e,Whitney Peters,nurse,general_medicine,0,STF-613d0d64,0
52,STF-4f1df27e,Whitney Peters,nurse,general_medicine,1,STF-613d0d64,0
1,STF-322e1cde,Brittney Phillips,nurse,general_medicine,1,STF-a74d38db,0
2,STF-322e1cde,Brittney Phillips,nurse,general_medicine,1,STF-a74d38db,0
3,STF-322e1cde,Brittney Phillips,nurse,general_medicine,0,STF-a74d38db,0
4,STF-322e1cde,Brittney Phillips,nurse,general_medicine,1,STF-a74d38db,0
5,STF-322e1cde,Brittney Phillips,nurse,general_medicine,1,STF-a74d38db,0
6,STF-322e1cde,Brittney Phillips,nurse,general_medicine,0,STF-a74d38db,0
7,STF-322e1cde,Brittney Phillips,nurse,general_medicine,1,STF-a74d38db,0
8,STF-322e1cde,Brittney Phillips,nurse,general_medicine,1,STF-a74d38db,0
9,STF-322e1cde,Brittney Phillips,nurse,general_medicine,0,STF-a74d38db,0
10,STF-322e1cde,Brittney Phillips,nurse,general_medicine,1,STF-a74d38db,0
11,STF-322e1cde,Brittney Phillips,nurse,general_medicine,0,STF-a74d38db,0
12,STF-322e1cde,Brittney Phillips,nurse,general_medicine,0,STF-a74d38db,0
13,STF-322e1cde,Brittney Phillips,nurse,general_medicine,0,STF-a74d38db,0
14,STF-322e1cde,Brittney Phillips,nurse,general_medicine,1,STF-a74d38db,0
15,STF-322e1cde,Brittney Phillips,nurse,general_medicine,0,STF-a74d38db,0
16,STF-322e1cde,Brittney Phillips,nurse,general_medicine,1,STF-a74d38db,0
17,STF-322e1cde,Brittney Phillips,nurse,general_medicine,1,STF-a74d38db,0
18,STF-322e1cde,Brittney Phillips,nurse,general_medicine,0,STF-a74d38db,0
19,STF-322e1cde,Brittney Phillips,nurse,general_medicine,1,STF-a74d38db,0
20,STF-322e1cde,Brittney Phillips,nurse,general_medicine,1,STF-a74d38db,0
21,STF-322e1cde,Brittney Phillips,nurse,general_medicine,0,STF-a74d38db,0
22,STF-322e1cde,Brittney Phillips,nurse,general_medicine,1,STF-a74d38db,0
23,STF-322e1cde,Brittney Phillips,nurse,general_medicine,1,STF-a74d38db,0
24,STF-322e1cde,Brittney Phillips,nurse,general_medicine,0,STF-a74d38db,0
25,STF-322e1cde,Brittney Phillips,nurse,general_medicine,1,STF-a74d38db,0
26,STF-322e1cde,Brittney Phillips,nurse,general_medicine,1,STF-a74d38db,0
27,STF-322e1cde,Brittney Phillips,nurse,general_medicine,0,STF-a74d38db,0
28,STF-322e1cde,Brittney Phillips,nurse,general_medicine,1,STF-a74d38db,0
29,STF-322e1cde,Brittney Phillips,nurse,general_medicine,1,STF-a74d38db,0
30,STF-322e1cde,Brittney Phillips,nurse,general_medicine,0,STF-a74d38db,0
31,STF-322e1cde,Brittney Phillips,nurse,general_medicine,1,STF-a74d38db,0
32,STF-322e1cde,Brittney Phillips,nurse,general_medicine,1,STF-a74d38db,0
33,STF-322e1cde,Brittney Phillips,nurse,general_medicine,0,STF-a74d38db,0
34,STF-322e1cde,Brittney Phillips,nurse,general_medicine,1,STF-a74d38db,0
35,STF-322e1cde,Brittney Phillips,nurse,general_medicine,1,STF-a74d38db,0
36,STF-322e1cde,Brittney Phillips,nurse,general_medicine,0,STF-a74d38db,0
37,STF-322e1cde,Brittney Phillips,nurse,general_medicine,1,STF-a74d38db,0
38,STF-322e1cde,Brittney Phillips,nurse,general_medicine,1,STF-a74d38db,0
39,STF-322e1cde,Brittney Phillips,nurse,general_medicine,0,STF-a74d38db,0
40,STF-322e1cde,Brittney Phillips,nurse,general_medicine,1,STF-a74d38db,0
41,STF-322e1cde,Brittney Phillips,nurse,general_medicine,1,STF-a74d38db,0
42,STF-322e1cde,Brittney Phillips,nurse,general_medicine,0,STF-a74d38db,0
43,STF-322e1cde,Brittney Phillips,nurse,general_medicine,1,STF-a74d38db,0
44,STF-322e1cde,Brittney Phillips,nurse,general_medicine,1,STF-a74d38db,0
45,STF-322e1cde,Brittney Phillips,nurse,general_medicine,0,STF-a74d38db,0
46,STF-322e1cde,Brittney Phillips,nurse,general_medicine,1,STF-a74d38db,0
47,STF-322e1cde,Brittney Phillips,nurse,general_medicine,1,STF-a74d38db,0
48,STF-322e1cde,Brittney Phillips,nurse,general_medicine,0,STF-a74d38db,0
49,STF-322e1cde,Brittney Phillips,nurse,general_medicine,1,STF-a74d38db,0
50,STF-322e1cde,Brittney Phillips,nurse,general_medicine,1,STF-a74d38db,0
51,STF-322e1cde,Brittney Phillips,nurse,general_medicine,0,STF-a74d38db,0
52,STF-322e1cde,Brittney Phillips,nurse,general_medicine,0,STF-a74d38db,0
1,STF-8a885bae,Lauren Daniels,nurse,general_medicine,1,STF-b3eabf08,0
2,STF-8a885bae,Lauren Daniels,nurse,general_medicine,0,STF-b3eabf08,0
3,STF-8a885bae,Lauren Daniels,nurse,general_medicine,0,STF-b3eabf08,0
4,STF-8a885bae,Lauren Daniels,nurse,general_medicine,1,STF-b3eabf08,0
5,STF-8a885bae,Lauren Daniels,nurse,general_medicine,0,STF-b3eabf08,0
6,STF-8a885bae,Lauren Daniels,nurse,general_medicine,0,STF-b3eabf08,0
7,STF-8a885bae,Lauren Daniels,nurse,general_medicine,1,STF-b3eabf08,0
8,STF-8a885bae,Lauren Daniels,nurse,general_medicine,1,STF-b3eabf08,0
9,STF-8a885bae,Lauren Daniels,nurse,general_medicine,0,STF-b3eabf08,0
10,STF-8a885bae,Lauren Daniels,nurse,general_medicine,1,STF-b3eabf08,0
11,STF-8a885bae,Lauren Daniels,nurse,general_medicine,1,STF-b3eabf08,0
12,STF-8a885bae,Lauren Daniels,nurse,general_medicine,0,STF-b3eabf08,0
13,STF-8a885bae,Lauren Daniels,nurse,general_medicine,1,STF-b3eabf08,0
14,STF-8a885bae,Lauren Daniels,nurse,general_medicine,1,STF-b3eabf08,0
15,STF-8a885bae,Lauren Daniels,nurse,general_medicine,0,STF-b3eabf08,0
16,STF-8a885bae,Lauren Daniels,nurse,general_medicine,1,STF-b3eabf08,0
17,STF-8a885bae,Lauren Daniels,nurse,general_medicine,1,STF-b3eabf08,0
18,STF-8a885bae,Lauren Daniels,nurse,general_medicine,0,STF-b3eabf08,0
19,STF-8a885bae,Lauren Daniels,nurse,general_medicine,1,STF-b3eabf08,0
20,STF-8a885bae,Lauren Daniels,nurse,general_medicine,1,STF-b3eabf08,0
21,STF-8a885bae,Lauren Daniels,nurse,general_medicine,0,STF-b3eabf08,0
22,STF-8a885bae,Lauren Daniels,nurse,general_medicine,1,STF-b3eabf08,0
23,STF-8a885bae,Lauren Daniels,nurse,general_medicine,1,STF-b3eabf08,0
24,STF-8a885bae,Lauren Daniels,nurse,general_medicine,0,STF-b3eabf08,0
25,STF-8a885bae,Lauren Daniels,nurse,general_medicine,1,STF-b3eabf08,0
26,STF-8a885bae,Lauren Daniels,nurse,general_medicine,1,STF-b3eabf08,0
27,STF-8a885bae,Lauren Daniels,nurse,general_medicine,0,STF-b3eabf08,0
28,STF-8a885bae,Lauren Daniels,nurse,general_medicine,1,STF-b3eabf08,0
29,STF-8a885bae,Lauren Daniels,nurse,general_medicine,1,STF-b3eabf08,0
30,STF-8a885bae,Lauren Daniels,nurse,general_medicine,0,STF-b3eabf08,0
31,STF-8a885bae,Lauren Daniels,nurse,general_medicine,1,STF-b3eabf08,0
32,STF-8a885bae,Lauren Daniels,nurse,general_medicine,1,STF-b3eabf08,0
33,STF-8a885bae,Lauren Daniels,nurse,general_medicine,0,STF-b3eabf08,0
34,STF-8a885bae,Lauren Daniels,nurse,general_medicine,1,STF-b3eabf08,0
35,STF-8a885bae,Lauren Daniels,nurse,general_medicine,1,STF-b3eabf08,0
36,STF-8a885bae,Lauren Daniels,nurse,general_medicine,0,STF-b3eabf08,0
37,STF-8a885bae,Lauren Daniels,nurse,general_medicine,1,STF-b3eabf08,0
38,STF-8a885bae,Lauren Daniels,nurse,general_medicine,1,STF-b3eabf08,0
39,STF-8a885bae,Lauren Daniels,nurse,general_medicine,0,STF-b3eabf08,0
40,STF-8a885bae,Lauren Daniels,nurse,general_medicine,1,STF-b3eabf08,0
41,STF-8a885bae,Lauren Daniels,nurse,general_medicine,1,STF-b3eabf08,0
42,STF-8a885bae,Lauren Daniels,nurse,general_medicine,0,STF-b3eabf08,0
43,STF-8a885bae,Lauren Daniels,nurse,general_medicine,1,STF-b3eabf08,0
44,STF-8a885bae,Lauren Daniels,nurse,general_medicine,1,STF-b3eabf08,0
45,STF-8a885bae,Lauren Daniels,nurse,general_medicine,0,STF-b3eabf08,0
46,STF-8a885bae,Lauren Daniels,nurse,general_medicine,0,STF-b3eabf08,0
47,STF-8a885bae,Lauren Daniels,nurse,general_medicine,1,STF-b3eabf08,0
48,STF-8a885bae,Lauren Daniels,nurse,general_medicine,0,STF-b3eabf08,0
49,STF-8a885bae,Lauren Daniels,nurse,general_medicine,1,STF-b3eabf08,0
50,STF-8a885bae,Lauren Daniels,nurse,general_medicine,1,STF-b3eabf08,0
51,STF-8a885bae,Lauren Daniels,nurse,general_medicine,0,STF-b3eabf08,0
52,STF-8a885bae,Lauren Daniels,nurse,general_medicine,1,STF-b3eabf08,0
1,STF-551ccae1,Amy Silva,nurse,general_medicine,1,STF-b5fcdde5,0
2,STF-551ccae1,Amy Silva,nurse,general_medicine,1,STF-b5fcdde5,0
3,STF-551ccae1,Amy Silva,nurse,general_medicine,0,STF-b5fcdde5,0
4,STF-551ccae1,Amy Silva,nurse,general_medicine,1,STF-b5fcdde5,0
5,STF-551ccae1,Amy Silva,nurse,general_medicine,0,STF-b5fcdde5,0
6,STF-551ccae1,Amy Silva,nurse,general_medicine,0,STF-b5fcdde5,0
7,STF-551ccae1,Amy Silva,nurse,general_medicine,1,STF-b5fcdde5,0
8,STF-551ccae1,Amy Silva,nurse,general_medicine,1,STF-b5fcdde5,0
9,STF-551ccae1,Amy Silva,nurse,general_medicine,0,STF-b5fcdde5,0
10,STF-551ccae1,Amy Silva,nurse,general_medicine,1,STF-b5fcdde5,0
11,STF-551ccae1,Amy Silva,nurse,general_medicine,0,STF-b5fcdde5,0
12,STF-551ccae1,Amy Silva,nurse,general_medicine,0,STF-b5fcdde5,0
13,STF-551ccae1,Amy Silva,nurse,general_medicine,1,STF-b5fcdde5,0
14,STF-551ccae1,Amy Silva,nurse,general_medicine,1,STF-b5fcdde5,0
15,STF-551ccae1,Amy Silva,nurse,general_medicine,0,STF-b5fcdde5,0
16,STF-551ccae1,Amy Silva,nurse,general_medicine,1,STF-b5fcdde5,0
17,STF-551ccae1,Amy Silva,nurse,general_medicine,1,STF-b5fcdde5,0
18,STF-551ccae1,Amy Silva,nurse,general_medicine,0,STF-b5fcdde5,0
19,STF-551ccae1,Amy Silva,nurse,general_medicine,1,STF-b5fcdde5,0
20,STF-551ccae1,Amy Silva,nurse,general_medicine,1,STF-b5fcdde5,0
21,STF-551ccae1,Amy Silva,nurse,general_medicine,0,STF-b5fcdde5,0
22,STF-551ccae1,Amy Silva,nurse,general_medicine,0,STF-b5fcdde5,0
23,STF-551ccae1,Amy Silva,nurse,general_medicine,1,STF-b5fcdde5,0
24,STF-551ccae1,Amy Silva,nurse,general_medicine,0,STF-b5fcdde5,0
25,STF-551ccae1,Amy Silva,nurse,general_medicine,1,STF-b5fcdde5,0
26,STF-551ccae1,Amy Silva,nurse,general_medicine,1,STF-b5fcdde5,0
27,STF-551ccae1,Amy Silva,nurse,general_medicine,0,STF-b5fcdde5,0
28,STF-551ccae1,Amy Silva,nurse,general_medicine,1,STF-b5fcdde5,0
29,STF-551ccae1,Amy Silva,nurse,general_medicine,1,STF-b5fcdde5,0
30,STF-551ccae1,Amy Silva,nurse,general_medicine,0,STF-b5fcdde5,0
31,STF-551ccae1,Amy Silva,nurse,general_medicine,1,STF-b5fcdde5,0
32,STF-551ccae1,Amy Silva,nurse,general_medicine,1,STF-b5fcdde5,0
33,STF-551ccae1,Amy Silva,nurse,general_medicine,0,STF-b5fcdde5,0
34,STF-551ccae1,Amy Silva,nurse,general_medicine,1,STF-b5fcdde5,0
35,STF-551ccae1,Amy Silva,nurse,general_medicine,0,STF-b5fcdde5,0
36,STF-551ccae1,Amy Silva,nurse,general_medicine,0,STF-b5fcdde5,0
37,STF-551ccae1,Amy Silva,nurse,general_medicine,1,STF-b5fcdde5,0
38,STF-551ccae1,Amy Silva,nurse,general_medicine,1,STF-b5fcdde5,0
39,STF-551ccae1,Amy Silva,nurse,general_medicine,0,STF-b5fcdde5,0
40,STF-551ccae1,Amy Silva,nurse,general_medicine,1,STF-b5fcdde5,0
41,STF-551ccae1,Amy Silva,nurse,general_medicine,1,STF-b5fcdde5,0
42,STF-551ccae1,Amy Silva,nurse,general_medicine,0,STF-b5fcdde5,0
43,STF-551ccae1,Amy Silva,nurse,general_medicine,1,STF-b5fcdde5,0
44,STF-551ccae1,Amy Silva,nurse,general_medicine,0,STF-b5fcdde5,0
45,STF-551ccae1,Amy Silva,nurse,general_medicine,0,STF-b5fcdde5,0
46,STF-551ccae1,Amy Silva,nurse,general_medicine,1,STF-b5fcdde5,0
47,STF-551ccae1,Amy Silva,nurse,general_medicine,1,STF-b5fcdde5,0
48,STF-551ccae1,Amy Silva,nurse,general_medicine,0,STF-b5fcdde5,0
49,STF-551ccae1,Amy Silva,nurse,general_medicine,0,STF-b5fcdde5,0
50,STF-551ccae1,Amy Silva,nurse,general_medicine,1,STF-b5fcdde5,0
51,STF-551ccae1,Amy Silva,nurse,general_medicine,0,STF-b5fcdde5,0
52,STF-551ccae1,Amy Silva,nurse,general_medicine,1,STF-b5fcdde5,0
1,STF-2dfd271e,Sarah Moore,nurse,general_medicine,0,STF-9b1ae05a,0
2,STF-2dfd271e,Sarah Moore,nurse,general_medicine,1,STF-9b1ae05a,0
3,STF-2dfd271e,Sarah Moore,nurse,general_medicine,0,STF-9b1ae05a,0
4,STF-2dfd271e,Sarah Moore,nurse,general_medicine,1,STF-9b1ae05a,0
5,STF-2dfd271e,Sarah Moore,nurse,general_medicine,1,STF-9b1ae05a,0
6,STF-2dfd271e,Sarah Moore,nurse,general_medicine,0,STF-9b1ae05a,0
7,STF-2dfd271e,Sarah Moore,nurse,general_medicine,1,STF-9b1ae05a,0
8,STF-2dfd271e,Sarah Moore,nurse,general_medicine,1,STF-9b1ae05a,0
9,STF-2dfd271e,Sarah Moore,nurse,general_medicine,0,STF-9b1ae05a,0
10,STF-2dfd271e,Sarah Moore,nurse,general_medicine,1,STF-9b1ae05a,0
11,STF-2dfd271e,Sarah Moore,nurse,general_medicine,1,STF-9b1ae05a,0
12,STF-2dfd271e,Sarah Moore,nurse,general_medicine,0,STF-9b1ae05a,0
13,STF-2dfd271e,Sarah Moore,nurse,general_medicine,1,STF-9b1ae05a,0
14,STF-2dfd271e,Sarah Moore,nurse,general_medicine,1,STF-9b1ae05a,0
15,STF-2dfd271e,Sarah Moore,nurse,general_medicine,0,STF-9b1ae05a,0
16,STF-2dfd271e,Sarah Moore,nurse,general_medicine,1,STF-9b1ae05a,0
17,STF-2dfd271e,Sarah Moore,nurse,general_medicine,1,STF-9b1ae05a,0
18,STF-2dfd271e,Sarah Moore,nurse,general_medicine,0,STF-9b1ae05a,0
19,STF-2dfd271e,Sarah Moore,nurse,general_medicine,0,STF-9b1ae05a,0
20,STF-2dfd271e,Sarah Moore,nurse,general_medicine,1,STF-9b1ae05a,0
21,STF-2dfd271e,Sarah Moore,nurse,general_medicine,0,STF-9b1ae05a,0
22,STF-2dfd271e,Sarah Moore,nurse,general_medicine,1,STF-9b1ae05a,0
23,STF-2dfd271e,Sarah Moore,nurse,general_medicine,1,STF-9b1ae05a,0
24,STF-2dfd271e,Sarah Moore,nurse,general_medicine,0,STF-9b1ae05a,0
25,STF-2dfd271e,Sarah Moore,nurse,general_medicine,1,STF-9b1ae05a,0
26,STF-2dfd271e,Sarah Moore,nurse,general_medicine,1,STF-9b1ae05a,0
27,STF-2dfd271e,Sarah Moore,nurse,general_medicine,0,STF-9b1ae05a,0
28,STF-2dfd271e,Sarah Moore,nurse,general_medicine,1,STF-9b1ae05a,0
29,STF-2dfd271e,Sarah Moore,nurse,general_medicine,1,STF-9b1ae05a,0
30,STF-2dfd271e,Sarah Moore,nurse,general_medicine,0,STF-9b1ae05a,0
31,STF-2dfd271e,Sarah Moore,nurse,general_medicine,1,STF-9b1ae05a,0
32,STF-2dfd271e,Sarah Moore,nurse,general_medicine,1,STF-9b1ae05a,0
33,STF-2dfd271e,Sarah Moore,nurse,general_medicine,0,STF-9b1ae05a,0
34,STF-2dfd271e,Sarah Moore,nurse,general_medicine,1,STF-9b1ae05a,0
35,STF-2dfd271e,Sarah Moore,nurse,general_medicine,1,STF-9b1ae05a,0
36,STF-2dfd271e,Sarah Moore,nurse,general_medicine,0,STF-9b1ae05a,0
37,STF-2dfd271e,Sarah Moore,nurse,general_medicine,1,STF-9b1ae05a,0
38,STF-2dfd271e,Sarah Moore,nurse,general_medicine,1,STF-9b1ae05a,0
39,STF-2dfd271e,Sarah Moore,nurse,general_medicine,0,STF-9b1ae05a,0
40,STF-2dfd271e,Sarah Moore,nurse,general_medicine,1,STF-9b1ae05a,0
41,STF-2dfd271e,Sarah Moore,nurse,general_medicine,1,STF-9b1ae05a,0
42,STF-2dfd271e,Sarah Moore,nurse,general_medicine,0,STF-9b1ae05a,0
43,STF-2dfd271e,Sarah Moore,nurse,general_medicine,1,STF-9b1ae05a,0
44,STF-2dfd271e,Sarah Moore,nurse,general_medicine,1,STF-9b1ae05a,0
45,STF-2dfd271e,Sarah Moore,nurse,general_medicine,0,STF-9b1ae05a,0
46,STF-2dfd271e,Sarah Moore,nurse,general_medicine,1,STF-9b1ae05a,0
47,STF-2dfd271e,Sarah Moore,nurse,general_medicine,0,STF-9b1ae05a,0
48,STF-2dfd271e,Sarah Moore,nurse,general_medicine,0,STF-9b1ae05a,0
49,STF-2dfd271e,Sarah Moore,nurse,general_medicine,1,STF-9b1ae05a,0
50,STF-2dfd271e,Sarah Moore,nurse,general_medicine,1,STF-9b1ae05a,0
51,STF-2dfd271e,Sarah Moore,nurse,general_medicine,0,STF-9b1ae05a,0
52,STF-2dfd271e,Sarah Moore,nurse,general_medicine,0,STF-9b1ae05a,0
1,STF-0f188974,Angela Lopez,nurse,general_medicine,1,STF-9a4c0716,0
2,STF-0f188974,Angela Lopez,nurse,general_medicine,1,STF-9a4c0716,0
3,STF-0f188974,Angela Lopez,nurse,general_medicine,0,STF-9a4c0716,0
4,STF-0f188974,Angela Lopez,nurse,general_medicine,1,STF-9a4c0716,0
5,STF-0f188974,Angela Lopez,nurse,general_medicine,1,STF-9a4c0716,0
6,STF-0f188974,Angela Lopez,nurse,general_medicine,0,STF-9a4c0716,0
7,STF-0f188974,Angela Lopez,nurse,general_medicine,1,STF-9a4c0716,0
8,STF-0f188974,Angela Lopez,nurse,general_medicine,0,STF-9a4c0716,0
9,STF-0f188974,Angela Lopez,nurse,general_medicine,0,STF-9a4c0716,0
10,STF-0f188974,Angela Lopez,nurse,general_medicine,1,STF-9a4c0716,0
11,STF-0f188974,Angela Lopez,nurse,general_medicine,1,STF-9a4c0716,0
12,STF-0f188974,Angela Lopez,nurse,general_medicine,0,STF-9a4c0716,0
13,STF-0f188974,Angela Lopez,nurse,general_medicine,1,STF-9a4c0716,0
14,STF-0f188974,Angela Lopez,nurse,general_medicine,0,STF-9a4c0716,0
15,STF-0f188974,Angela Lopez,nurse,general_medicine,0,STF-9a4c0716,0
16,STF-0f188974,Angela Lopez,nurse,general_medicine,1,STF-9a4c0716,0
17,STF-0f188974,Angela Lopez,nurse,general_medicine,0,STF-9a4c0716,0
18,STF-0f188974,Angela Lopez,nurse,general_medicine,0,STF-9a4c0716,0
19,STF-0f188974,Angela Lopez,nurse,general_medicine,1,STF-9a4c0716,0
20,STF-0f188974,Angela Lopez,nurse,general_medicine,0,STF-9a4c0716,0
21,STF-0f188974,Angela Lopez,nurse,general_medicine,0,STF-9a4c0716,0
22,STF-0f188974,Angela Lopez,nurse,general_medicine,0,STF-9a4c0716,0
23,STF-0f188974,Angela Lopez,nurse,general_medicine,1,STF-9a4c0716,0
24,STF-0f188974,Angela Lopez,nurse,general_medicine,0,STF-9a4c0716,0
25,STF-0f188974,Angela Lopez,nurse,general_medicine,1,STF-9a4c0716,0
26,STF-0f188974,Angela Lopez,nurse,general_medicine,0,STF-9a4c0716,0
27,STF-0f188974,Angela Lopez,nurse,general_medicine,0,STF-9a4c0716,0
28,STF-0f188974,Angela Lopez,nurse,general_medicine,1,STF-9a4c0716,0
29,STF-0f188974,Angela Lopez,nurse,general_medicine,1,STF-9a4c0716,0
30,STF-0f188974,Angela Lopez,nurse,general_medicine,0,STF-9a4c0716,0
31,STF-0f188974,Angela Lopez,nurse,general_medicine,1,STF-9a4c0716,0
32,STF-0f188974,Angela Lopez,nurse,general_medicine,1,STF-9a4c0716,0
33,STF-0f188974,Angela Lopez,nurse,general_medicine,0,STF-9a4c0716,0
34,STF-0f188974,Angela Lopez,nurse,general_medicine,1,STF-9a4c0716,0
35,STF-0f188974,Angela Lopez,nurse,general_medicine,0,STF-9a4c0716,0
36,STF-0f188974,Angela Lopez,nurse,general_medicine,0,STF-9a4c0716,0
37,STF-0f188974,Angela Lopez,nurse,general_medicine,1,STF-9a4c0716,0
38,STF-0f188974,Angela Lopez,nurse,general_medicine,1,STF-9a4c0716,0
39,STF-0f188974,Angela Lopez,nurse,general_medicine,0,STF-9a4c0716,0
40,STF-0f188974,Angela Lopez,nurse,general_medicine,1,STF-9a4c0716,0
41,STF-0f188974,Angela Lopez,nurse,general_medicine,1,STF-9a4c0716,0
42,STF-0f188974,Angela Lopez,nurse,general_medicine,0,STF-9a4c0716,0
43,STF-0f188974,Angela Lopez,nurse,general_medicine,1,STF-9a4c0716,0
44,STF-0f188974,Angela Lopez,nurse,general_medicine,1,STF-9a4c0716,0
45,STF-0f188974,Angela Lopez,nurse,general_medicine,0,STF-9a4c0716,0
46,STF-0f188974,Angela Lopez,nurse,general_medicine,1,STF-9a4c0716,0
47,STF-0f188974,Angela Lopez,nurse,general_medicine,1,STF-9a4c0716,0
48,STF-0f188974,Angela Lopez,nurse,general_medicine,0,STF-9a4c0716,0
49,STF-0f188974,Angela Lopez,nurse,general_medicine,1,STF-9a4c0716,0
50,STF-0f188974,Angela Lopez,nurse,general_medicine,1,STF-9a4c0716,0
51,STF-0f188974,Angela Lopez,nurse,general_medicine,0,STF-9a4c0716,0
52,STF-0f188974,Angela Lopez,nurse,general_medicine,1,STF-9a4c0716,0
1,STF-dc6ad834,Megan Young,nurse,general_medicine,1,STF-3b8145ed,0
2,STF-dc6ad834,Megan Young,nurse,general_medicine,1,STF-3b8145ed,0
3,STF-dc6ad834,Megan Young,nurse,general_medicine,0,STF-3b8145ed,0
4,STF-dc6ad834,Megan Young,nurse,general_medicine,1,STF-3b8145ed,0
5,STF-dc6ad834,Megan Young,nurse,general_medicine,1,STF-3b8145ed,0
6,STF-dc6ad834,Megan Young,nurse,general_medicine,0,STF-3b8145ed,0
7,STF-dc6ad834,Megan Young,nurse,general_medicine,1,STF-3b8145ed,0
8,STF-dc6ad834,Megan Young,nurse,general_medicine,1,STF-3b8145ed,0
9,STF-dc6ad834,Megan Young,nurse,general_medicine,0,STF-3b8145ed,0
10,STF-dc6ad834,Megan Young,nurse,general_medicine,1,STF-3b8145ed,0
11,STF-dc6ad834,Megan Young,nurse,general_medicine,1,STF-3b8145ed,0
12,STF-dc6ad834,Megan Young,nurse,general_medicine,0,STF-3b8145ed,0
13,STF-dc6ad834,Megan Young,nurse,general_medicine,1,STF-3b8145ed,0
14,STF-dc6ad834,Megan Young,nurse,general_medicine,1,STF-3b8145ed,0
15,STF-dc6ad834,Megan Young,nurse,general_medicine,0,STF-3b8145ed,0
16,STF-dc6ad834,Megan Young,nurse,general_medicine,1,STF-3b8145ed,0
17,STF-dc6ad834,Megan Young,nurse,general_medicine,0,STF-3b8145ed,0
18,STF-dc6ad834,Megan Young,nurse,general_medicine,0,STF-3b8145ed,0
19,STF-dc6ad834,Megan Young,nurse,general_medicine,1,STF-3b8145ed,0
20,STF-dc6ad834,Megan Young,nurse,general_medicine,1,STF-3b8145ed,0
21,STF-dc6ad834,Megan Young,nurse,general_medicine,0,STF-3b8145ed,0
22,STF-dc6ad834,Megan Young,nurse,general_medicine,1,STF-3b8145ed,0
23,STF-dc6ad834,Megan Young,nurse,general_medicine,1,STF-3b8145ed,0
24,STF-dc6ad834,Megan Young,nurse,general_medicine,0,STF-3b8145ed,0
25,STF-dc6ad834,Megan Young,nurse,general_medicine,1,STF-3b8145ed,0
26,STF-dc6ad834,Megan Young,nurse,general_medicine,1,STF-3b8145ed,0
27,STF-dc6ad834,Megan Young,nurse,general_medicine,0,STF-3b8145ed,0
28,STF-dc6ad834,Megan Young,nurse,general_medicine,1,STF-3b8145ed,0
29,STF-dc6ad834,Megan Young,nurse,general_medicine,1,STF-3b8145ed,0
30,STF-dc6ad834,Megan Young,nurse,general_medicine,0,STF-3b8145ed,0
31,STF-dc6ad834,Megan Young,nurse,general_medicine,1,STF-3b8145ed,0
32,STF-dc6ad834,Megan Young,nurse,general_medicine,1,STF-3b8145ed,0
33,STF-dc6ad834,Megan Young,nurse,general_medicine,0,STF-3b8145ed,0
34,STF-dc6ad834,Megan Young,nurse,general_medicine,1,STF-3b8145ed,0
35,STF-dc6ad834,Megan Young,nurse,general_medicine,1,STF-3b8145ed,0
36,STF-dc6ad834,Megan Young,nurse,general_medicine,0,STF-3b8145ed,0
37,STF-dc6ad834,Megan Young,nurse,general_medicine,1,STF-3b8145ed,0
38,STF-dc6ad834,Megan Young,nurse,general_medicine,1,STF-3b8145ed,0
39,STF-dc6ad834,Megan Young,nurse,general_medicine,0,STF-3b8145ed,0
40,STF-dc6ad834,Megan Young,nurse,general_medicine,1,STF-3b8145ed,0
41,STF-dc6ad834,Megan Young,nurse,general_medicine,1,STF-3b8145ed,0
42,STF-dc6ad834,Megan Young,nurse,general_medicine,0,STF-3b8145ed,0
43,STF-dc6ad834,Megan Young,nurse,general_medicine,1,STF-3b8145ed,0
44,STF-dc6ad834,Megan Young,nurse,general_medicine,0,STF-3b8145ed,0
45,STF-dc6ad834,Megan Young,nurse,general_medicine,0,STF-3b8145ed,0
46,STF-dc6ad834,Megan Young,nurse,general_medicine,1,STF-3b8145ed,0
47,STF-dc6ad834,Megan Young,nurse,general_medicine,0,STF-3b8145ed,0
48,STF-dc6ad834,Megan Young,nurse,general_medicine,0,STF-3b8145ed,0
49,STF-dc6ad834,Megan Young,nurse,general_medicine,0,STF-3b8145ed,0
50,STF-dc6ad834,Megan Young,nurse,general_medicine,0,STF-3b8145ed,0
51,STF-dc6ad834,Megan Young,nurse,general_medicine,0,STF-3b8145ed,0
52,STF-dc6ad834,Megan Young,nurse,general_medicine,1,STF-3b8145ed,0
1,STF-44cbfc17,Steve Sanchez,nurse,general_medicine,1,STF-00b6381d,0
2,STF-44cbfc17,Steve Sanchez,nurse,general_medicine,1,STF-00b6381d,0
3,STF-44cbfc17,Steve Sanchez,nurse,general_medicine,0,STF-00b6381d,0
4,STF-44cbfc17,Steve Sanchez,nurse,general_medicine,1,STF-00b6381d,0
5,STF-44cbfc17,Steve Sanchez,nurse,general_medicine,1,STF-00b6381d,0
6,STF-44cbfc17,Steve Sanchez,nurse,general_medicine,0,STF-00b6381d,0
7,STF-44cbfc17,Steve Sanchez,nurse,general_medicine,1,STF-00b6381d,0
8,STF-44cbfc17,Steve Sanchez,nurse,general_medicine,1,STF-00b6381d,0
9,STF-44cbfc17,Steve Sanchez,nurse,general_medicine,0,STF-00b6381d,0
10,STF-44cbfc17,Steve Sanchez,nurse,general_medicine,1,STF-00b6381d,0
11,STF-44cbfc17,Steve Sanchez,nurse,general_medicine,1,STF-00b6381d,0
12,STF-44cbfc17,Steve Sanchez,nurse,general_medicine,0,STF-00b6381d,0
13,STF-44cbfc17,Steve Sanchez,nurse,general_medicine,1,STF-00b6381d,0
14,STF-44cbfc17,Steve Sanchez,nurse,general_medicine,0,STF-00b6381d,0
15,STF-44cbfc17,Steve Sanchez,nurse,general_medicine,0,STF-00b6381d,0
16,STF-44cbfc17,Steve Sanchez,nurse,general_medicine,0,STF-00b6381d,0
17,STF-44cbfc17,Steve Sanchez,nurse,general_medicine,1,STF-00b6381d,0
18,STF-44cbfc17,Steve Sanchez,nurse,general_medicine,0,STF-00b6381d,0
19,STF-44cbfc17,Steve Sanchez,nurse,general_medicine,0,STF-00b6381d,0
20,STF-44cbfc17,Steve Sanchez,nurse,general_medicine,1,STF-00b6381d,0
21,STF-44cbfc17,Steve Sanchez,nurse,general_medicine,0,STF-00b6381d,0
22,STF-44cbfc17,Steve Sanchez,nurse,general_medicine,1,STF-00b6381d,0
23,STF-44cbfc17,Steve Sanchez,nurse,general_medicine,1,STF-00b6381d,0
24,STF-44cbfc17,Steve Sanchez,nurse,general_medicine,0,STF-00b6381d,0
25,STF-44cbfc17,Steve Sanchez,nurse,general_medicine,1,STF-00b6381d,0
26,STF-44cbfc17,Steve Sanchez,nurse,general_medicine,1,STF-00b6381d,0
27,STF-44cbfc17,Steve Sanchez,nurse,general_medicine,0,STF-00b6381d,0
28,STF-44cbfc17,Steve Sanchez,nurse,general_medicine,1,STF-00b6381d,0
29,STF-44cbfc17,Steve Sanchez,nurse,general_medicine,1,STF-00b6381d,0
30,STF-44cbfc17,Steve Sanchez,nurse,general_medicine,0,STF-00b6381d,0
31,STF-44cbfc17,Steve Sanchez,nurse,general_medicine,1,STF-00b6381d,0
32,STF-44cbfc17,Steve Sanchez,nurse,general_medicine,1,STF-00b6381d,0
33,STF-44cbfc17,Steve Sanchez,nurse,general_medicine,0,STF-00b6381d,0
34,STF-44cbfc17,Steve Sanchez,nurse,general_medicine,1,STF-00b6381d,0
35,STF-44cbfc17,Steve Sanchez,nurse,general_medicine,1,STF-00b6381d,0
36,STF-44cbfc17,Steve Sanchez,nurse,general_medicine,0,STF-00b6381d,0
37,STF-44cbfc17,Steve Sanchez,nurse,general_medicine,1,STF-00b6381d,0
38,STF-44cbfc17,Steve Sanchez,nurse,general_medicine,1,STF-00b6381d,0
39,STF-44cbfc17,Steve Sanchez,nurse,general_medicine,0,STF-00b6381d,0
40,STF-44cbfc17,Steve Sanchez,nurse,general_medicine,1,STF-00b6381d,0
41,STF-44cbfc17,Steve Sanchez,nurse,general_medicine,1,STF-00b6381d,0
42,STF-44cbfc17,Steve Sanchez,nurse,general_medicine,0,STF-00b6381d,0
43,STF-44cbfc17,Steve Sanchez,nurse,general_medicine,1,STF-00b6381d,0
44,STF-44cbfc17,Steve Sanchez,nurse,general_medicine,1,STF-00b6381d,0
45,STF-44cbfc17,Steve Sanchez,nurse,general_medicine,0,STF-00b6381d,0
46,STF-44cbfc17,Steve Sanchez,nurse,general_medicine,1,STF-00b6381d,0
47,STF-44cbfc17,Steve Sanchez,nurse,general_medicine,1,STF-00b6381d,0
48,STF-44cbfc17,Steve Sanchez,nurse,general_medicine,0,STF-00b6381d,0
49,STF-44cbfc17,Steve Sanchez,nurse,general_medicine,1,STF-00b6381d,0
50,STF-44cbfc17,Steve Sanchez,nurse,general_medicine,0,STF-00b6381d,0
51,STF-44cbfc17,Steve Sanchez,nurse,general_medicine,0,STF-00b6381d,0
52,STF-44cbfc17,Steve Sanchez,nurse,general_medicine,1,STF-00b6381d,0
1,STF-8c3d09d0,Lisa Barnes,nurse,general_medicine,1,STF-cb0c3c50,0
2,STF-8c3d09d0,Lisa Barnes,nurse,general_medicine,1,STF-cb0c3c50,0
3,STF-8c3d09d0,Lisa Barnes,nurse,general_medicine,0,STF-cb0c3c50,0
4,STF-8c3d09d0,Lisa Barnes,nurse,general_medicine,0,STF-cb0c3c50,0
5,STF-8c3d09d0,Lisa Barnes,nurse,general_medicine,0,STF-cb0c3c50,0
6,STF-8c3d09d0,Lisa Barnes,nurse,general_medicine,0,STF-cb0c3c50,0
7,STF-8c3d09d0,Lisa Barnes,nurse,general_medicine,1,STF-cb0c3c50,0
8,STF-8c3d09d0,Lisa Barnes,nurse,general_medicine,1,STF-cb0c3c50,0
9,STF-8c3d09d0,Lisa Barnes,nurse,general_medicine,0,STF-cb0c3c50,0
10,STF-8c3d09d0,Lisa Barnes,nurse,general_medicine,0,STF-cb0c3c50,0
11,STF-8c3d09d0,Lisa Barnes,nurse,general_medicine,1,STF-cb0c3c50,0
12,STF-8c3d09d0,Lisa Barnes,nurse,general_medicine,0,STF-cb0c3c50,0
13,STF-8c3d09d0,Lisa Barnes,nurse,general_medicine,1,STF-cb0c3c50,0
14,STF-8c3d09d0,Lisa Barnes,nurse,general_medicine,1,STF-cb0c3c50,0
15,STF-8c3d09d0,Lisa Barnes,nurse,general_medicine,0,STF-cb0c3c50,0
16,STF-8c3d09d0,Lisa Barnes,nurse,general_medicine,1,STF-cb0c3c50,0
17,STF-8c3d09d0,Lisa Barnes,nurse,general_medicine,1,STF-cb0c3c50,0
18,STF-8c3d09d0,Lisa Barnes,nurse,general_medicine,0,STF-cb0c3c50,0
19,STF-8c3d09d0,Lisa Barnes,nurse,general_medicine,1,STF-cb0c3c50,0
20,STF-8c3d09d0,Lisa Barnes,nurse,general_medicine,1,STF-cb0c3c50,0
21,STF-8c3d09d0,Lisa Barnes,nurse,general_medicine,0,STF-cb0c3c50,0
22,STF-8c3d09d0,Lisa Barnes,nurse,general_medicine,1,STF-cb0c3c50,0
23,STF-8c3d09d0,Lisa Barnes,nurse,general_medicine,1,STF-cb0c3c50,0
24,STF-8c3d09d0,Lisa Barnes,nurse,general_medicine,0,STF-cb0c3c50,0
25,STF-8c3d09d0,Lisa Barnes,nurse,general_medicine,1,STF-cb0c3c50,0
26,STF-8c3d09d0,Lisa Barnes,nurse,general_medicine,1,STF-cb0c3c50,0
27,STF-8c3d09d0,Lisa Barnes,nurse,general_medicine,0,STF-cb0c3c50,0
28,STF-8c3d09d0,Lisa Barnes,nurse,general_medicine,1,STF-cb0c3c50,0
29,STF-8c3d09d0,Lisa Barnes,nurse,general_medicine,1,STF-cb0c3c50,0
30,STF-8c3d09d0,Lisa Barnes,nurse,general_medicine,0,STF-cb0c3c50,0
31,STF-8c3d09d0,Lisa Barnes,nurse,general_medicine,1,STF-cb0c3c50,0
32,STF-8c3d09d0,Lisa Barnes,nurse,general_medicine,1,STF-cb0c3c50,0
33,STF-8c3d09d0,Lisa Barnes,nurse,general_medicine,0,STF-cb0c3c50,0
34,STF-8c3d09d0,Lisa Barnes,nurse,general_medicine,1,STF-cb0c3c50,0
35,STF-8c3d09d0,Lisa Barnes,nurse,general_medicine,1,STF-cb0c3c50,0
36,STF-8c3d09d0,Lisa Barnes,nurse,general_medicine,0,STF-cb0c3c50,0
37,STF-8c3d09d0,Lisa Barnes,nurse,general_medicine,1,STF-cb0c3c50,0
38,STF-8c3d09d0,Lisa Barnes,nurse,general_medicine,1,STF-cb0c3c50,0
39,STF-8c3d09d0,Lisa Barnes,nurse,general_medicine,0,STF-cb0c3c50,0
40,STF-8c3d09d0,Lisa Barnes,nurse,general_medicine,1,STF-cb0c3c50,0
41,STF-8c3d09d0,Lisa Barnes,nurse,general_medicine,1,STF-cb0c3c50,0
42,STF-8c3d09d0,Lisa Barnes,nurse,general_medicine,0,STF-cb0c3c50,0
43,STF-8c3d09d0,Lisa Barnes,nurse,general_medicine,1,STF-cb0c3c50,0
44,STF-8c3d09d0,Lisa Barnes,nurse,general_medicine,1,STF-cb0c3c50,0
45,STF-8c3d09d0,Lisa Barnes,nurse,general_medicine,0,STF-cb0c3c50,0
46,STF-8c3d09d0,Lisa Barnes,nurse,general_medicine,1,STF-cb0c3c50,0
47,STF-8c3d09d0,Lisa Barnes,nurse,general_medicine,0,STF-cb0c3c50,0
48,STF-8c3d09d0,Lisa Barnes,nurse,general_medicine,0,STF-cb0c3c50,0
49,STF-8c3d09d0,Lisa Barnes,nurse,general_medicine,1,STF-cb0c3c50,0
50,STF-8c3d09d0,Lisa Barnes,nurse,general_medicine,1,STF-cb0c3c50,0
51,STF-8c3d09d0,Lisa Barnes,nurse,general_medicine,0,STF-cb0c3c50,0
52,STF-8c3d09d0,Lisa Barnes,nurse,general_medicine,0,STF-cb0c3c50,0
1,STF-61a51c45,Kelly Donovan,nurse,general_medicine,1,STF-dd7b8861,0
2,STF-61a51c45,Kelly Donovan,nurse,general_medicine,1,STF-dd7b8861,0
3,STF-61a51c45,Kelly Donovan,nurse,general_medicine,0,STF-dd7b8861,0
4,STF-61a51c45,Kelly Donovan,nurse,general_medicine,1,STF-dd7b8861,0
5,STF-61a51c45,Kelly Donovan,nurse,general_medicine,1,STF-dd7b8861,0
6,STF-61a51c45,Kelly Donovan,nurse,general_medicine,0,STF-dd7b8861,0
7,STF-61a51c45,Kelly Donovan,nurse,general_medicine,1,STF-dd7b8861,0
8,STF-61a51c45,Kelly Donovan,nurse,general_medicine,1,STF-dd7b8861,0
9,STF-61a51c45,Kelly Donovan,nurse,general_medicine,0,STF-dd7b8861,0
10,STF-61a51c45,Kelly Donovan,nurse,general_medicine,0,STF-dd7b8861,0
11,STF-61a51c45,Kelly Donovan,nurse,general_medicine,1,STF-dd7b8861,0
12,STF-61a51c45,Kelly Donovan,nurse,general_medicine,0,STF-dd7b8861,0
13,STF-61a51c45,Kelly Donovan,nurse,general_medicine,1,STF-dd7b8861,0
14,STF-61a51c45,Kelly Donovan,nurse,general_medicine,1,STF-dd7b8861,0
15,STF-61a51c45,Kelly Donovan,nurse,general_medicine,0,STF-dd7b8861,0
16,STF-61a51c45,Kelly Donovan,nurse,general_medicine,0,STF-dd7b8861,0
17,STF-61a51c45,Kelly Donovan,nurse,general_medicine,1,STF-dd7b8861,0
18,STF-61a51c45,Kelly Donovan,nurse,general_medicine,0,STF-dd7b8861,0
19,STF-61a51c45,Kelly Donovan,nurse,general_medicine,1,STF-dd7b8861,0
20,STF-61a51c45,Kelly Donovan,nurse,general_medicine,1,STF-dd7b8861,0
21,STF-61a51c45,Kelly Donovan,nurse,general_medicine,0,STF-dd7b8861,0
22,STF-61a51c45,Kelly Donovan,nurse,general_medicine,1,STF-dd7b8861,0
23,STF-61a51c45,Kelly Donovan,nurse,general_medicine,1,STF-dd7b8861,0
24,STF-61a51c45,Kelly Donovan,nurse,general_medicine,0,STF-dd7b8861,0
25,STF-61a51c45,Kelly Donovan,nurse,general_medicine,1,STF-dd7b8861,0
26,STF-61a51c45,Kelly Donovan,nurse,general_medicine,1,STF-dd7b8861,0
27,STF-61a51c45,Kelly Donovan,nurse,general_medicine,0,STF-dd7b8861,0
28,STF-61a51c45,Kelly Donovan,nurse,general_medicine,1,STF-dd7b8861,0
29,STF-61a51c45,Kelly Donovan,nurse,general_medicine,1,STF-dd7b8861,0
30,STF-61a51c45,Kelly Donovan,nurse,general_medicine,0,STF-dd7b8861,0
31,STF-61a51c45,Kelly Donovan,nurse,general_medicine,1,STF-dd7b8861,0
32,STF-61a51c45,Kelly Donovan,nurse,general_medicine,1,STF-dd7b8861,0
33,STF-61a51c45,Kelly Donovan,nurse,general_medicine,0,STF-dd7b8861,0
34,STF-61a51c45,Kelly Donovan,nurse,general_medicine,0,STF-dd7b8861,0
35,STF-61a51c45,Kelly Donovan,nurse,general_medicine,0,STF-dd7b8861,0
36,STF-61a51c45,Kelly Donovan,nurse,general_medicine,0,STF-dd7b8861,0
37,STF-61a51c45,Kelly Donovan,nurse,general_medicine,1,STF-dd7b8861,0
38,STF-61a51c45,Kelly Donovan,nurse,general_medicine,1,STF-dd7b8861,0
39,STF-61a51c45,Kelly Donovan,nurse,general_medicine,0,STF-dd7b8861,0
40,STF-61a51c45,Kelly Donovan,nurse,general_medicine,1,STF-dd7b8861,0
41,STF-61a51c45,Kelly Donovan,nurse,general_medicine,1,STF-dd7b8861,0
42,STF-61a51c45,Kelly Donovan,nurse,general_medicine,0,STF-dd7b8861,0
43,STF-61a51c45,Kelly Donovan,nurse,general_medicine,1,STF-dd7b8861,0
44,STF-61a51c45,Kelly Donovan,nurse,general_medicine,1,STF-dd7b8861,0
45,STF-61a51c45,Kelly Donovan,nurse,general_medicine,0,STF-dd7b8861,0
46,STF-61a51c45,Kelly Donovan,nurse,general_medicine,1,STF-dd7b8861,0
47,STF-61a51c45,Kelly Donovan,nurse,general_medicine,1,STF-dd7b8861,0
48,STF-61a51c45,Kelly Donovan,nurse,general_medicine,0,STF-dd7b8861,0
49,STF-61a51c45,Kelly Donovan,nurse,general_medicine,1,STF-dd7b8861,0
50,STF-61a51c45,Kelly Donovan,nurse,general_medicine,1,STF-dd7b8861,0
51,STF-61a51c45,Kelly Donovan,nurse,general_medicine,0,STF-dd7b8861,0
52,STF-61a51c45,Kelly Donovan,nurse,general_medicine,1,STF-dd7b8861,0
1,STF-8a42f5e7,Mike Allen,nurse,general_medicine,1,STF-0b0dfb38,0
2,STF-8a42f5e7,Mike Allen,nurse,general_medicine,1,STF-0b0dfb38,0
3,STF-8a42f5e7,Mike Allen,nurse,general_medicine,0,STF-0b0dfb38,0
4,STF-8a42f5e7,Mike Allen,nurse,general_medicine,1,STF-0b0dfb38,0
5,STF-8a42f5e7,Mike Allen,nurse,general_medicine,1,STF-0b0dfb38,0
6,STF-8a42f5e7,Mike Allen,nurse,general_medicine,0,STF-0b0dfb38,0
7,STF-8a42f5e7,Mike Allen,nurse,general_medicine,1,STF-0b0dfb38,0
8,STF-8a42f5e7,Mike Allen,nurse,general_medicine,1,STF-0b0dfb38,0
9,STF-8a42f5e7,Mike Allen,nurse,general_medicine,0,STF-0b0dfb38,0
10,STF-8a42f5e7,Mike Allen,nurse,general_medicine,1,STF-0b0dfb38,0
11,STF-8a42f5e7,Mike Allen,nurse,general_medicine,1,STF-0b0dfb38,0
12,STF-8a42f5e7,Mike Allen,nurse,general_medicine,0,STF-0b0dfb38,0
13,STF-8a42f5e7,Mike Allen,nurse,general_medicine,1,STF-0b0dfb38,0
14,STF-8a42f5e7,Mike Allen,nurse,general_medicine,1,STF-0b0dfb38,0
15,STF-8a42f5e7,Mike Allen,nurse,general_medicine,0,STF-0b0dfb38,0
16,STF-8a42f5e7,Mike Allen,nurse,general_medicine,1,STF-0b0dfb38,0
17,STF-8a42f5e7,Mike Allen,nurse,general_medicine,1,STF-0b0dfb38,0
18,STF-8a42f5e7,Mike Allen,nurse,general_medicine,0,STF-0b0dfb38,0
19,STF-8a42f5e7,Mike Allen,nurse,general_medicine,1,STF-0b0dfb38,0
20,STF-8a42f5e7,Mike Allen,nurse,general_medicine,1,STF-0b0dfb38,0
21,STF-8a42f5e7,Mike Allen,nurse,general_medicine,0,STF-0b0dfb38,0
22,STF-8a42f5e7,Mike Allen,nurse,general_medicine,0,STF-0b0dfb38,0
23,STF-8a42f5e7,Mike Allen,nurse,general_medicine,1,STF-0b0dfb38,0
24,STF-8a42f5e7,Mike Allen,nurse,general_medicine,0,STF-0b0dfb38,0
25,STF-8a42f5e7,Mike Allen,nurse,general_medicine,1,STF-0b0dfb38,0
26,STF-8a42f5e7,Mike Allen,nurse,general_medicine,1,STF-0b0dfb38,0
27,STF-8a42f5e7,Mike Allen,nurse,general_medicine,0,STF-0b0dfb38,0
28,STF-8a42f5e7,Mike Allen,nurse,general_medicine,1,STF-0b0dfb38,0
29,STF-8a42f5e7,Mike Allen,nurse,general_medicine,1,STF-0b0dfb38,0
30,STF-8a42f5e7,Mike Allen,nurse,general_medicine,0,STF-0b0dfb38,0
31,STF-8a42f5e7,Mike Allen,nurse,general_medicine,0,STF-0b0dfb38,0
32,STF-8a42f5e7,Mike Allen,nurse,general_medicine,1,STF-0b0dfb38,0
33,STF-8a42f5e7,Mike Allen,nurse,general_medicine,0,STF-0b0dfb38,0
34,STF-8a42f5e7,Mike Allen,nurse,general_medicine,1,STF-0b0dfb38,0
35,STF-8a42f5e7,Mike Allen,nurse,general_medicine,1,STF-0b0dfb38,0
36,STF-8a42f5e7,Mike Allen,nurse,general_medicine,0,STF-0b0dfb38,0
37,STF-8a42f5e7,Mike Allen,nurse,general_medicine,0,STF-0b0dfb38,0
38,STF-8a42f5e7,Mike Allen,nurse,general_medicine,0,STF-0b0dfb38,0
39,STF-8a42f5e7,Mike Allen,nurse,general_medicine,0,STF-0b0dfb38,0
40,STF-8a42f5e7,Mike Allen,nurse,general_medicine,1,STF-0b0dfb38,0
41,STF-8a42f5e7,Mike Allen,nurse,general_medicine,1,STF-0b0dfb38,0
42,STF-8a42f5e7,Mike Allen,nurse,general_medicine,0,STF-0b0dfb38,0
43,STF-8a42f5e7,Mike Allen,nurse,general_medicine,1,STF-0b0dfb38,0
44,STF-8a42f5e7,Mike Allen,nurse,general_medicine,1,STF-0b0dfb38,0
45,STF-8a42f5e7,Mike Allen,nurse,general_medicine,0,STF-0b0dfb38,0
46,STF-8a42f5e7,Mike Allen,nurse,general_medicine,1,STF-0b0dfb38,0
47,STF-8a42f5e7,Mike Allen,nurse,general_medicine,0,STF-0b0dfb38,0
48,STF-8a42f5e7,Mike Allen,nurse,general_medicine,0,STF-0b0dfb38,0
49,STF-8a42f5e7,Mike Allen,nurse,general_medicine,1,STF-0b0dfb38,0
50,STF-8a42f5e7,Mike Allen,nurse,general_medicine,1,STF-0b0dfb38,0
51,STF-8a42f5e7,Mike Allen,nurse,general_medicine,0,STF-0b0dfb38,0
52,STF-8a42f5e7,Mike Allen,nurse,general_medicine,1,STF-0b0dfb38,0
1,STF-038ff4c9,Michael Evans,nurse,general_medicine,1,STF-a1659ed6,0
2,STF-038ff4c9,Michael Evans,nurse,general_medicine,1,STF-a1659ed6,0
3,STF-038ff4c9,Michael Evans,nurse,general_medicine,0,STF-a1659ed6,0
4,STF-038ff4c9,Michael Evans,nurse,general_medicine,1,STF-a1659ed6,0
5,STF-038ff4c9,Michael Evans,nurse,general_medicine,1,STF-a1659ed6,0
6,STF-038ff4c9,Michael Evans,nurse,general_medicine,0,STF-a1659ed6,0
7,STF-038ff4c9,Michael Evans,nurse,general_medicine,1,STF-a1659ed6,0
8,STF-038ff4c9,Michael Evans,nurse,general_medicine,1,STF-a1659ed6,0
9,STF-038ff4c9,Michael Evans,nurse,general_medicine,0,STF-a1659ed6,0
10,STF-038ff4c9,Michael Evans,nurse,general_medicine,0,STF-a1659ed6,0
11,STF-038ff4c9,Michael Evans,nurse,general_medicine,1,STF-a1659ed6,0
12,STF-038ff4c9,Michael Evans,nurse,general_medicine,0,STF-a1659ed6,0
13,STF-038ff4c9,Michael Evans,nurse,general_medicine,1,STF-a1659ed6,0
14,STF-038ff4c9,Michael Evans,nurse,general_medicine,1,STF-a1659ed6,0
15,STF-038ff4c9,Michael Evans,nurse,general_medicine,0,STF-a1659ed6,0
16,STF-038ff4c9,Michael Evans,nurse,general_medicine,1,STF-a1659ed6,0
17,STF-038ff4c9,Michael Evans,nurse,general_medicine,1,STF-a1659ed6,0
18,STF-038ff4c9,Michael Evans,nurse,general_medicine,0,STF-a1659ed6,0
19,STF-038ff4c9,Michael Evans,nurse,general_medicine,1,STF-a1659ed6,0
20,STF-038ff4c9,Michael Evans,nurse,general_medicine,1,STF-a1659ed6,0
21,STF-038ff4c9,Michael Evans,nurse,general_medicine,0,STF-a1659ed6,0
22,STF-038ff4c9,Michael Evans,nurse,general_medicine,1,STF-a1659ed6,0
23,STF-038ff4c9,Michael Evans,nurse,general_medicine,0,STF-a1659ed6,0
24,STF-038ff4c9,Michael Evans,nurse,general_medicine,0,STF-a1659ed6,0
25,STF-038ff4c9,Michael Evans,nurse,general_medicine,1,STF-a1659ed6,0
26,STF-038ff4c9,Michael Evans,nurse,general_medicine,1,STF-a1659ed6,0
27,STF-038ff4c9,Michael Evans,nurse,general_medicine,0,STF-a1659ed6,0
28,STF-038ff4c9,Michael Evans,nurse,general_medicine,1,STF-a1659ed6,0
29,STF-038ff4c9,Michael Evans,nurse,general_medicine,1,STF-a1659ed6,0
30,STF-038ff4c9,Michael Evans,nurse,general_medicine,0,STF-a1659ed6,0
31,STF-038ff4c9,Michael Evans,nurse,general_medicine,1,STF-a1659ed6,0
32,STF-038ff4c9,Michael Evans,nurse,general_medicine,1,STF-a1659ed6,0
33,STF-038ff4c9,Michael Evans,nurse,general_medicine,0,STF-a1659ed6,0
34,STF-038ff4c9,Michael Evans,nurse,general_medicine,1,STF-a1659ed6,0
35,STF-038ff4c9,Michael Evans,nurse,general_medicine,1,STF-a1659ed6,0
36,STF-038ff4c9,Michael Evans,nurse,general_medicine,0,STF-a1659ed6,0
37,STF-038ff4c9,Michael Evans,nurse,general_medicine,1,STF-a1659ed6,0
38,STF-038ff4c9,Michael Evans,nurse,general_medicine,1,STF-a1659ed6,0
39,STF-038ff4c9,Michael Evans,nurse,general_medicine,0,STF-a1659ed6,0
40,STF-038ff4c9,Michael Evans,nurse,general_medicine,0,STF-a1659ed6,0
41,STF-038ff4c9,Michael Evans,nurse,general_medicine,1,STF-a1659ed6,0
42,STF-038ff4c9,Michael Evans,nurse,general_medicine,0,STF-a1659ed6,0
43,STF-038ff4c9,Michael Evans,nurse,general_medicine,0,STF-a1659ed6,0
44,STF-038ff4c9,Michael Evans,nurse,general_medicine,1,STF-a1659ed6,0
45,STF-038ff4c9,Michael Evans,nurse,general_medicine,0,STF-a1659ed6,0
46,STF-038ff4c9,Michael Evans,nurse,general_medicine,1,STF-a1659ed6,0
47,STF-038ff4c9,Michael Evans,nurse,general_medicine,1,STF-a1659ed6,0
48,STF-038ff4c9,Michael Evans,nurse,general_medicine,0,STF-a1659ed6,0
49,STF-038ff4c9,Michael Evans,nurse,general_medicine,1,STF-a1659ed6,0
50,STF-038ff4c9,Michael Evans,nurse,general_medicine,1,STF-a1659ed6,0
51,STF-038ff4c9,Michael Evans,nurse,general_medicine,0,STF-a1659ed6,0
52,STF-038ff4c9,Michael Evans,nurse,general_medicine,1,STF-a1659ed6,0
1,STF-197d1927,Paul Jones,nurse,general_medicine,1,STF-ab59db32,0
2,STF-197d1927,Paul Jones,nurse,general_medicine,1,STF-ab59db32,0
3,STF-197d1927,Paul Jones,nurse,general_medicine,0,STF-ab59db32,0
4,STF-197d1927,Paul Jones,nurse,general_medicine,0,STF-ab59db32,0
5,STF-197d1927,Paul Jones,nurse,general_medicine,1,STF-ab59db32,0
6,STF-197d1927,Paul Jones,nurse,general_medicine,0,STF-ab59db32,0
7,STF-197d1927,Paul Jones,nurse,general_medicine,1,STF-ab59db32,0
8,STF-197d1927,Paul Jones,nurse,general_medicine,1,STF-ab59db32,0
9,STF-197d1927,Paul Jones,nurse,general_medicine,0,STF-ab59db32,0
10,STF-197d1927,Paul Jones,nurse,general_medicine,1,STF-ab59db32,0
11,STF-197d1927,Paul Jones,nurse,general_medicine,0,STF-ab59db32,0
12,STF-197d1927,Paul Jones,nurse,general_medicine,0,STF-ab59db32,0
13,STF-197d1927,Paul Jones,nurse,general_medicine,1,STF-ab59db32,0
14,STF-197d1927,Paul Jones,nurse,general_medicine,1,STF-ab59db32,0
15,STF-197d1927,Paul Jones,nurse,general_medicine,0,STF-ab59db32,0
16,STF-197d1927,Paul Jones,nurse,general_medicine,1,STF-ab59db32,0
17,STF-197d1927,Paul Jones,nurse,general_medicine,1,STF-ab59db32,0
18,STF-197d1927,Paul Jones,nurse,general_medicine,0,STF-ab59db32,0
19,STF-197d1927,Paul Jones,nurse,general_medicine,1,STF-ab59db32,0
20,STF-197d1927,Paul Jones,nurse,general_medicine,1,STF-ab59db32,0
21,STF-197d1927,Paul Jones,nurse,general_medicine,0,STF-ab59db32,0
22,STF-197d1927,Paul Jones,nurse,general_medicine,1,STF-ab59db32,0
23,STF-197d1927,Paul Jones,nurse,general_medicine,1,STF-ab59db32,0
24,STF-197d1927,Paul Jones,nurse,general_medicine,0,STF-ab59db32,0
25,STF-197d1927,Paul Jones,nurse,general_medicine,0,STF-ab59db32,0
26,STF-197d1927,Paul Jones,nurse,general_medicine,1,STF-ab59db32,0
27,STF-197d1927,Paul Jones,nurse,general_medicine,0,STF-ab59db32,0
28,STF-197d1927,Paul Jones,nurse,general_medicine,1,STF-ab59db32,0
29,STF-197d1927,Paul Jones,nurse,general_medicine,1,STF-ab59db32,0
30,STF-197d1927,Paul Jones,nurse,general_medicine,0,STF-ab59db32,0
31,STF-197d1927,Paul Jones,nurse,general_medicine,1,STF-ab59db32,0
32,STF-197d1927,Paul Jones,nurse,general_medicine,1,STF-ab59db32,0
33,STF-197d1927,Paul Jones,nurse,general_medicine,0,STF-ab59db32,0
34,STF-197d1927,Paul Jones,nurse,general_medicine,1,STF-ab59db32,0
35,STF-197d1927,Paul Jones,nurse,general_medicine,1,STF-ab59db32,0
36,STF-197d1927,Paul Jones,nurse,general_medicine,0,STF-ab59db32,0
37,STF-197d1927,Paul Jones,nurse,general_medicine,1,STF-ab59db32,0
38,STF-197d1927,Paul Jones,nurse,general_medicine,1,STF-ab59db32,0
39,STF-197d1927,Paul Jones,nurse,general_medicine,0,STF-ab59db32,0
40,STF-197d1927,Paul Jones,nurse,general_medicine,0,STF-ab59db32,0
41,STF-197d1927,Paul Jones,nurse,general_medicine,1,STF-ab59db32,0
42,STF-197d1927,Paul Jones,nurse,general_medicine,0,STF-ab59db32,0
43,STF-197d1927,Paul Jones,nurse,general_medicine,1,STF-ab59db32,0
44,STF-197d1927,Paul Jones,nurse,general_medicine,1,STF-ab59db32,0
45,STF-197d1927,Paul Jones,nurse,general_medicine,0,STF-ab59db32,0
46,STF-197d1927,Paul Jones,nurse,general_medicine,1,STF-ab59db32,0
47,STF-197d1927,Paul Jones,nurse,general_medicine,1,STF-ab59db32,0
48,STF-197d1927,Paul Jones,nurse,general_medicine,0,STF-ab59db32,0
49,STF-197d1927,Paul Jones,nurse,general_medicine,1,STF-ab59db32,0
50,STF-197d1927,Paul Jones,nurse,general_medicine,1,STF-ab59db32,0
51,STF-197d1927,Paul Jones,nurse,general_medicine,0,STF-ab59db32,0
52,STF-197d1927,Paul Jones,nurse,general_medicine,1,STF-ab59db32,0
1,STF-a493e575,Zachary Ferrell,nurse,general_medicine,1,STF-3bbc468d,0
2,STF-a493e575,Zachary Ferrell,nurse,general_medicine,1,STF-3bbc468d,0
3,STF-a493e575,Zachary Ferrell,nurse,general_medicine,0,STF-3bbc468d,0
4,STF-a493e575,Zachary Ferrell,nurse,general_medicine,1,STF-3bbc468d,0
5,STF-a493e575,Zachary Ferrell,nurse,general_medicine,1,STF-3bbc468d,0
6,STF-a493e575,Zachary Ferrell,nurse,general_medicine,0,STF-3bbc468d,0
7,STF-a493e575,Zachary Ferrell,nurse,general_medicine,1,STF-3bbc468d,0
8,STF-a493e575,Zachary Ferrell,nurse,general_medicine,1,STF-3bbc468d,0
9,STF-a493e575,Zachary Ferrell,nurse,general_medicine,0,STF-3bbc468d,0
10,STF-a493e575,Zachary Ferrell,nurse,general_medicine,1,STF-3bbc468d,0
11,STF-a493e575,Zachary Ferrell,nurse,general_medicine,0,STF-3bbc468d,0
12,STF-a493e575,Zachary Ferrell,nurse,general_medicine,0,STF-3bbc468d,0
13,STF-a493e575,Zachary Ferrell,nurse,general_medicine,1,STF-3bbc468d,0
14,STF-a493e575,Zachary Ferrell,nurse,general_medicine,1,STF-3bbc468d,0
15,STF-a493e575,Zachary Ferrell,nurse,general_medicine,0,STF-3bbc468d,0
16,STF-a493e575,Zachary Ferrell,nurse,general_medicine,1,STF-3bbc468d,0
17,STF-a493e575,Zachary Ferrell,nurse,general_medicine,1,STF-3bbc468d,0
18,STF-a493e575,Zachary Ferrell,nurse,general_medicine,0,STF-3bbc468d,0
19,STF-a493e575,Zachary Ferrell,nurse,general_medicine,1,STF-3bbc468d,0
20,STF-a493e575,Zachary Ferrell,nurse,general_medicine,1,STF-3bbc468d,0
21,STF-a493e575,Zachary Ferrell,nurse,general_medicine,0,STF-3bbc468d,0
22,STF-a493e575,Zachary Ferrell,nurse,general_medicine,1,STF-3bbc468d,0
23,STF-a493e575,Zachary Ferrell,nurse,general_medicine,1,STF-3bbc468d,0
24,STF-a493e575,Zachary Ferrell,nurse,general_medicine,0,STF-3bbc468d,0
25,STF-a493e575,Zachary Ferrell,nurse,general_medicine,1,STF-3bbc468d,0
26,STF-a493e575,Zachary Ferrell,nurse,general_medicine,1,STF-3bbc468d,0
27,STF-a493e575,Zachary Ferrell,nurse,general_medicine,0,STF-3bbc468d,0
28,STF-a493e575,Zachary Ferrell,nurse,general_medicine,1,STF-3bbc468d,0
29,STF-a493e575,Zachary Ferrell,nurse,general_medicine,1,STF-3bbc468d,0
30,STF-a493e575,Zachary Ferrell,nurse,general_medicine,0,STF-3bbc468d,0
31,STF-a493e575,Zachary Ferrell,nurse,general_medicine,1,STF-3bbc468d,0
32,STF-a493e575,Zachary Ferrell,nurse,general_medicine,0,STF-3bbc468d,0
33,STF-a493e575,Zachary Ferrell,nurse,general_medicine,0,STF-3bbc468d,0
34,STF-a493e575,Zachary Ferrell,nurse,general_medicine,1,STF-3bbc468d,0
35,STF-a493e575,Zachary Ferrell,nurse,general_medicine,1,STF-3bbc468d,0
36,STF-a493e575,Zachary Ferrell,nurse,general_medicine,0,STF-3bbc468d,0
37,STF-a493e575,Zachary Ferrell,nurse,general_medicine,0,STF-3bbc468d,0
38,STF-a493e575,Zachary Ferrell,nurse,general_medicine,1,STF-3bbc468d,0
39,STF-a493e575,Zachary Ferrell,nurse,general_medicine,0,STF-3bbc468d,0
40,STF-a493e575,Zachary Ferrell,nurse,general_medicine,1,STF-3bbc468d,0
41,STF-a493e575,Zachary Ferrell,nurse,general_medicine,1,STF-3bbc468d,0
42,STF-a493e575,Zachary Ferrell,nurse,general_medicine,0,STF-3bbc468d,0
43,STF-a493e575,Zachary Ferrell,nurse,general_medicine,1,STF-3bbc468d,0
44,STF-a493e575,Zachary Ferrell,nurse,general_medicine,1,STF-3bbc468d,0
45,STF-a493e575,Zachary Ferrell,nurse,general_medicine,0,STF-3bbc468d,0
46,STF-a493e575,Zachary Ferrell,nurse,general_medicine,1,STF-3bbc468d,0
47,STF-a493e575,Zachary Ferrell,nurse,general_medicine,1,STF-3bbc468d,0
48,STF-a493e575,Zachary Ferrell,nurse,general_medicine,0,STF-3bbc468d,0
49,STF-a493e575,Zachary Ferrell,nurse,general_medicine,1,STF-3bbc468d,0
50,STF-a493e575,Zachary Ferrell,nurse,general_medicine,0,STF-3bbc468d,0
51,STF-a493e575,Zachary Ferrell,nurse,general_medicine,0,STF-3bbc468d,0
52,STF-a493e575,Zachary Ferrell,nurse,general_medicine,1,STF-3bbc468d,0
1,STF-e72deb85,Daniel Baker,nursing_assistant,general_medicine,1,STF-6c412e28,0
2,STF-e72deb85,Daniel Baker,nursing_assistant,general_medicine,1,STF-6c412e28,0
3,STF-e72deb85,Daniel Baker,nursing_assistant,general_medicine,0,STF-6c412e28,0
4,STF-e72deb85,Daniel Baker,nursing_assistant,general_medicine,1,STF-6c412e28,0
5,STF-e72deb85,Daniel Baker,nursing_assistant,general_medicine,1,STF-6c412e28,0
6,STF-e72deb85,Daniel Baker,nursing_assistant,general_medicine,0,STF-6c412e28,0
7,STF-e72deb85,Daniel Baker,nursing_assistant,general_medicine,0,STF-6c412e28,0
8,STF-e72deb85,Daniel Baker,nursing_assistant,general_medicine,1,STF-6c412e28,0
9,STF-e72deb85,Daniel Baker,nursing_assistant,general_medicine,0,STF-6c412e28,0
10,STF-e72deb85,Daniel Baker,nursing_assistant,general_medicine,1,STF-6c412e28,0
11,STF-e72deb85,Daniel Baker,nursing_assistant,general_medicine,1,STF-6c412e28,0
12,STF-e72deb85,Daniel Baker,nursing_assistant,general_medicine,0,STF-6c412e28,0
13,STF-e72deb85,Daniel Baker,nursing_assistant,general_medicine,1,STF-6c412e28,0
14,STF-e72deb85,Daniel Baker,nursing_assistant,general_medicine,1,STF-6c412e28,0
15,STF-e72deb85,Daniel Baker,nursing_assistant,general_medicine,0,STF-6c412e28,0
16,STF-e72deb85,Daniel Baker,nursing_assistant,general_medicine,1,STF-6c412e28,0
17,STF-e72deb85,Daniel Baker,nursing_assistant,general_medicine,1,STF-6c412e28,0
18,STF-e72deb85,Daniel Baker,nursing_assistant,general_medicine,0,STF-6c412e28,0
19,STF-e72deb85,Daniel Baker,nursing_assistant,general_medicine,1,STF-6c412e28,0
20,STF-e72deb85,Daniel Baker,nursing_assistant,general_medicine,1,STF-6c412e28,0
21,STF-e72deb85,Daniel Baker,nursing_assistant,general_medicine,0,STF-6c412e28,0
22,STF-e72deb85,Daniel Baker,nursing_assistant,general_medicine,1,STF-6c412e28,0
23,STF-e72deb85,Daniel Baker,nursing_assistant,general_medicine,1,STF-6c412e28,0
24,STF-e72deb85,Daniel Baker,nursing_assistant,general_medicine,0,STF-6c412e28,0
25,STF-e72deb85,Daniel Baker,nursing_assistant,general_medicine,1,STF-6c412e28,0
26,STF-e72deb85,Daniel Baker,nursing_assistant,general_medicine,1,STF-6c412e28,0
27,STF-e72deb85,Daniel Baker,nursing_assistant,general_medicine,0,STF-6c412e28,0
28,STF-e72deb85,Daniel Baker,nursing_assistant,general_medicine,1,STF-6c412e28,0
29,STF-e72deb85,Daniel Baker,nursing_assistant,general_medicine,1,STF-6c412e28,0
30,STF-e72deb85,Daniel Baker,nursing_assistant,general_medicine,0,STF-6c412e28,0
31,STF-e72deb85,Daniel Baker,nursing_assistant,general_medicine,1,STF-6c412e28,0
32,STF-e72deb85,Daniel Baker,nursing_assistant,general_medicine,1,STF-6c412e28,0
33,STF-e72deb85,Daniel Baker,nursing_assistant,general_medicine,0,STF-6c412e28,0
34,STF-e72deb85,Daniel Baker,nursing_assistant,general_medicine,1,STF-6c412e28,0
35,STF-e72deb85,Daniel Baker,nursing_assistant,general_medicine,1,STF-6c412e28,0
36,STF-e72deb85,Daniel Baker,nursing_assistant,general_medicine,0,STF-6c412e28,0
37,STF-e72deb85,Daniel Baker,nursing_assistant,general_medicine,1,STF-6c412e28,0
38,STF-e72deb85,Daniel Baker,nursing_assistant,general_medicine,1,STF-6c412e28,0
39,STF-e72deb85,Daniel Baker,nursing_assistant,general_medicine,0,STF-6c412e28,0
40,STF-e72deb85,Daniel Baker,nursing_assistant,general_medicine,1,STF-6c412e28,0
41,STF-e72deb85,Daniel Baker,nursing_assistant,general_medicine,1,STF-6c412e28,0
42,STF-e72deb85,Daniel Baker,nursing_assistant,general_medicine,0,STF-6c412e28,0
43,STF-e72deb85,Daniel Baker,nursing_assistant,general_medicine,1,STF-6c412e28,0
44,STF-e72deb85,Daniel Baker,nursing_assistant,general_medicine,1,STF-6c412e28,0
45,STF-e72deb85,Daniel Baker,nursing_assistant,general_medicine,0,STF-6c412e28,0
46,STF-e72deb85,Daniel Baker,nursing_assistant,general_medicine,1,STF-6c412e28,0
47,STF-e72deb85,Daniel Baker,nursing_assistant,general_medicine,1,STF-6c412e28,0
48,STF-e72deb85,Daniel Baker,nursing_assistant,general_medicine,0,STF-6c412e28,0
49,STF-e72deb85,Daniel Baker,nursing_assistant,general_medicine,1,STF-6c412e28,0
50,STF-e72deb85,Daniel Baker,nursing_assistant,general_medicine,1,STF-6c412e28,0
51,STF-e72deb85,Daniel Baker,nursing_assistant,general_medicine,0,STF-6c412e28,0
52,STF-e72deb85,Daniel Baker,nursing_assistant,general_medicine,1,STF-6c412e28,0
1,STF-f5164783,Shirley Suarez,nursing_assistant,general_medicine,1,STF-d7371c06,0
2,STF-f5164783,Shirley Suarez,nursing_assistant,general_medicine,1,STF-d7371c06,0
3,STF-f5164783,Shirley Suarez,nursing_assistant,general_medicine,0,STF-d7371c06,0
4,STF-f5164783,Shirley Suarez,nursing_assistant,general_medicine,0,STF-d7371c06,0
5,STF-f5164783,Shirley Suarez,nursing_assistant,general_medicine,1,STF-d7371c06,0
6,STF-f5164783,Shirley Suarez,nursing_assistant,general_medicine,0,STF-d7371c06,0
7,STF-f5164783,Shirley Suarez,nursing_assistant,general_medicine,1,STF-d7371c06,0
8,STF-f5164783,Shirley Suarez,nursing_assistant,general_medicine,1,STF-d7371c06,0
9,STF-f5164783,Shirley Suarez,nursing_assistant,general_medicine,0,STF-d7371c06,0
10,STF-f5164783,Shirley Suarez,nursing_assistant,general_medicine,1,STF-d7371c06,0
11,STF-f5164783,Shirley Suarez,nursing_assistant,general_medicine,1,STF-d7371c06,0
12,STF-f5164783,Shirley Suarez,nursing_assistant,general_medicine,0,STF-d7371c06,0
13,STF-f5164783,Shirley Suarez,nursing_assistant,general_medicine,1,STF-d7371c06,0
14,STF-f5164783,Shirley Suarez,nursing_assistant,general_medicine,1,STF-d7371c06,0
15,STF-f5164783,Shirley Suarez,nursing_assistant,general_medicine,0,STF-d7371c06,0
16,STF-f5164783,Shirley Suarez,nursing_assistant,general_medicine,1,STF-d7371c06,0
17,STF-f5164783,Shirley Suarez,nursing_assistant,general_medicine,1,STF-d7371c06,0
18,STF-f5164783,Shirley Suarez,nursing_assistant,general_medicine,0,STF-d7371c06,0
19,STF-f5164783,Shirley Suarez,nursing_assistant,general_medicine,1,STF-d7371c06,0
20,STF-f5164783,Shirley Suarez,nursing_assistant,general_medicine,1,STF-d7371c06,0
21,STF-f5164783,Shirley Suarez,nursing_assistant,general_medicine,0,STF-d7371c06,0
22,STF-f5164783,Shirley Suarez,nursing_assistant,general_medicine,1,STF-d7371c06,0
23,STF-f5164783,Shirley Suarez,nursing_assistant,general_medicine,1,STF-d7371c06,0
24,STF-f5164783,Shirley Suarez,nursing_assistant,general_medicine,0,STF-d7371c06,0
25,STF-f5164783,Shirley Suarez,nursing_assistant,general_medicine,1,STF-d7371c06,0
26,STF-f5164783,Shirley Suarez,nursing_assistant,general_medicine,1,STF-d7371c06,0
27,STF-f5164783,Shirley Suarez,nursing_assistant,general_medicine,0,STF-d7371c06,0
28,STF-f5164783,Shirley Suarez,nursing_assistant,general_medicine,1,STF-d7371c06,0
29,STF-f5164783,Shirley Suarez,nursing_assistant,general_medicine,1,STF-d7371c06,0
30,STF-f5164783,Shirley Suarez,nursing_assistant,general_medicine,0,STF-d7371c06,0
31,STF-f5164783,Shirley Suarez,nursing_assistant,general_medicine,1,STF-d7371c06,0
32,STF-f5164783,Shirley Suarez,nursing_assistant,general_medicine,1,STF-d7371c06,0
33,STF-f5164783,Shirley Suarez,nursing_assistant,general_medicine,0,STF-d7371c06,0
34,STF-f5164783,Shirley Suarez,nursing_assistant,general_medicine,1,STF-d7371c06,0
35,STF-f5164783,Shirley Suarez,nursing_assistant,general_medicine,1,STF-d7371c06,0
36,STF-f5164783,Shirley Suarez,nursing_assistant,general_medicine,0,STF-d7371c06,0
37,STF-f5164783,Shirley Suarez,nursing_assistant,general_medicine,1,STF-d7371c06,0
38,STF-f5164783,Shirley Suarez,nursing_assistant,general_medicine,1,STF-d7371c06,0
39,STF-f5164783,Shirley Suarez,nursing_assistant,general_medicine,0,STF-d7371c06,0
40,STF-f5164783,Shirley Suarez,nursing_assistant,general_medicine,0,STF-d7371c06,0
41,STF-f5164783,Shirley Suarez,nursing_assistant,general_medicine,1,STF-d7371c06,0
42,STF-f5164783,Shirley Suarez,nursing_assistant,general_medicine,0,STF-d7371c06,0
43,STF-f5164783,Shirley Suarez,nursing_assistant,general_medicine,1,STF-d7371c06,0
44,STF-f5164783,Shirley Suarez,nursing_assistant,general_medicine,1,STF-d7371c06,0
45,STF-f5164783,Shirley Suarez,nursing_assistant,general_medicine,0,STF-d7371c06,0
46,STF-f5164783,Shirley Suarez,nursing_assistant,general_medicine,1,STF-d7371c06,0
47,STF-f5164783,Shirley Suarez,nursing_assistant,general_medicine,1,STF-d7371c06,0
48,STF-f5164783,Shirley Suarez,nursing_assistant,general_medicine,0,STF-d7371c06,0
49,STF-f5164783,Shirley Suarez,nursing_assistant,general_medicine,1,STF-d7371c06,0
50,STF-f5164783,Shirley Suarez,nursing_assistant,general_medicine,1,STF-d7371c06,0
51,STF-f5164783,Shirley Suarez,nursing_assistant,general_medicine,0,STF-d7371c06,0
52,STF-f5164783,Shirley Suarez,nursing_assistant,general_medicine,1,STF-d7371c06,0
1,STF-40a56cae,Christopher Bass,nursing_assistant,general_medicine,1,STF-d77b1013,0
2,STF-40a56cae,Christopher Bass,nursing_assistant,general_medicine,1,STF-d77b1013,0
3,STF-40a56cae,Christopher Bass,nursing_assistant,general_medicine,0,STF-d77b1013,0
4,STF-40a56cae,Christopher Bass,nursing_assistant,general_medicine,0,STF-d77b1013,0
5,STF-40a56cae,Christopher Bass,nursing_assistant,general_medicine,1,STF-d77b1013,0
6,STF-40a56cae,Christopher Bass,nursing_assistant,general_medicine,0,STF-d77b1013,0
7,STF-40a56cae,Christopher Bass,nursing_assistant,general_medicine,1,STF-d77b1013,0
8,STF-40a56cae,Christopher Bass,nursing_assistant,general_medicine,1,STF-d77b1013,0
9,STF-40a56cae,Christopher Bass,nursing_assistant,general_medicine,0,STF-d77b1013,0
10,STF-40a56cae,Christopher Bass,nursing_assistant,general_medicine,1,STF-d77b1013,0
11,STF-40a56cae,Christopher Bass,nursing_assistant,general_medicine,1,STF-d77b1013,0
12,STF-40a56cae,Christopher Bass,nursing_assistant,general_medicine,0,STF-d77b1013,0
13,STF-40a56cae,Christopher Bass,nursing_assistant,general_medicine,1,STF-d77b1013,0
14,STF-40a56cae,Christopher Bass,nursing_assistant,general_medicine,1,STF-d77b1013,0
15,STF-40a56cae,Christopher Bass,nursing_assistant,general_medicine,0,STF-d77b1013,0
16,STF-40a56cae,Christopher Bass,nursing_assistant,general_medicine,1,STF-d77b1013,0
17,STF-40a56cae,Christopher Bass,nursing_assistant,general_medicine,1,STF-d77b1013,0
18,STF-40a56cae,Christopher Bass,nursing_assistant,general_medicine,0,STF-d77b1013,0
19,STF-40a56cae,Christopher Bass,nursing_assistant,general_medicine,1,STF-d77b1013,0
20,STF-40a56cae,Christopher Bass,nursing_assistant,general_medicine,1,STF-d77b1013,0
21,STF-40a56cae,Christopher Bass,nursing_assistant,general_medicine,0,STF-d77b1013,0
22,STF-40a56cae,Christopher Bass,nursing_assistant,general_medicine,1,STF-d77b1013,0
23,STF-40a56cae,Christopher Bass,nursing_assistant,general_medicine,1,STF-d77b1013,0
24,STF-40a56cae,Christopher Bass,nursing_assistant,general_medicine,0,STF-d77b1013,0
25,STF-40a56cae,Christopher Bass,nursing_assistant,general_medicine,0,STF-d77b1013,0
26,STF-40a56cae,Christopher Bass,nursing_assistant,general_medicine,1,STF-d77b1013,0
27,STF-40a56cae,Christopher Bass,nursing_assistant,general_medicine,0,STF-d77b1013,0
28,STF-40a56cae,Christopher Bass,nursing_assistant,general_medicine,1,STF-d77b1013,0
29,STF-40a56cae,Christopher Bass,nursing_assistant,general_medicine,1,STF-d77b1013,0
30,STF-40a56cae,Christopher Bass,nursing_assistant,general_medicine,0,STF-d77b1013,0
31,STF-40a56cae,Christopher Bass,nursing_assistant,general_medicine,1,STF-d77b1013,0
32,STF-40a56cae,Christopher Bass,nursing_assistant,general_medicine,1,STF-d77b1013,0
33,STF-40a56cae,Christopher Bass,nursing_assistant,general_medicine,0,STF-d77b1013,0
34,STF-40a56cae,Christopher Bass,nursing_assistant,general_medicine,1,STF-d77b1013,0
35,STF-40a56cae,Christopher Bass,nursing_assistant,general_medicine,1,STF-d77b1013,0
36,STF-40a56cae,Christopher Bass,nursing_assistant,general_medicine,0,STF-d77b1013,0
37,STF-40a56cae,Christopher Bass,nursing_assistant,general_medicine,1,STF-d77b1013,0
38,STF-40a56cae,Christopher Bass,nursing_assistant,general_medicine,1,STF-d77b1013,0
39,STF-40a56cae,Christopher Bass,nursing_assistant,general_medicine,0,STF-d77b1013,0
40,STF-40a56cae,Christopher Bass,nursing_assistant,general_medicine,1,STF-d77b1013,0
41,STF-40a56cae,Christopher Bass,nursing_assistant,general_medicine,1,STF-d77b1013,0
42,STF-40a56cae,Christopher Bass,nursing_assistant,general_medicine,0,STF-d77b1013,0
43,STF-40a56cae,Christopher Bass,nursing_assistant,general_medicine,1,STF-d77b1013,0
44,STF-40a56cae,Christopher Bass,nursing_assistant,general_medicine,0,STF-d77b1013,0
45,STF-40a56cae,Christopher Bass,nursing_assistant,general_medicine,0,STF-d77b1013,0
46,STF-40a56cae,Christopher Bass,nursing_assistant,general_medicine,1,STF-d77b1013,0
47,STF-40a56cae,Christopher Bass,nursing_assistant,general_medicine,1,STF-d77b1013,0
48,STF-40a56cae,Christopher Bass,nursing_assistant,general_medicine,0,STF-d77b1013,0
49,STF-40a56cae,Christopher Bass,nursing_assistant,general_medicine,1,STF-d77b1013,0
50,STF-40a56cae,Christopher Bass,nursing_assistant,general_medicine,0,STF-d77b1013,0
51,STF-40a56cae,Christopher Bass,nursing_assistant,general_medicine,0,STF-d77b1013,0
52,STF-40a56cae,Christopher Bass,nursing_assistant,general_medicine,1,STF-d77b1013,0
1,STF-63bcaa58,Lisa Archer,nursing_assistant,general_medicine,1,STF-a94474ff,0
2,STF-63bcaa58,Lisa Archer,nursing_assistant,general_medicine,1,STF-a94474ff,0
3,STF-63bcaa58,Lisa Archer,nursing_assistant,general_medicine,0,STF-a94474ff,0
4,STF-63bcaa58,Lisa Archer,nursing_assistant,general_medicine,1,STF-a94474ff,0
5,STF-63bcaa58,Lisa Archer,nursing_assistant,general_medicine,1,STF-a94474ff,0
6,STF-63bcaa58,Lisa Archer,nursing_assistant,general_medicine,0,STF-a94474ff,0
7,STF-63bcaa58,Lisa Archer,nursing_assistant,general_medicine,1,STF-a94474ff,0
8,STF-63bcaa58,Lisa Archer,nursing_assistant,general_medicine,1,STF-a94474ff,0
9,STF-63bcaa58,Lisa Archer,nursing_assistant,general_medicine,0,STF-a94474ff,0
10,STF-63bcaa58,Lisa Archer,nursing_assistant,general_medicine,1,STF-a94474ff,0
11,STF-63bcaa58,Lisa Archer,nursing_assistant,general_medicine,1,STF-a94474ff,0
12,STF-63bcaa58,Lisa Archer,nursing_assistant,general_medicine,0,STF-a94474ff,0
13,STF-63bcaa58,Lisa Archer,nursing_assistant,general_medicine,1,STF-a94474ff,0
14,STF-63bcaa58,Lisa Archer,nursing_assistant,general_medicine,1,STF-a94474ff,0
15,STF-63bcaa58,Lisa Archer,nursing_assistant,general_medicine,0,STF-a94474ff,0
16,STF-63bcaa58,Lisa Archer,nursing_assistant,general_medicine,1,STF-a94474ff,0
17,STF-63bcaa58,Lisa Archer,nursing_assistant,general_medicine,1,STF-a94474ff,0
18,STF-63bcaa58,Lisa Archer,nursing_assistant,general_medicine,0,STF-a94474ff,0
19,STF-63bcaa58,Lisa Archer,nursing_assistant,general_medicine,1,STF-a94474ff,0
20,STF-63bcaa58,Lisa Archer,nursing_assistant,general_medicine,0,STF-a94474ff,0
21,STF-63bcaa58,Lisa Archer,nursing_assistant,general_medicine,0,STF-a94474ff,0
22,STF-63bcaa58,Lisa Archer,nursing_assistant,general_medicine,1,STF-a94474ff,0
23,STF-63bcaa58,Lisa Archer,nursing_assistant,general_medicine,1,STF-a94474ff,0
24,STF-63bcaa58,Lisa Archer,nursing_assistant,general_medicine,0,STF-a94474ff,0
25,STF-63bcaa58,Lisa Archer,nursing_assistant,general_medicine,1,STF-a94474ff,0
26,STF-63bcaa58,Lisa Archer,nursing_assistant,general_medicine,0,STF-a94474ff,0
27,STF-63bcaa58,Lisa Archer,nursing_assistant,general_medicine,0,STF-a94474ff,0
28,STF-63bcaa58,Lisa Archer,nursing_assistant,general_medicine,1,STF-a94474ff,0
29,STF-63bcaa58,Lisa Archer,nursing_assistant,general_medicine,0,STF-a94474ff,0
30,STF-63bcaa58,Lisa Archer,nursing_assistant,general_medicine,0,STF-a94474ff,0
31,STF-63bcaa58,Lisa Archer,nursing_assistant,general_medicine,1,STF-a94474ff,0
32,STF-63bcaa58,Lisa Archer,nursing_assistant,general_medicine,1,STF-a94474ff,0
33,STF-63bcaa58,Lisa Archer,nursing_assistant,general_medicine,0,STF-a94474ff,0
34,STF-63bcaa58,Lisa Archer,nursing_assistant,general_medicine,1,STF-a94474ff,0
35,STF-63bcaa58,Lisa Archer,nursing_assistant,general_medicine,1,STF-a94474ff,0
36,STF-63bcaa58,Lisa Archer,nursing_assistant,general_medicine,0,STF-a94474ff,0
37,STF-63bcaa58,Lisa Archer,nursing_assistant,general_medicine,1,STF-a94474ff,0
38,STF-63bcaa58,Lisa Archer,nursing_assistant,general_medicine,1,STF-a94474ff,0
39,STF-63bcaa58,Lisa Archer,nursing_assistant,general_medicine,0,STF-a94474ff,0
40,STF-63bcaa58,Lisa Archer,nursing_assistant,general_medicine,1,STF-a94474ff,0
41,STF-63bcaa58,Lisa Archer,nursing_assistant,general_medicine,1,STF-a94474ff,0
42,STF-63bcaa58,Lisa Archer,nursing_assistant,general_medicine,0,STF-a94474ff,0
43,STF-63bcaa58,Lisa Archer,nursing_assistant,general_medicine,1,STF-a94474ff,0
44,STF-63bcaa58,Lisa Archer,nursing_assistant,general_medicine,1,STF-a94474ff,0
45,STF-63bcaa58,Lisa Archer,nursing_assistant,general_medicine,0,STF-a94474ff,0
46,STF-63bcaa58,Lisa Archer,nursing_assistant,general_medicine,1,STF-a94474ff,0
47,STF-63bcaa58,Lisa Archer,nursing_assistant,general_medicine,0,STF-a94474ff,0
48,STF-63bcaa58,Lisa Archer,nursing_assistant,general_medicine,0,STF-a94474ff,0
49,STF-63bcaa58,Lisa Archer,nursing_assistant,general_medicine,1,STF-a94474ff,0
50,STF-63bcaa58,Lisa Archer,nursing_assistant,general_medicine,1,STF-a94474ff,0
51,STF-63bcaa58,Lisa Archer,nursing_assistant,general_medicine,0,STF-a94474ff,0
52,STF-63bcaa58,Lisa Archer,nursing_assistant,general_medicine,1,STF-a94474ff,0
1,STF-8d812ffa,Aimee Montoya,nursing_assistant,general_medicine,1,STF-3c9039fc,0
2,STF-8d812ffa,Aimee Montoya,nursing_assistant,general_medicine,1,STF-3c9039fc,0
3,STF-8d812ffa,Aimee Montoya,nursing_assistant,general_medicine,0,STF-3c9039fc,0
4,STF-8d812ffa,Aimee Montoya,nursing_assistant,general_medicine,1,STF-3c9039fc,0
5,STF-8d812ffa,Aimee Montoya,nursing_assistant,general_medicine,1,STF-3c9039fc,0
6,STF-8d812ffa,Aimee Montoya,nursing_assistant,general_medicine,0,STF-3c9039fc,0
7,STF-8d812ffa,Aimee Montoya,nursing_assistant,general_medicine,1,STF-3c9039fc,0
8,STF-8d812ffa,Aimee Montoya,nursing_assistant,general_medicine,1,STF-3c9039fc,0
9,STF-8d812ffa,Aimee Montoya,nursing_assistant,general_medicine,0,STF-3c9039fc,0
10,STF-8d812ffa,Aimee Montoya,nursing_assistant,general_medicine,1,STF-3c9039fc,0
11,STF-8d812ffa,Aimee Montoya,nursing_assistant,general_medicine,1,STF-3c9039fc,0
12,STF-8d812ffa,Aimee Montoya,nursing_assistant,general_medicine,0,STF-3c9039fc,0
13,STF-8d812ffa,Aimee Montoya,nursing_assistant,general_medicine,1,STF-3c9039fc,0
14,STF-8d812ffa,Aimee Montoya,nursing_assistant,general_medicine,1,STF-3c9039fc,0
15,STF-8d812ffa,Aimee Montoya,nursing_assistant,general_medicine,0,STF-3c9039fc,0
16,STF-8d812ffa,Aimee Montoya,nursing_assistant,general_medicine,1,STF-3c9039fc,0
17,STF-8d812ffa,Aimee Montoya,nursing_assistant,general_medicine,1,STF-3c9039fc,0
18,STF-8d812ffa,Aimee Montoya,nursing_assistant,general_medicine,0,STF-3c9039fc,0
19,STF-8d812ffa,Aimee Montoya,nursing_assistant,general_medicine,1,STF-3c9039fc,0
20,STF-8d812ffa,Aimee Montoya,nursing_assistant,general_medicine,0,STF-3c9039fc,0
21,STF-8d812ffa,Aimee Montoya,nursing_assistant,general_medicine,0,STF-3c9039fc,0
22,STF-8d812ffa,Aimee Montoya,nursing_assistant,general_medicine,1,STF-3c9039fc,0
23,STF-8d812ffa,Aimee Montoya,nursing_assistant,general_medicine,1,STF-3c9039fc,0
24,STF-8d812ffa,Aimee Montoya,nursing_assistant,general_medicine,0,STF-3c9039fc,0
25,STF-8d812ffa,Aimee Montoya,nursing_assistant,general_medicine,1,STF-3c9039fc,0
26,STF-8d812ffa,Aimee Montoya,nursing_assistant,general_medicine,1,STF-3c9039fc,0
27,STF-8d812ffa,Aimee Montoya,nursing_assistant,general_medicine,0,STF-3c9039fc,0
28,STF-8d812ffa,Aimee Montoya,nursing_assistant,general_medicine,1,STF-3c9039fc,0
29,STF-8d812ffa,Aimee Montoya,nursing_assistant,general_medicine,1,STF-3c9039fc,0
30,STF-8d812ffa,Aimee Montoya,nursing_assistant,general_medicine,0,STF-3c9039fc,0
31,STF-8d812ffa,Aimee Montoya,nursing_assistant,general_medicine,1,STF-3c9039fc,0
32,STF-8d812ffa,Aimee Montoya,nursing_assistant,general_medicine,1,STF-3c9039fc,0
33,STF-8d812ffa,Aimee Montoya,nursing_assistant,general_medicine,0,STF-3c9039fc,0
34,STF-8d812ffa,Aimee Montoya,nursing_assistant,general_medicine,1,STF-3c9039fc,0
35,STF-8d812ffa,Aimee Montoya,nursing_assistant,general_medicine,0,STF-3c9039fc,0
36,STF-8d812ffa,Aimee Montoya,nursing_assistant,general_medicine,0,STF-3c9039fc,0
37,STF-8d812ffa,Aimee Montoya,nursing_assistant,general_medicine,1,STF-3c9039fc,0
38,STF-8d812ffa,Aimee Montoya,nursing_assistant,general_medicine,1,STF-3c9039fc,0
39,STF-8d812ffa,Aimee Montoya,nursing_assistant,general_medicine,0,STF-3c9039fc,0
40,STF-8d812ffa,Aimee Montoya,nursing_assistant,general_medicine,0,STF-3c9039fc,0
41,STF-8d812ffa,Aimee Montoya,nursing_assistant,general_medicine,1,STF-3c9039fc,0
42,STF-8d812ffa,Aimee Montoya,nursing_assistant,general_medicine,0,STF-3c9039fc,0
43,STF-8d812ffa,Aimee Montoya,nursing_assistant,general_medicine,1,STF-3c9039fc,0
44,STF-8d812ffa,Aimee Montoya,nursing_assistant,general_medicine,1,STF-3c9039fc,0
45,STF-8d812ffa,Aimee Montoya,nursing_assistant,general_medicine,0,STF-3c9039fc,0
46,STF-8d812ffa,Aimee Montoya,nursing_assistant,general_medicine,0,STF-3c9039fc,0
47,STF-8d812ffa,Aimee Montoya,nursing_assistant,general_medicine,1,STF-3c9039fc,0
48,STF-8d812ffa,Aimee Montoya,nursing_assistant,general_medicine,0,STF-3c9039fc,0
49,STF-8d812ffa,Aimee Montoya,nursing_assistant,general_medicine,1,STF-3c9039fc,0
50,STF-8d812ffa,Aimee Montoya,nursing_assistant,general_medicine,1,STF-3c9039fc,0
51,STF-8d812ffa,Aimee Montoya,nursing_assistant,general_medicine,0,STF-3c9039fc,0
52,STF-8d812ffa,Aimee Montoya,nursing_assistant,general_medicine,1,STF-3c9039fc,0
1,STF-935c51f3,Matthew Mcmillan,nursing_assistant,general_medicine,1,STF-cacb7290,0
2,STF-935c51f3,Matthew Mcmillan,nursing_assistant,general_medicine,1,STF-cacb7290,0
3,STF-935c51f3,Matthew Mcmillan,nursing_assistant,general_medicine,0,STF-cacb7290,0
4,STF-935c51f3,Matthew Mcmillan,nursing_assistant,general_medicine,1,STF-cacb7290,0
5,STF-935c51f3,Matthew Mcmillan,nursing_assistant,general_medicine,1,STF-cacb7290,0
6,STF-935c51f3,Matthew Mcmillan,nursing_assistant,general_medicine,0,STF-cacb7290,0
7,STF-935c51f3,Matthew Mcmillan,nursing_assistant,general_medicine,1,STF-cacb7290,0
8,STF-935c51f3,Matthew Mcmillan,nursing_assistant,general_medicine,0,STF-cacb7290,0
9,STF-935c51f3,Matthew Mcmillan,nursing_assistant,general_medicine,0,STF-cacb7290,0
10,STF-935c51f3,Matthew Mcmillan,nursing_assistant,general_medicine,1,STF-cacb7290,0
11,STF-935c51f3,Matthew Mcmillan,nursing_assistant,general_medicine,0,STF-cacb7290,0
12,STF-935c51f3,Matthew Mcmillan,nursing_assistant,general_medicine,0,STF-cacb7290,0
13,STF-935c51f3,Matthew Mcmillan,nursing_assistant,general_medicine,1,STF-cacb7290,0
14,STF-935c51f3,Matthew Mcmillan,nursing_assistant,general_medicine,1,STF-cacb7290,0
15,STF-935c51f3,Matthew Mcmillan,nursing_assistant,general_medicine,0,STF-cacb7290,0
16,STF-935c51f3,Matthew Mcmillan,nursing_assistant,general_medicine,1,STF-cacb7290,0
17,STF-935c51f3,Matthew Mcmillan,nursing_assistant,general_medicine,1,STF-cacb7290,0
18,STF-935c51f3,Matthew Mcmillan,nursing_assistant,general_medicine,0,STF-cacb7290,0
19,STF-935c51f3,Matthew Mcmillan,nursing_assistant,general_medicine,1,STF-cacb7290,0
20,STF-935c51f3,Matthew Mcmillan,nursing_assistant,general_medicine,1,STF-cacb7290,0
21,STF-935c51f3,Matthew Mcmillan,nursing_assistant,general_medicine,0,STF-cacb7290,0
22,STF-935c51f3,Matthew Mcmillan,nursing_assistant,general_medicine,1,STF-cacb7290,0
23,STF-935c51f3,Matthew Mcmillan,nursing_assistant,general_medicine,1,STF-cacb7290,0
24,STF-935c51f3,Matthew Mcmillan,nursing_assistant,general_medicine,0,STF-cacb7290,0
25,STF-935c51f3,Matthew Mcmillan,nursing_assistant,general_medicine,0,STF-cacb7290,0
26,STF-935c51f3,Matthew Mcmillan,nursing_assistant,general_medicine,1,STF-cacb7290,0
27,STF-935c51f3,Matthew Mcmillan,nursing_assistant,general_medicine,0,STF-cacb7290,0
28,STF-935c51f3,Matthew Mcmillan,nursing_assistant,general_medicine,1,STF-cacb7290,0
29,STF-935c51f3,Matthew Mcmillan,nursing_assistant,general_medicine,1,STF-cacb7290,0
30,STF-935c51f3,Matthew Mcmillan,nursing_assistant,general_medicine,0,STF-cacb7290,0
31,STF-935c51f3,Matthew Mcmillan,nursing_assistant,general_medicine,1,STF-cacb7290,0
32,STF-935c51f3,Matthew Mcmillan,nursing_assistant,general_medicine,1,STF-cacb7290,0
33,STF-935c51f3,Matthew Mcmillan,nursing_assistant,general_medicine,0,STF-cacb7290,0
34,STF-935c51f3,Matthew Mcmillan,nursing_assistant,general_medicine,1,STF-cacb7290,0
35,STF-935c51f3,Matthew Mcmillan,nursing_assistant,general_medicine,1,STF-cacb7290,0
36,STF-935c51f3,Matthew Mcmillan,nursing_assistant,general_medicine,0,STF-cacb7290,0
37,STF-935c51f3,Matthew Mcmillan,nursing_assistant,general_medicine,1,STF-cacb7290,0
38,STF-935c51f3,Matthew Mcmillan,nursing_assistant,general_medicine,1,STF-cacb7290,0
39,STF-935c51f3,Matthew Mcmillan,nursing_assistant,general_medicine,0,STF-cacb7290,0
40,STF-935c51f3,Matthew Mcmillan,nursing_assistant,general_medicine,1,STF-cacb7290,0
41,STF-935c51f3,Matthew Mcmillan,nursing_assistant,general_medicine,0,STF-cacb7290,0
42,STF-935c51f3,Matthew Mcmillan,nursing_assistant,general_medicine,0,STF-cacb7290,0
43,STF-935c51f3,Matthew Mcmillan,nursing_assistant,general_medicine,1,STF-cacb7290,0
44,STF-935c51f3,Matthew Mcmillan,nursing_assistant,general_medicine,1,STF-cacb7290,0
45,STF-935c51f3,Matthew Mcmillan,nursing_assistant,general_medicine,0,STF-cacb7290,0
46,STF-935c51f3,Matthew Mcmillan,nursing_assistant,general_medicine,1,STF-cacb7290,0
47,STF-935c51f3,Matthew Mcmillan,nursing_assistant,general_medicine,1,STF-cacb7290,0
48,STF-935c51f3,Matthew Mcmillan,nursing_assistant,general_medicine,0,STF-cacb7290,0
49,STF-935c51f3,Matthew Mcmillan,nursing_assistant,general_medicine,0,STF-cacb7290,0
50,STF-935c51f3,Matthew Mcmillan,nursing_assistant,general_medicine,0,STF-cacb7290,0
51,STF-935c51f3,Matthew Mcmillan,nursing_assistant,general_medicine,0,STF-cacb7290,0
52,STF-935c51f3,Matthew Mcmillan,nursing_assistant,general_medicine,1,STF-cacb7290,0
1,STF-a2ef0542,Brian Rodriguez,nursing_assistant,general_medicine,1,STF-446cb017,0
2,STF-a2ef0542,Brian Rodriguez,nursing_assistant,general_medicine,0,STF-446cb017,0
3,STF-a2ef0542,Brian Rodriguez,nursing_assistant,general_medicine,0,STF-446cb017,0
4,STF-a2ef0542,Brian Rodriguez,nursing_assistant,general_medicine,1,STF-446cb017,0
5,STF-a2ef0542,Brian Rodriguez,nursing_assistant,general_medicine,1,STF-446cb017,0
6,STF-a2ef0542,Brian Rodriguez,nursing_assistant,general_medicine,0,STF-446cb017,0
7,STF-a2ef0542,Brian Rodriguez,nursing_assistant,general_medicine,1,STF-446cb017,0
8,STF-a2ef0542,Brian Rodriguez,nursing_assistant,general_medicine,1,STF-446cb017,0
9,STF-a2ef0542,Brian Rodriguez,nursing_assistant,general_medicine,0,STF-446cb017,0
10,STF-a2ef0542,Brian Rodriguez,nursing_assistant,general_medicine,1,STF-446cb017,0
11,STF-a2ef0542,Brian Rodriguez,nursing_assistant,general_medicine,0,STF-446cb017,0
12,STF-a2ef0542,Brian Rodriguez,nursing_assistant,general_medicine,0,STF-446cb017,0
13,STF-a2ef0542,Brian Rodriguez,nursing_assistant,general_medicine,1,STF-446cb017,0
14,STF-a2ef0542,Brian Rodriguez,nursing_assistant,general_medicine,1,STF-446cb017,0
15,STF-a2ef0542,Brian Rodriguez,nursing_assistant,general_medicine,0,STF-446cb017,0
16,STF-a2ef0542,Brian Rodriguez,nursing_assistant,general_medicine,1,STF-446cb017,0
17,STF-a2ef0542,Brian Rodriguez,nursing_assistant,general_medicine,0,STF-446cb017,0
18,STF-a2ef0542,Brian Rodriguez,nursing_assistant,general_medicine,0,STF-446cb017,0
19,STF-a2ef0542,Brian Rodriguez,nursing_assistant,general_medicine,1,STF-446cb017,0
20,STF-a2ef0542,Brian Rodriguez,nursing_assistant,general_medicine,0,STF-446cb017,0
21,STF-a2ef0542,Brian Rodriguez,nursing_assistant,general_medicine,0,STF-446cb017,0
22,STF-a2ef0542,Brian Rodriguez,nursing_assistant,general_medicine,1,STF-446cb017,0
23,STF-a2ef0542,Brian Rodriguez,nursing_assistant,general_medicine,1,STF-446cb017,0
24,STF-a2ef0542,Brian Rodriguez,nursing_assistant,general_medicine,0,STF-446cb017,0
25,STF-a2ef0542,Brian Rodriguez,nursing_assistant,general_medicine,1,STF-446cb017,0
26,STF-a2ef0542,Brian Rodriguez,nursing_assistant,general_medicine,1,STF-446cb017,0
27,STF-a2ef0542,Brian Rodriguez,nursing_assistant,general_medicine,0,STF-446cb017,0
28,STF-a2ef0542,Brian Rodriguez,nursing_assistant,general_medicine,1,STF-446cb017,0
29,STF-a2ef0542,Brian Rodriguez,nursing_assistant,general_medicine,1,STF-446cb017,0
30,STF-a2ef0542,Brian Rodriguez,nursing_assistant,general_medicine,0,STF-446cb017,0
31,STF-a2ef0542,Brian Rodriguez,nursing_assistant,general_medicine,1,STF-446cb017,0
32,STF-a2ef0542,Brian Rodriguez,nursing_assistant,general_medicine,1,STF-446cb017,0
33,STF-a2ef0542,Brian Rodriguez,nursing_assistant,general_medicine,0,STF-446cb017,0
34,STF-a2ef0542,Brian Rodriguez,nursing_assistant,general_medicine,1,STF-446cb017,0
35,STF-a2ef0542,Brian Rodriguez,nursing_assistant,general_medicine,1,STF-446cb017,0
36,STF-a2ef0542,Brian Rodriguez,nursing_assistant,general_medicine,0,STF-446cb017,0
37,STF-a2ef0542,Brian Rodriguez,nursing_assistant,general_medicine,1,STF-446cb017,0
38,STF-a2ef0542,Brian Rodriguez,nursing_assistant,general_medicine,1,STF-446cb017,0
39,STF-a2ef0542,Brian Rodriguez,nursing_assistant,general_medicine,0,STF-446cb017,0
40,STF-a2ef0542,Brian Rodriguez,nursing_assistant,general_medicine,1,STF-446cb017,0
41,STF-a2ef0542,Brian Rodriguez,nursing_assistant,general_medicine,0,STF-446cb017,0
42,STF-a2ef0542,Brian Rodriguez,nursing_assistant,general_medicine,0,STF-446cb017,0
43,STF-a2ef0542,Brian Rodriguez,nursing_assistant,general_medicine,1,STF-446cb017,0
44,STF-a2ef0542,Brian Rodriguez,nursing_assistant,general_medicine,1,STF-446cb017,0
45,STF-a2ef0542,Brian Rodriguez,nursing_assistant,general_medicine,0,STF-446cb017,0
46,STF-a2ef0542,Brian Rodriguez,nursing_assistant,general_medicine,1,STF-446cb017,0
47,STF-a2ef0542,Brian Rodriguez,nursing_assistant,general_medicine,1,STF-446cb017,0
48,STF-a2ef0542,Brian Rodriguez,nursing_assistant,general_medicine,0,STF-446cb017,0
49,STF-a2ef0542,Brian Rodriguez,nursing_assistant,general_medicine,1,STF-446cb017,0
50,STF-a2ef0542,Brian Rodriguez,nursing_assistant,general_medicine,1,STF-446cb017,0
51,STF-a2ef0542,Brian Rodriguez,nursing_assistant,general_medicine,0,STF-446cb017,0
52,STF-a2ef0542,Brian Rodriguez,nursing_assistant,general_medicine,1,STF-446cb017,0
1,STF-98fd6aad,Denise Jacobs,doctor,ICU,1,STF-0196d344,0
2,STF-98fd6aad,Denise Jacobs,doctor,ICU,1,STF-0196d344,0
3,STF-98fd6aad,Denise Jacobs,doctor,ICU,0,STF-0196d344,0
4,STF-98fd6aad,Denise Jacobs,doctor,ICU,0,STF-0196d344,0
5,STF-98fd6aad,Denise Jacobs,doctor,ICU,1,STF-0196d344,0
6,STF-98fd6aad,Denise Jacobs,doctor,ICU,0,STF-0196d344,0
7,STF-98fd6aad,Denise Jacobs,doctor,ICU,1,STF-0196d344,0
8,STF-98fd6aad,Denise Jacobs,doctor,ICU,1,STF-0196d344,0
9,STF-98fd6aad,Denise Jacobs,doctor,ICU,0,STF-0196d344,0
10,STF-98fd6aad,Denise Jacobs,doctor,ICU,1,STF-0196d344,0
11,STF-98fd6aad,Denise Jacobs,doctor,ICU,1,STF-0196d344,0
12,STF-98fd6aad,Denise Jacobs,doctor,ICU,0,STF-0196d344,0
13,STF-98fd6aad,Denise Jacobs,doctor,ICU,1,STF-0196d344,0
14,STF-98fd6aad,Denise Jacobs,doctor,ICU,0,STF-0196d344,0
15,STF-98fd6aad,Denise Jacobs,doctor,ICU,0,STF-0196d344,0
16,STF-98fd6aad,Denise Jacobs,doctor,ICU,1,STF-0196d344,0
17,STF-98fd6aad,Denise Jacobs,doctor,ICU,0,STF-0196d344,0
18,STF-98fd6aad,Denise Jacobs,doctor,ICU,0,STF-0196d344,0
19,STF-98fd6aad,Denise Jacobs,doctor,ICU,1,STF-0196d344,0
20,STF-98fd6aad,Denise Jacobs,doctor,ICU,1,STF-0196d344,0
21,STF-98fd6aad,Denise Jacobs,doctor,ICU,0,STF-0196d344,0
22,STF-98fd6aad,Denise Jacobs,doctor,ICU,1,STF-0196d344,0
23,STF-98fd6aad,Denise Jacobs,doctor,ICU,1,STF-0196d344,0
24,STF-98fd6aad,Denise Jacobs,doctor,ICU,0,STF-0196d344,0
25,STF-98fd6aad,Denise Jacobs,doctor,ICU,1,STF-0196d344,0
26,STF-98fd6aad,Denise Jacobs,doctor,ICU,1,STF-0196d344,0
27,STF-98fd6aad,Denise Jacobs,doctor,ICU,0,STF-0196d344,0
28,STF-98fd6aad,Denise Jacobs,doctor,ICU,1,STF-0196d344,0
29,STF-98fd6aad,Denise Jacobs,doctor,ICU,1,STF-0196d344,0
30,STF-98fd6aad,Denise Jacobs,doctor,ICU,0,STF-0196d344,0
31,STF-98fd6aad,Denise Jacobs,doctor,ICU,1,STF-0196d344,0
32,STF-98fd6aad,Denise Jacobs,doctor,ICU,1,STF-0196d344,0
33,STF-98fd6aad,Denise Jacobs,doctor,ICU,0,STF-0196d344,0
34,STF-98fd6aad,Denise Jacobs,doctor,ICU,1,STF-0196d344,0
35,STF-98fd6aad,Denise Jacobs,doctor,ICU,1,STF-0196d344,0
36,STF-98fd6aad,Denise Jacobs,doctor,ICU,0,STF-0196d344,0
37,STF-98fd6aad,Denise Jacobs,doctor,ICU,1,STF-0196d344,0
38,STF-98fd6aad,Denise Jacobs,doctor,ICU,1,STF-0196d344,0
39,STF-98fd6aad,Denise Jacobs,doctor,ICU,0,STF-0196d344,0
40,STF-98fd6aad,Denise Jacobs,doctor,ICU,1,STF-0196d344,0
41,STF-98fd6aad,Denise Jacobs,doctor,ICU,1,STF-0196d344,0
42,STF-98fd6aad,Denise Jacobs,doctor,ICU,0,STF-0196d344,0
43,STF-98fd6aad,Denise Jacobs,doctor,ICU,1,STF-0196d344,0
44,STF-98fd6aad,Denise Jacobs,doctor,ICU,1,STF-0196d344,0
45,STF-98fd6aad,Denise Jacobs,doctor,ICU,0,STF-0196d344,0
46,STF-98fd6aad,Denise Jacobs,doctor,ICU,1,STF-0196d344,0
47,STF-98fd6aad,Denise Jacobs,doctor,ICU,1,STF-0196d344,0
48,STF-98fd6aad,Denise Jacobs,doctor,ICU,0,STF-0196d344,0
49,STF-98fd6aad,Denise Jacobs,doctor,ICU,1,STF-0196d344,0
50,STF-98fd6aad,Denise Jacobs,doctor,ICU,0,STF-0196d344,0
51,STF-98fd6aad,Denise Jacobs,doctor,ICU,0,STF-0196d344,0
52,STF-98fd6aad,Denise Jacobs,doctor,ICU,0,STF-0196d344,0
1,STF-84efb3e5,Christina Walters,doctor,ICU,1,STF-1b299895,0
2,STF-84efb3e5,Christina Walters,doctor,ICU,1,STF-1b299895,0
3,STF-84efb3e5,Christina Walters,doctor,ICU,0,STF-1b299895,0
4,STF-84efb3e5,Christina Walters,doctor,ICU,1,STF-1b299895,0
5,STF-84efb3e5,Christina Walters,doctor,ICU,1,STF-1b299895,0
6,STF-84efb3e5,Christina Walters,doctor,ICU,0,STF-1b299895,0
7,STF-84efb3e5,Christina Walters,doctor,ICU,1,STF-1b299895,0
8,STF-84efb3e5,Christina Walters,doctor,ICU,0,STF-1b299895,0
9,STF-84efb3e5,Christina Walters,doctor,ICU,0,STF-1b299895,0
10,STF-84efb3e5,Christina Walters,doctor,ICU,1,STF-1b299895,0
11,STF-84efb3e5,Christina Walters,doctor,ICU,1,STF-1b299895,0
12,STF-84efb3e5,Christina Walters,doctor,ICU,0,STF-1b299895,0
13,STF-84efb3e5,Christina Walters,doctor,ICU,1,STF-1b299895,0
14,STF-84efb3e5,Christina Walters,doctor,ICU,0,STF-1b299895,0
15,STF-84efb3e5,Christina Walters,doctor,ICU,0,STF-1b299895,0
16,STF-84efb3e5,Christina Walters,doctor,ICU,1,STF-1b299895,0
17,STF-84efb3e5,Christina Walters,doctor,ICU,1,STF-1b299895,0
18,STF-84efb3e5,Christina Walters,doctor,ICU,0,STF-1b299895,0
19,STF-84efb3e5,Christina Walters,doctor,ICU,1,STF-1b299895,0
20,STF-84efb3e5,Christina Walters,doctor,ICU,1,STF-1b299895,0
21,STF-84efb3e5,Christina Walters,doctor,ICU,0,STF-1b299895,0
22,STF-84efb3e5,Christina Walters,doctor,ICU,1,STF-1b299895,0
23,STF-84efb3e5,Christina Walters,doctor,ICU,1,STF-1b299895,0
24,STF-84efb3e5,Christina Walters,doctor,ICU,0,STF-1b299895,0
25,STF-84efb3e5,Christina Walters,doctor,ICU,1,STF-1b299895,0
26,STF-84efb3e5,Christina Walters,doctor,ICU,1,STF-1b299895,0
27,STF-84efb3e5,Christina Walters,doctor,ICU,0,STF-1b299895,0
28,STF-84efb3e5,Christina Walters,doctor,ICU,0,STF-1b299895,0
29,STF-84efb3e5,Christina Walters,doctor,ICU,1,STF-1b299895,0
30,STF-84efb3e5,Christina Walters,doctor,ICU,0,STF-1b299895,0
31,STF-84efb3e5,Christina Walters,doctor,ICU,1,STF-1b299895,0
32,STF-84efb3e5,Christina Walters,doctor,ICU,1,STF-1b299895,0
33,STF-84efb3e5,Christina Walters,doctor,ICU,0,STF-1b299895,0
34,STF-84efb3e5,Christina Walters,doctor,ICU,1,STF-1b299895,0
35,STF-84efb3e5,Christina Walters,doctor,ICU,1,STF-1b299895,0
36,STF-84efb3e5,Christina Walters,doctor,ICU,0,STF-1b299895,0
37,STF-84efb3e5,Christina Walters,doctor,ICU,0,STF-1b299895,0
38,STF-84efb3e5,Christina Walters,doctor,ICU,1,STF-1b299895,0
39,STF-84efb3e5,Christina Walters,doctor,ICU,0,STF-1b299895,0
40,STF-84efb3e5,Christina Walters,doctor,ICU,1,STF-1b299895,0
41,STF-84efb3e5,Christina Walters,doctor,ICU,1,STF-1b299895,0
42,STF-84efb3e5,Christina Walters,doctor,ICU,0,STF-1b299895,0
43,STF-84efb3e5,Christina Walters,doctor,ICU,1,STF-1b299895,0
44,STF-84efb3e5,Christina Walters,doctor,ICU,1,STF-1b299895,0
45,STF-84efb3e5,Christina Walters,doctor,ICU,0,STF-1b299895,0
46,STF-84efb3e5,Christina Walters,doctor,ICU,1,STF-1b299895,0
47,STF-84efb3e5,Christina Walters,doctor,ICU,1,STF-1b299895,0
48,STF-84efb3e5,Christina Walters,doctor,ICU,0,STF-1b299895,0
49,STF-84efb3e5,Christina Walters,doctor,ICU,0,STF-1b299895,0
50,STF-84efb3e5,Christina Walters,doctor,ICU,0,STF-1b299895,0
51,STF-84efb3e5,Christina Walters,doctor,ICU,0,STF-1b299895,0
52,STF-84efb3e5,Christina Walters,doctor,ICU,1,STF-1b299895,0
1,STF-5401ad3a,John Whitehead,doctor,ICU,1,STF-22fe9443,0
2,STF-5401ad3a,John Whitehead,doctor,ICU,1,STF-22fe9443,0
3,STF-5401ad3a,John Whitehead,doctor,ICU,0,STF-22fe9443,0
4,STF-5401ad3a,John Whitehead,doctor,ICU,1,STF-22fe9443,0
5,STF-5401ad3a,John Whitehead,doctor,ICU,1,STF-22fe9443,0
6,STF-5401ad3a,John Whitehead,doctor,ICU,0,STF-22fe9443,0
7,STF-5401ad3a,John Whitehead,doctor,ICU,1,STF-22fe9443,0
8,STF-5401ad3a,John Whitehead,doctor,ICU,1,STF-22fe9443,0
9,STF-5401ad3a,John Whitehead,doctor,ICU,0,STF-22fe9443,0
10,STF-5401ad3a,John Whitehead,doctor,ICU,1,STF-22fe9443,0
11,STF-5401ad3a,John Whitehead,doctor,ICU,0,STF-22fe9443,0
12,STF-5401ad3a,John Whitehead,doctor,ICU,0,STF-22fe9443,0
13,STF-5401ad3a,John Whitehead,doctor,ICU,1,STF-22fe9443,0
14,STF-5401ad3a,John Whitehead,doctor,ICU,1,STF-22fe9443,0
15,STF-5401ad3a,John Whitehead,doctor,ICU,0,STF-22fe9443,0
16,STF-5401ad3a,John Whitehead,doctor,ICU,1,STF-22fe9443,0
17,STF-5401ad3a,John Whitehead,doctor,ICU,1,STF-22fe9443,0
18,STF-5401ad3a,John Whitehead,doctor,ICU,0,STF-22fe9443,0
19,STF-5401ad3a,John Whitehead,doctor,ICU,1,STF-22fe9443,0
20,STF-5401ad3a,John Whitehead,doctor,ICU,1,STF-22fe9443,0
21,STF-5401ad3a,John Whitehead,doctor,ICU,0,STF-22fe9443,0
22,STF-5401ad3a,John Whitehead,doctor,ICU,1,STF-22fe9443,0
23,STF-5401ad3a,John Whitehead,doctor,ICU,1,STF-22fe9443,0
24,STF-5401ad3a,John Whitehead,doctor,ICU,0,STF-22fe9443,0
25,STF-5401ad3a,John Whitehead,doctor,ICU,1,STF-22fe9443,0
26,STF-5401ad3a,John Whitehead,doctor,ICU,1,STF-22fe9443,0
27,STF-5401ad3a,John Whitehead,doctor,ICU,0,STF-22fe9443,0
28,STF-5401ad3a,John Whitehead,doctor,ICU,0,STF-22fe9443,0
29,STF-5401ad3a,John Whitehead,doctor,ICU,1,STF-22fe9443,0
30,STF-5401ad3a,John Whitehead,doctor,ICU,0,STF-22fe9443,0
31,STF-5401ad3a,John Whitehead,doctor,ICU,1,STF-22fe9443,0
32,STF-5401ad3a,John Whitehead,doctor,ICU,1,STF-22fe9443,0
33,STF-5401ad3a,John Whitehead,doctor,ICU,0,STF-22fe9443,0
34,STF-5401ad3a,John Whitehead,doctor,ICU,1,STF-22fe9443,0
35,STF-5401ad3a,John Whitehead,doctor,ICU,1,STF-22fe9443,0
36,STF-5401ad3a,John Whitehead,doctor,ICU,0,STF-22fe9443,0
37,STF-5401ad3a,John Whitehead,doctor,ICU,1,STF-22fe9443,0
38,STF-5401ad3a,John Whitehead,doctor,ICU,1,STF-22fe9443,0
39,STF-5401ad3a,John Whitehead,doctor,ICU,0,STF-22fe9443,0
40,STF-5401ad3a,John Whitehead,doctor,ICU,1,STF-22fe9443,0
41,STF-5401ad3a,John Whitehead,doctor,ICU,0,STF-22fe9443,0
42,STF-5401ad3a,John Whitehead,doctor,ICU,0,STF-22fe9443,0
43,STF-5401ad3a,John Whitehead,doctor,ICU,1,STF-22fe9443,0
44,STF-5401ad3a,John Whitehead,doctor,ICU,1,STF-22fe9443,0
45,STF-5401ad3a,John Whitehead,doctor,ICU,0,STF-22fe9443,0
46,STF-5401ad3a,John Whitehead,doctor,ICU,1,STF-22fe9443,0
47,STF-5401ad3a,John Whitehead,doctor,ICU,1,STF-22fe9443,0
48,STF-5401ad3a,John Whitehead,doctor,ICU,0,STF-22fe9443,0
49,STF-5401ad3a,John Whitehead,doctor,ICU,1,STF-22fe9443,0
50,STF-5401ad3a,John Whitehead,doctor,ICU,1,STF-22fe9443,0
51,STF-5401ad3a,John Whitehead,doctor,ICU,0,STF-22fe9443,0
52,STF-5401ad3a,John Whitehead,doctor,ICU,1,STF-22fe9443,0
1,STF-9045bfe7,Anna Henderson,doctor,ICU,1,STF-e328da72,0
2,STF-9045bfe7,Anna Henderson,doctor,ICU,1,STF-e328da72,0
3,STF-9045bfe7,Anna Henderson,doctor,ICU,0,STF-e328da72,0
4,STF-9045bfe7,Anna Henderson,doctor,ICU,1,STF-e328da72,0
5,STF-9045bfe7,Anna Henderson,doctor,ICU,0,STF-e328da72,0
6,STF-9045bfe7,Anna Henderson,doctor,ICU,0,STF-e328da72,0
7,STF-9045bfe7,Anna Henderson,doctor,ICU,1,STF-e328da72,0
8,STF-9045bfe7,Anna Henderson,doctor,ICU,1,STF-e328da72,0
9,STF-9045bfe7,Anna Henderson,doctor,ICU,0,STF-e328da72,0
10,STF-9045bfe7,Anna Henderson,doctor,ICU,0,STF-e328da72,0
11,STF-9045bfe7,Anna Henderson,doctor,ICU,0,STF-e328da72,0
12,STF-9045bfe7,Anna Henderson,doctor,ICU,0,STF-e328da72,0
13,STF-9045bfe7,Anna Henderson,doctor,ICU,1,STF-e328da72,0
14,STF-9045bfe7,Anna Henderson,doctor,ICU,1,STF-e328da72,0
15,STF-9045bfe7,Anna Henderson,doctor,ICU,0,STF-e328da72,0
16,STF-9045bfe7,Anna Henderson,doctor,ICU,1,STF-e328da72,0
17,STF-9045bfe7,Anna Henderson,doctor,ICU,1,STF-e328da72,0
18,STF-9045bfe7,Anna Henderson,doctor,ICU,0,STF-e328da72,0
19,STF-9045bfe7,Anna Henderson,doctor,ICU,1,STF-e328da72,0
20,STF-9045bfe7,Anna Henderson,doctor,ICU,1,STF-e328da72,0
21,STF-9045bfe7,Anna Henderson,doctor,ICU,0,STF-e328da72,0
22,STF-9045bfe7,Anna Henderson,doctor,ICU,1,STF-e328da72,0
23,STF-9045bfe7,Anna Henderson,doctor,ICU,1,STF-e328da72,0
24,STF-9045bfe7,Anna Henderson,doctor,ICU,0,STF-e328da72,0
25,STF-9045bfe7,Anna Henderson,doctor,ICU,1,STF-e328da72,0
26,STF-9045bfe7,Anna Henderson,doctor,ICU,1,STF-e328da72,0
27,STF-9045bfe7,Anna Henderson,doctor,ICU,0,STF-e328da72,0
28,STF-9045bfe7,Anna Henderson,doctor,ICU,1,STF-e328da72,0
29,STF-9045bfe7,Anna Henderson,doctor,ICU,1,STF-e328da72,0
30,STF-9045bfe7,Anna Henderson,doctor,ICU,0,STF-e328da72,0
31,STF-9045bfe7,Anna Henderson,doctor,ICU,1,STF-e328da72,0
32,STF-9045bfe7,Anna Henderson,doctor,ICU,1,STF-e328da72,0
33,STF-9045bfe7,Anna Henderson,doctor,ICU,0,STF-e328da72,0
34,STF-9045bfe7,Anna Henderson,doctor,ICU,1,STF-e328da72,0
35,STF-9045bfe7,Anna Henderson,doctor,ICU,1,STF-e328da72,0
36,STF-9045bfe7,Anna Henderson,doctor,ICU,0,STF-e328da72,0
37,STF-9045bfe7,Anna Henderson,doctor,ICU,1,STF-e328da72,0
38,STF-9045bfe7,Anna Henderson,doctor,ICU,1,STF-e328da72,0
39,STF-9045bfe7,Anna Henderson,doctor,ICU,0,STF-e328da72,0
40,STF-9045bfe7,Anna Henderson,doctor,ICU,1,STF-e328da72,0
41,STF-9045bfe7,Anna Henderson,doctor,ICU,1,STF-e328da72,0
42,STF-9045bfe7,Anna Henderson,doctor,ICU,0,STF-e328da72,0
43,STF-9045bfe7,Anna Henderson,doctor,ICU,1,STF-e328da72,0
44,STF-9045bfe7,Anna Henderson,doctor,ICU,1,STF-e328da72,0
45,STF-9045bfe7,Anna Henderson,doctor,ICU,0,STF-e328da72,0
46,STF-9045bfe7,Anna Henderson,doctor,ICU,1,STF-e328da72,0
47,STF-9045bfe7,Anna Henderson,doctor,ICU,1,STF-e328da72,0
48,STF-9045bfe7,Anna Henderson,doctor,ICU,0,STF-e328da72,0
49,STF-9045bfe7,Anna Henderson,doctor,ICU,1,STF-e328da72,0
50,STF-9045bfe7,Anna Henderson,doctor,ICU,1,STF-e328da72,0
51,STF-9045bfe7,Anna Henderson,doctor,ICU,0,STF-e328da72,0
52,STF-9045bfe7,Anna Henderson,doctor,ICU,1,STF-e328da72,0
1,STF-5697a657,Aaron Wise,doctor,ICU,1,STF-1881ede3,0
2,STF-5697a657,Aaron Wise,doctor,ICU,1,STF-1881ede3,0
3,STF-5697a657,Aaron Wise,doctor,ICU,0,STF-1881ede3,0
4,STF-5697a657,Aaron Wise,doctor,ICU,1,STF-1881ede3,0
5,STF-5697a657,Aaron Wise,doctor,ICU,1,STF-1881ede3,0
6,STF-5697a657,Aaron Wise,doctor,ICU,0,STF-1881ede3,0
7,STF-5697a657,Aaron Wise,doctor,ICU,1,STF-1881ede3,0
8,STF-5697a657,Aaron Wise,doctor,ICU,1,STF-1881ede3,0
9,STF-5697a657,Aaron Wise,doctor,ICU,0,STF-1881ede3,0
10,STF-5697a657,Aaron Wise,doctor,ICU,1,STF-1881ede3,0
11,STF-5697a657,Aaron Wise,doctor,ICU,1,STF-1881ede3,0
12,STF-5697a657,Aaron Wise,doctor,ICU,0,STF-1881ede3,0
13,STF-5697a657,Aaron Wise,doctor,ICU,1,STF-1881ede3,0
14,STF-5697a657,Aaron Wise,doctor,ICU,0,STF-1881ede3,0
15,STF-5697a657,Aaron Wise,doctor,ICU,0,STF-1881ede3,0
16,STF-5697a657,Aaron Wise,doctor,ICU,0,STF-1881ede3,0
17,STF-5697a657,Aaron Wise,doctor,ICU,1,STF-1881ede3,0
18,STF-5697a657,Aaron Wise,doctor,ICU,0,STF-1881ede3,0
19,STF-5697a657,Aaron Wise,doctor,ICU,1,STF-1881ede3,0
20,STF-5697a657,Aaron Wise,doctor,ICU,0,STF-1881ede3,0
21,STF-5697a657,Aaron Wise,doctor,ICU,0,STF-1881ede3,0
22,STF-5697a657,Aaron Wise,doctor,ICU,1,STF-1881ede3,0
23,STF-5697a657,Aaron Wise,doctor,ICU,1,STF-1881ede3,0
24,STF-5697a657,Aaron Wise,doctor,ICU,0,STF-1881ede3,0
25,STF-5697a657,Aaron Wise,doctor,ICU,1,STF-1881ede3,0
26,STF-5697a657,Aaron Wise,doctor,ICU,1,STF-1881ede3,0
27,STF-5697a657,Aaron Wise,doctor,ICU,0,STF-1881ede3,0
28,STF-5697a657,Aaron Wise,doctor,ICU,1,STF-1881ede3,0
29,STF-5697a657,Aaron Wise,doctor,ICU,1,STF-1881ede3,0
30,STF-5697a657,Aaron Wise,doctor,ICU,0,STF-1881ede3,0
31,STF-5697a657,Aaron Wise,doctor,ICU,1,STF-1881ede3,0
32,STF-5697a657,Aaron Wise,doctor,ICU,1,STF-1881ede3,0
33,STF-5697a657,Aaron Wise,doctor,ICU,0,STF-1881ede3,0
34,STF-5697a657,Aaron Wise,doctor,ICU,1,STF-1881ede3,0
35,STF-5697a657,Aaron Wise,doctor,ICU,1,STF-1881ede3,0
36,STF-5697a657,Aaron Wise,doctor,ICU,0,STF-1881ede3,0
37,STF-5697a657,Aaron Wise,doctor,ICU,1,STF-1881ede3,0
38,STF-5697a657,Aaron Wise,doctor,ICU,1,STF-1881ede3,0
39,STF-5697a657,Aaron Wise,doctor,ICU,0,STF-1881ede3,0
40,STF-5697a657,Aaron Wise,doctor,ICU,1,STF-1881ede3,0
41,STF-5697a657,Aaron Wise,doctor,ICU,1,STF-1881ede3,0
42,STF-5697a657,Aaron Wise,doctor,ICU,0,STF-1881ede3,0
43,STF-5697a657,Aaron Wise,doctor,ICU,1,STF-1881ede3,0
44,STF-5697a657,Aaron Wise,doctor,ICU,1,STF-1881ede3,0
45,STF-5697a657,Aaron Wise,doctor,ICU,0,STF-1881ede3,0
46,STF-5697a657,Aaron Wise,doctor,ICU,1,STF-1881ede3,0
47,STF-5697a657,Aaron Wise,doctor,ICU,0,STF-1881ede3,0
48,STF-5697a657,Aaron Wise,doctor,ICU,0,STF-1881ede3,0
49,STF-5697a657,Aaron Wise,doctor,ICU,1,STF-1881ede3,0
50,STF-5697a657,Aaron Wise,doctor,ICU,1,STF-1881ede3,0
51,STF-5697a657,Aaron Wise,doctor,ICU,0,STF-1881ede3,0
52,STF-5697a657,Aaron Wise,doctor,ICU,1,STF-1881ede3,0
1,STF-2122e2a0,Deborah Figueroa,doctor,ICU,1,STF-1bdb5ff4,0
2,STF-2122e2a0,Deborah Figueroa,doctor,ICU,1,STF-1bdb5ff4,0
3,STF-2122e2a0,Deborah Figueroa,doctor,ICU,0,STF-1bdb5ff4,0
4,STF-2122e2a0,Deborah Figueroa,doctor,ICU,1,STF-1bdb5ff4,0
5,STF-2122e2a0,Deborah Figueroa,doctor,ICU,1,STF-1bdb5ff4,0
6,STF-2122e2a0,Deborah Figueroa,doctor,ICU,0,STF-1bdb5ff4,0
7,STF-2122e2a0,Deborah Figueroa,doctor,ICU,0,STF-1bdb5ff4,0
8,STF-2122e2a0,Deborah Figueroa,doctor,ICU,1,STF-1bdb5ff4,0
9,STF-2122e2a0,Deborah Figueroa,doctor,ICU,0,STF-1bdb5ff4,0
10,STF-2122e2a0,Deborah Figueroa,doctor,ICU,1,STF-1bdb5ff4,0
11,STF-2122e2a0,Deborah Figueroa,doctor,ICU,1,STF-1bdb5ff4,0
12,STF-2122e2a0,Deborah Figueroa,doctor,ICU,0,STF-1bdb5ff4,0
13,STF-2122e2a0,Deborah Figueroa,doctor,ICU,1,STF-1bdb5ff4,0
14,STF-2122e2a0,Deborah Figueroa,doctor,ICU,1,STF-1bdb5ff4,0
15,STF-2122e2a0,Deborah Figueroa,doctor,ICU,0,STF-1bdb5ff4,0
16,STF-2122e2a0,Deborah Figueroa,doctor,ICU,1,STF-1bdb5ff4,0
17,STF-2122e2a0,Deborah Figueroa,doctor,ICU,0,STF-1bdb5ff4,0
18,STF-2122e2a0,Deborah Figueroa,doctor,ICU,0,STF-1bdb5ff4,0
19,STF-2122e2a0,Deborah Figueroa,doctor,ICU,1,STF-1bdb5ff4,0
20,STF-2122e2a0,Deborah Figueroa,doctor,ICU,1,STF-1bdb5ff4,0
21,STF-2122e2a0,Deborah Figueroa,doctor,ICU,0,STF-1bdb5ff4,0
22,STF-2122e2a0,Deborah Figueroa,doctor,ICU,1,STF-1bdb5ff4,0
23,STF-2122e2a0,Deborah Figueroa,doctor,ICU,1,STF-1bdb5ff4,0
24,STF-2122e2a0,Deborah Figueroa,doctor,ICU,0,STF-1bdb5ff4,0
25,STF-2122e2a0,Deborah Figueroa,doctor,ICU,1,STF-1bdb5ff4,0
26,STF-2122e2a0,Deborah Figueroa,doctor,ICU,1,STF-1bdb5ff4,0
27,STF-2122e2a0,Deborah Figueroa,doctor,ICU,0,STF-1bdb5ff4,0
28,STF-2122e2a0,Deborah Figueroa,doctor,ICU,1,STF-1bdb5ff4,0
29,STF-2122e2a0,Deborah Figueroa,doctor,ICU,1,STF-1bdb5ff4,0
30,STF-2122e2a0,Deborah Figueroa,doctor,ICU,0,STF-1bdb5ff4,0
31,STF-2122e2a0,Deborah Figueroa,doctor,ICU,1,STF-1bdb5ff4,0
32,STF-2122e2a0,Deborah Figueroa,doctor,ICU,1,STF-1bdb5ff4,0
33,STF-2122e2a0,Deborah Figueroa,doctor,ICU,0,STF-1bdb5ff4,0
34,STF-2122e2a0,Deborah Figueroa,doctor,ICU,1,STF-1bdb5ff4,0
35,STF-2122e2a0,Deborah Figueroa,doctor,ICU,1,STF-1bdb5ff4,0
36,STF-2122e2a0,Deborah Figueroa,doctor,ICU,0,STF-1bdb5ff4,0
37,STF-2122e2a0,Deborah Figueroa,doctor,ICU,0,STF-1bdb5ff4,0
38,STF-2122e2a0,Deborah Figueroa,doctor,ICU,1,STF-1bdb5ff4,0
39,STF-2122e2a0,Deborah Figueroa,doctor,ICU,0,STF-1bdb5ff4,0
40,STF-2122e2a0,Deborah Figueroa,doctor,ICU,1,STF-1bdb5ff4,0
41,STF-2122e2a0,Deborah Figueroa,doctor,ICU,1,STF-1bdb5ff4,0
42,STF-2122e2a0,Deborah Figueroa,doctor,ICU,0,STF-1bdb5ff4,0
43,STF-2122e2a0,Deborah Figueroa,doctor,ICU,1,STF-1bdb5ff4,0
44,STF-2122e2a0,Deborah Figueroa,doctor,ICU,1,STF-1bdb5ff4,0
45,STF-2122e2a0,Deborah Figueroa,doctor,ICU,0,STF-1bdb5ff4,0
46,STF-2122e2a0,Deborah Figueroa,doctor,ICU,1,STF-1bdb5ff4,0
47,STF-2122e2a0,Deborah Figueroa,doctor,ICU,0,STF-1bdb5ff4,0
48,STF-2122e2a0,Deborah Figueroa,doctor,ICU,0,STF-1bdb5ff4,0
49,STF-2122e2a0,Deborah Figueroa,doctor,ICU,1,STF-1bdb5ff4,0
50,STF-2122e2a0,Deborah Figueroa,doctor,ICU,1,STF-1bdb5ff4,0
51,STF-2122e2a0,Deborah Figueroa,doctor,ICU,0,STF-1bdb5ff4,0
52,STF-2122e2a0,Deborah Figueroa,doctor,ICU,1,STF-1bdb5ff4,0
1,STF-997af03e,Jessica Smith,nurse,ICU,1,STF-5fadf416,0
2,STF-997af03e,Jessica Smith,nurse,ICU,1,STF-5fadf416,0
3,STF-997af03e,Jessica Smith,nurse,ICU,0,STF-5fadf416,0
4,STF-997af03e,Jessica Smith,nurse,ICU,1,STF-5fadf416,0
5,STF-997af03e,Jessica Smith,nurse,ICU,1,STF-5fadf416,0
6,STF-997af03e,Jessica Smith,nurse,ICU,0,STF-5fadf416,0
7,STF-997af03e,Jessica Smith,nurse,ICU,1,STF-5fadf416,0
8,STF-997af03e,Jessica Smith,nurse,ICU,1,STF-5fadf416,0
9,STF-997af03e,Jessica Smith,nurse,ICU,0,STF-5fadf416,0
10,STF-997af03e,Jessica Smith,nurse,ICU,1,STF-5fadf416,0
11,STF-997af03e,Jessica Smith,nurse,ICU,1,STF-5fadf416,0
12,STF-997af03e,Jessica Smith,nurse,ICU,0,STF-5fadf416,0
13,STF-997af03e,Jessica Smith,nurse,ICU,1,STF-5fadf416,0
14,STF-997af03e,Jessica Smith,nurse,ICU,1,STF-5fadf416,0
15,STF-997af03e,Jessica Smith,nurse,ICU,0,STF-5fadf416,0
16,STF-997af03e,Jessica Smith,nurse,ICU,0,STF-5fadf416,0
17,STF-997af03e,Jessica Smith,nurse,ICU,1,STF-5fadf416,0
18,STF-997af03e,Jessica Smith,nurse,ICU,0,STF-5fadf416,0
19,STF-997af03e,Jessica Smith,nurse,ICU,1,STF-5fadf416,0
20,STF-997af03e,Jessica Smith,nurse,ICU,1,STF-5fadf416,0
21,STF-997af03e,Jessica Smith,nurse,ICU,0,STF-5fadf416,0
22,STF-997af03e,Jessica Smith,nurse,ICU,1,STF-5fadf416,0
23,STF-997af03e,Jessica Smith,nurse,ICU,1,STF-5fadf416,0
24,STF-997af03e,Jessica Smith,nurse,ICU,0,STF-5fadf416,0
25,STF-997af03e,Jessica Smith,nurse,ICU,0,STF-5fadf416,0
26,STF-997af03e,Jessica Smith,nurse,ICU,1,STF-5fadf416,0
27,STF-997af03e,Jessica Smith,nurse,ICU,0,STF-5fadf416,0
28,STF-997af03e,Jessica Smith,nurse,ICU,1,STF-5fadf416,0
29,STF-997af03e,Jessica Smith,nurse,ICU,1,STF-5fadf416,0
30,STF-997af03e,Jessica Smith,nurse,ICU,0,STF-5fadf416,0
31,STF-997af03e,Jessica Smith,nurse,ICU,1,STF-5fadf416,0
32,STF-997af03e,Jessica Smith,nurse,ICU,1,STF-5fadf416,0
33,STF-997af03e,Jessica Smith,nurse,ICU,0,STF-5fadf416,0
34,STF-997af03e,Jessica Smith,nurse,ICU,1,STF-5fadf416,0
35,STF-997af03e,Jessica Smith,nurse,ICU,1,STF-5fadf416,0
36,STF-997af03e,Jessica Smith,nurse,ICU,0,STF-5fadf416,0
37,STF-997af03e,Jessica Smith,nurse,ICU,1,STF-5fadf416,0
38,STF-997af03e,Jessica Smith,nurse,ICU,1,STF-5fadf416,0
39,STF-997af03e,Jessica Smith,nurse,ICU,0,STF-5fadf416,0
40,STF-997af03e,Jessica Smith,nurse,ICU,1,STF-5fadf416,0
41,STF-997af03e,Jessica Smith,nurse,ICU,1,STF-5fadf416,0
42,STF-997af03e,Jessica Smith,nurse,ICU,0,STF-5fadf416,0
43,STF-997af03e,Jessica Smith,nurse,ICU,1,STF-5fadf416,0
44,STF-997af03e,Jessica Smith,nurse,ICU,1,STF-5fadf416,0
45,STF-997af03e,Jessica Smith,nurse,ICU,0,STF-5fadf416,0
46,STF-997af03e,Jessica Smith,nurse,ICU,1,STF-5fadf416,0
47,STF-997af03e,Jessica Smith,nurse,ICU,0,STF-5fadf416,0
48,STF-997af03e,Jessica Smith,nurse,ICU,0,STF-5fadf416,0
49,STF-997af03e,Jessica Smith,nurse,ICU,1,STF-5fadf416,0
50,STF-997af03e,Jessica Smith,nurse,ICU,1,STF-5fadf416,0
51,STF-997af03e,Jessica Smith,nurse,ICU,0,STF-5fadf416,0
52,STF-997af03e,Jessica Smith,nurse,ICU,1,STF-5fadf416,0
1,STF-cf0f00c3,Stephen Mckee,nurse,ICU,1,STF-4993c812,0
2,STF-cf0f00c3,Stephen Mckee,nurse,ICU,1,STF-4993c812,0
3,STF-cf0f00c3,Stephen Mckee,nurse,ICU,0,STF-4993c812,0
4,STF-cf0f00c3,Stephen Mckee,nurse,ICU,1,STF-4993c812,0
5,STF-cf0f00c3,Stephen Mckee,nurse,ICU,1,STF-4993c812,0
6,STF-cf0f00c3,Stephen Mckee,nurse,ICU,0,STF-4993c812,0
7,STF-cf0f00c3,Stephen Mckee,nurse,ICU,1,STF-4993c812,0
8,STF-cf0f00c3,Stephen Mckee,nurse,ICU,1,STF-4993c812,0
9,STF-cf0f00c3,Stephen Mckee,nurse,ICU,0,STF-4993c812,0
10,STF-cf0f00c3,Stephen Mckee,nurse,ICU,1,STF-4993c812,0
11,STF-cf0f00c3,Stephen Mckee,nurse,ICU,1,STF-4993c812,0
12,STF-cf0f00c3,Stephen Mckee,nurse,ICU,0,STF-4993c812,0
13,STF-cf0f00c3,Stephen Mckee,nurse,ICU,1,STF-4993c812,0
14,STF-cf0f00c3,Stephen Mckee,nurse,ICU,1,STF-4993c812,0
15,STF-cf0f00c3,Stephen Mckee,nurse,ICU,0,STF-4993c812,0
16,STF-cf0f00c3,Stephen Mckee,nurse,ICU,1,STF-4993c812,0
17,STF-cf0f00c3,Stephen Mckee,nurse,ICU,0,STF-4993c812,0
18,STF-cf0f00c3,Stephen Mckee,nurse,ICU,0,STF-4993c812,0
19,STF-cf0f00c3,Stephen Mckee,nurse,ICU,1,STF-4993c812,0
20,STF-cf0f00c3,Stephen Mckee,nurse,ICU,1,STF-4993c812,0
21,STF-cf0f00c3,Stephen Mckee,nurse,ICU,0,STF-4993c812,0
22,STF-cf0f00c3,Stephen Mckee,nurse,ICU,1,STF-4993c812,0
23,STF-cf0f00c3,Stephen Mckee,nurse,ICU,1,STF-4993c812,0
24,STF-cf0f00c3,Stephen Mckee,nurse,ICU,0,STF-4993c812,0
25,STF-cf0f00c3,Stephen Mckee,nurse,ICU,1,STF-4993c812,0
26,STF-cf0f00c3,Stephen Mckee,nurse,ICU,1,STF-4993c812,0
27,STF-cf0f00c3,Stephen Mckee,nurse,ICU,0,STF-4993c812,0
28,STF-cf0f00c3,Stephen Mckee,nurse,ICU,1,STF-4993c812,0
29,STF-cf0f00c3,Stephen Mckee,nurse,ICU,1,STF-4993c812,0
30,STF-cf0f00c3,Stephen Mckee,nurse,ICU,0,STF-4993c812,0
31,STF-cf0f00c3,Stephen Mckee,nurse,ICU,1,STF-4993c812,0
32,STF-cf0f00c3,Stephen Mckee,nurse,ICU,0,STF-4993c812,0
33,STF-cf0f00c3,Stephen Mckee,nurse,ICU,0,STF-4993c812,0
34,STF-cf0f00c3,Stephen Mckee,nurse,ICU,0,STF-4993c812,0
35,STF-cf0f00c3,Stephen Mckee,nurse,ICU,1,STF-4993c812,0
36,STF-cf0f00c3,Stephen Mckee,nurse,ICU,0,STF-4993c812,0
37,STF-cf0f00c3,Stephen Mckee,nurse,ICU,1,STF-4993c812,0
38,STF-cf0f00c3,Stephen Mckee,nurse,ICU,1,STF-4993c812,0
39,STF-cf0f00c3,Stephen Mckee,nurse,ICU,0,STF-4993c812,0
40,STF-cf0f00c3,Stephen Mckee,nurse,ICU,1,STF-4993c812,0
41,STF-cf0f00c3,Stephen Mckee,nurse,ICU,1,STF-4993c812,0
42,STF-cf0f00c3,Stephen Mckee,nurse,ICU,0,STF-4993c812,0
43,STF-cf0f00c3,Stephen Mckee,nurse,ICU,1,STF-4993c812,0
44,STF-cf0f00c3,Stephen Mckee,nurse,ICU,1,STF-4993c812,0
45,STF-cf0f00c3,Stephen Mckee,nurse,ICU,0,STF-4993c812,0
46,STF-cf0f00c3,Stephen Mckee,nurse,ICU,1,STF-4993c812,0
47,STF-cf0f00c3,Stephen Mckee,nurse,ICU,1,STF-4993c812,0
48,STF-cf0f00c3,Stephen Mckee,nurse,ICU,0,STF-4993c812,0
49,STF-cf0f00c3,Stephen Mckee,nurse,ICU,1,STF-4993c812,0
50,STF-cf0f00c3,Stephen Mckee,nurse,ICU,1,STF-4993c812,0
51,STF-cf0f00c3,Stephen Mckee,nurse,ICU,0,STF-4993c812,0
52,STF-cf0f00c3,Stephen Mckee,nurse,ICU,1,STF-4993c812,0
1,STF-67d3ac43,Sandra Aguilar,nurse,ICU,0,STF-598bd5c2,0
2,STF-67d3ac43,Sandra Aguilar,nurse,ICU,1,STF-598bd5c2,0
3,STF-67d3ac43,Sandra Aguilar,nurse,ICU,0,STF-598bd5c2,0
4,STF-67d3ac43,Sandra Aguilar,nurse,ICU,1,STF-598bd5c2,0
5,STF-67d3ac43,Sandra Aguilar,nurse,ICU,1,STF-598bd5c2,0
6,STF-67d3ac43,Sandra Aguilar,nurse,ICU,0,STF-598bd5c2,0
7,STF-67d3ac43,Sandra Aguilar,nurse,ICU,1,STF-598bd5c2,0
8,STF-67d3ac43,Sandra Aguilar,nurse,ICU,0,STF-598bd5c2,0
9,STF-67d3ac43,Sandra Aguilar,nurse,ICU,0,STF-598bd5c2,0
10,STF-67d3ac43,Sandra Aguilar,nurse,ICU,1,STF-598bd5c2,0
11,STF-67d3ac43,Sandra Aguilar,nurse,ICU,1,STF-598bd5c2,0
12,STF-67d3ac43,Sandra Aguilar,nurse,ICU,0,STF-598bd5c2,0
13,STF-67d3ac43,Sandra Aguilar,nurse,ICU,1,STF-598bd5c2,0
14,STF-67d3ac43,Sandra Aguilar,nurse,ICU,1,STF-598bd5c2,0
15,STF-67d3ac43,Sandra Aguilar,nurse,ICU,0,STF-598bd5c2,0
16,STF-67d3ac43,Sandra Aguilar,nurse,ICU,0,STF-598bd5c2,0
17,STF-67d3ac43,Sandra Aguilar,nurse,ICU,1,STF-598bd5c2,0
18,STF-67d3ac43,Sandra Aguilar,nurse,ICU,0,STF-598bd5c2,0
19,STF-67d3ac43,Sandra Aguilar,nurse,ICU,1,STF-598bd5c2,0
20,STF-67d3ac43,Sandra Aguilar,nurse,ICU,1,STF-598bd5c2,0
21,STF-67d3ac43,Sandra Aguilar,nurse,ICU,0,STF-598bd5c2,0
22,STF-67d3ac43,Sandra Aguilar,nurse,ICU,1,STF-598bd5c2,0
23,STF-67d3ac43,Sandra Aguilar,nurse,ICU,1,STF-598bd5c2,0
24,STF-67d3ac43,Sandra Aguilar,nurse,ICU,0,STF-598bd5c2,0
25,STF-67d3ac43,Sandra Aguilar,nurse,ICU,0,STF-598bd5c2,0
26,STF-67d3ac43,Sandra Aguilar,nurse,ICU,1,STF-598bd5c2,0
27,STF-67d3ac43,Sandra Aguilar,nurse,ICU,0,STF-598bd5c2,0
28,STF-67d3ac43,Sandra Aguilar,nurse,ICU,1,STF-598bd5c2,0
29,STF-67d3ac43,Sandra Aguilar,nurse,ICU,1,STF-598bd5c2,0
30,STF-67d3ac43,Sandra Aguilar,nurse,ICU,0,STF-598bd5c2,0
31,STF-67d3ac43,Sandra Aguilar,nurse,ICU,1,STF-598bd5c2,0
32,STF-67d3ac43,Sandra Aguilar,nurse,ICU,1,STF-598bd5c2,0
33,STF-67d3ac43,Sandra Aguilar,nurse,ICU,0,STF-598bd5c2,0
34,STF-67d3ac43,Sandra Aguilar,nurse,ICU,0,STF-598bd5c2,0
35,STF-67d3ac43,Sandra Aguilar,nurse,ICU,1,STF-598bd5c2,0
36,STF-67d3ac43,Sandra Aguilar,nurse,ICU,0,STF-598bd5c2,0
37,STF-67d3ac43,Sandra Aguilar,nurse,ICU,1,STF-598bd5c2,0
38,STF-67d3ac43,Sandra Aguilar,nurse,ICU,1,STF-598bd5c2,0
39,STF-67d3ac43,Sandra Aguilar,nurse,ICU,0,STF-598bd5c2,0
40,STF-67d3ac43,Sandra Aguilar,nurse,ICU,1,STF-598bd5c2,0
41,STF-67d3ac43,Sandra Aguilar,nurse,ICU,1,STF-598bd5c2,0
42,STF-67d3ac43,Sandra Aguilar,nurse,ICU,0,STF-598bd5c2,0
43,STF-67d3ac43,Sandra Aguilar,nurse,ICU,1,STF-598bd5c2,0
44,STF-67d3ac43,Sandra Aguilar,nurse,ICU,1,STF-598bd5c2,0
45,STF-67d3ac43,Sandra Aguilar,nurse,ICU,0,STF-598bd5c2,0
46,STF-67d3ac43,Sandra Aguilar,nurse,ICU,1,STF-598bd5c2,0
47,STF-67d3ac43,Sandra Aguilar,nurse,ICU,0,STF-598bd5c2,0
48,STF-67d3ac43,Sandra Aguilar,nurse,ICU,0,STF-598bd5c2,0
49,STF-67d3ac43,Sandra Aguilar,nurse,ICU,1,STF-598bd5c2,0
50,STF-67d3ac43,Sandra Aguilar,nurse,ICU,1,STF-598bd5c2,0
51,STF-67d3ac43,Sandra Aguilar,nurse,ICU,0,STF-598bd5c2,0
52,STF-67d3ac43,Sandra Aguilar,nurse,ICU,1,STF-598bd5c2,0
1,STF-7510a5e3,Cameron Parker,nurse,ICU,1,STF-fdc1ae8e,0
2,STF-7510a5e3,Cameron Parker,nurse,ICU,1,STF-fdc1ae8e,0
3,STF-7510a5e3,Cameron Parker,nurse,ICU,0,STF-fdc1ae8e,0
4,STF-7510a5e3,Cameron Parker,nurse,ICU,1,STF-fdc1ae8e,0
5,STF-7510a5e3,Cameron Parker,nurse,ICU,1,STF-fdc1ae8e,0
6,STF-7510a5e3,Cameron Parker,nurse,ICU,0,STF-fdc1ae8e,0
7,STF-7510a5e3,Cameron Parker,nurse,ICU,1,STF-fdc1ae8e,0
8,STF-7510a5e3,Cameron Parker,nurse,ICU,1,STF-fdc1ae8e,0
9,STF-7510a5e3,Cameron Parker,nurse,ICU,0,STF-fdc1ae8e,0
10,STF-7510a5e3,Cameron Parker,nurse,ICU,1,STF-fdc1ae8e,0
11,STF-7510a5e3,Cameron Parker,nurse,ICU,1,STF-fdc1ae8e,0
12,STF-7510a5e3,Cameron Parker,nurse,ICU,0,STF-fdc1ae8e,0
13,STF-7510a5e3,Cameron Parker,nurse,ICU,1,STF-fdc1ae8e,0
14,STF-7510a5e3,Cameron Parker,nurse,ICU,1,STF-fdc1ae8e,0
15,STF-7510a5e3,Cameron Parker,nurse,ICU,0,STF-fdc1ae8e,0
16,STF-7510a5e3,Cameron Parker,nurse,ICU,1,STF-fdc1ae8e,0
17,STF-7510a5e3,Cameron Parker,nurse,ICU,1,STF-fdc1ae8e,0
18,STF-7510a5e3,Cameron Parker,nurse,ICU,0,STF-fdc1ae8e,0
19,STF-7510a5e3,Cameron Parker,nurse,ICU,1,STF-fdc1ae8e,0
20,STF-7510a5e3,Cameron Parker,nurse,ICU,1,STF-fdc1ae8e,0
21,STF-7510a5e3,Cameron Parker,nurse,ICU,0,STF-fdc1ae8e,0
22,STF-7510a5e3,Cameron Parker,nurse,ICU,1,STF-fdc1ae8e,0
23,STF-7510a5e3,Cameron Parker,nurse,ICU,1,STF-fdc1ae8e,0
24,STF-7510a5e3,Cameron Parker,nurse,ICU,0,STF-fdc1ae8e,0
25,STF-7510a5e3,Cameron Parker,nurse,ICU,1,STF-fdc1ae8e,0
26,STF-7510a5e3,Cameron Parker,nurse,ICU,1,STF-fdc1ae8e,0
27,STF-7510a5e3,Cameron Parker,nurse,ICU,0,STF-fdc1ae8e,0
28,STF-7510a5e3,Cameron Parker,nurse,ICU,1,STF-fdc1ae8e,0
29,STF-7510a5e3,Cameron Parker,nurse,ICU,1,STF-fdc1ae8e,0
30,STF-7510a5e3,Cameron Parker,nurse,ICU,0,STF-fdc1ae8e,0
31,STF-7510a5e3,Cameron Parker,nurse,ICU,0,STF-fdc1ae8e,0
32,STF-7510a5e3,Cameron Parker,nurse,ICU,1,STF-fdc1ae8e,0
33,STF-7510a5e3,Cameron Parker,nurse,ICU,0,STF-fdc1ae8e,0
34,STF-7510a5e3,Cameron Parker,nurse,ICU,1,STF-fdc1ae8e,0
35,STF-7510a5e3,Cameron Parker,nurse,ICU,1,STF-fdc1ae8e,0
36,STF-7510a5e3,Cameron Parker,nurse,ICU,0,STF-fdc1ae8e,0
37,STF-7510a5e3,Cameron Parker,nurse,ICU,1,STF-fdc1ae8e,0
38,STF-7510a5e3,Cameron Parker,nurse,ICU,1,STF-fdc1ae8e,0
39,STF-7510a5e3,Cameron Parker,nurse,ICU,0,STF-fdc1ae8e,0
40,STF-7510a5e3,Cameron Parker,nurse,ICU,1,STF-fdc1ae8e,0
41,STF-7510a5e3,Cameron Parker,nurse,ICU,1,STF-fdc1ae8e,0
42,STF-7510a5e3,Cameron Parker,nurse,ICU,0,STF-fdc1ae8e,0
43,STF-7510a5e3,Cameron Parker,nurse,ICU,0,STF-fdc1ae8e,0
44,STF-7510a5e3,Cameron Parker,nurse,ICU,1,STF-fdc1ae8e,0
45,STF-7510a5e3,Cameron Parker,nurse,ICU,0,STF-fdc1ae8e,0
46,STF-7510a5e3,Cameron Parker,nurse,ICU,1,STF-fdc1ae8e,0
47,STF-7510a5e3,Cameron Parker,nurse,ICU,1,STF-fdc1ae8e,0
48,STF-7510a5e3,Cameron Parker,nurse,ICU,0,STF-fdc1ae8e,0
49,STF-7510a5e3,Cameron Parker,nurse,ICU,1,STF-fdc1ae8e,0
50,STF-7510a5e3,Cameron Parker,nurse,ICU,1,STF-fdc1ae8e,0
51,STF-7510a5e3,Cameron Parker,nurse,ICU,0,STF-fdc1ae8e,0
52,STF-7510a5e3,Cameron Parker,nurse,ICU,1,STF-fdc1ae8e,0
1,STF-2b4ea9d4,Rebecca Valencia,nurse,ICU,1,STF-c479af96,0
2,STF-2b4ea9d4,Rebecca Valencia,nurse,ICU,0,STF-c479af96,0
3,STF-2b4ea9d4,Rebecca Valencia,nurse,ICU,0,STF-c479af96,0
4,STF-2b4ea9d4,Rebecca Valencia,nurse,ICU,1,STF-c479af96,0
5,STF-2b4ea9d4,Rebecca Valencia,nurse,ICU,0,STF-c479af96,0
6,STF-2b4ea9d4,Rebecca Valencia,nurse,ICU,0,STF-c479af96,0
7,STF-2b4ea9d4,Rebecca Valencia,nurse,ICU,1,STF-c479af96,0
8,STF-2b4ea9d4,Rebecca Valencia,nurse,ICU,1,STF-c479af96,0
9,STF-2b4ea9d4,Rebecca Valencia,nurse,ICU,0,STF-c479af96,0
10,STF-2b4ea9d4,Rebecca Valencia,nurse,ICU,1,STF-c479af96,0
11,STF-2b4ea9d4,Rebecca Valencia,nurse,ICU,1,STF-c479af96,0
12,STF-2b4ea9d4,Rebecca Valencia,nurse,ICU,0,STF-c479af96,0
13,STF-2b4ea9d4,Rebecca Valencia,nurse,ICU,1,STF-c479af96,0
14,STF-2b4ea9d4,Rebecca Valencia,nurse,ICU,1,STF-c479af96,0
15,STF-2b4ea9d4,Rebecca Valencia,nurse,ICU,0,STF-c479af96,0
16,STF-2b4ea9d4,Rebecca Valencia,nurse,ICU,1,STF-c479af96,0
17,STF-2b4ea9d4,Rebecca Valencia,nurse,ICU,1,STF-c479af96,0
18,STF-2b4ea9d4,Rebecca Valencia,nurse,ICU,0,STF-c479af96,0
19,STF-2b4ea9d4,Rebecca Valencia,nurse,ICU,1,STF-c479af96,0
20,STF-2b4ea9d4,Rebecca Valencia,nurse,ICU,1,STF-c479af96,0
21,STF-2b4ea9d4,Rebecca Valencia,nurse,ICU,0,STF-c479af96,0
22,STF-2b4ea9d4,Rebecca Valencia,nurse,ICU,1,STF-c479af96,0
23,STF-2b4ea9d4,Rebecca Valencia,nurse,ICU,1,STF-c479af96,0
24,STF-2b4ea9d4,Rebecca Valencia,nurse,ICU,0,STF-c479af96,0
25,STF-2b4ea9d4,Rebecca Valencia,nurse,ICU,1,STF-c479af96,0
26,STF-2b4ea9d4,Rebecca Valencia,nurse,ICU,1,STF-c479af96,0
27,STF-2b4ea9d4,Rebecca Valencia,nurse,ICU,0,STF-c479af96,0
28,STF-2b4ea9d4,Rebecca Valencia,nurse,ICU,1,STF-c479af96,0
29,STF-2b4ea9d4,Rebecca Valencia,nurse,ICU,1,STF-c479af96,0
30,STF-2b4ea9d4,Rebecca Valencia,nurse,ICU,0,STF-c479af96,0
31,STF-2b4ea9d4,Rebecca Valencia,nurse,ICU,1,STF-c479af96,0
32,STF-2b4ea9d4,Rebecca Valencia,nurse,ICU,1,STF-c479af96,0
33,STF-2b4ea9d4,Rebecca Valencia,nurse,ICU,0,STF-c479af96,0
34,STF-2b4ea9d4,Rebecca Valencia,nurse,ICU,1,STF-c479af96,0
35,STF-2b4ea9d4,Rebecca Valencia,nurse,ICU,1,STF-c479af96,0
36,STF-2b4ea9d4,Rebecca Valencia,nurse,ICU,0,STF-c479af96,0
37,STF-2b4ea9d4,Rebecca Valencia,nurse,ICU,0,STF-c479af96,0
38,STF-2b4ea9d4,Rebecca Valencia,nurse,ICU,1,STF-c479af96,0
39,STF-2b4ea9d4,Rebecca Valencia,nurse,ICU,0,STF-c479af96,0
40,STF-2b4ea9d4,Rebecca Valencia,nurse,ICU,1,STF-c479af96,0
41,STF-2b4ea9d4,Rebecca Valencia,nurse,ICU,1,STF-c479af96,0
42,STF-2b4ea9d4,Rebecca Valencia,nurse,ICU,0,STF-c479af96,0
43,STF-2b4ea9d4,Rebecca Valencia,nurse,ICU,1,STF-c479af96,0
44,STF-2b4ea9d4,Rebecca Valencia,nurse,ICU,1,STF-c479af96,0
45,STF-2b4ea9d4,Rebecca Valencia,nurse,ICU,0,STF-c479af96,0
46,STF-2b4ea9d4,Rebecca Valencia,nurse,ICU,1,STF-c479af96,0
47,STF-2b4ea9d4,Rebecca Valencia,nurse,ICU,1,STF-c479af96,0
48,STF-2b4ea9d4,Rebecca Valencia,nurse,ICU,0,STF-c479af96,0
49,STF-2b4ea9d4,Rebecca Valencia,nurse,ICU,1,STF-c479af96,0
50,STF-2b4ea9d4,Rebecca Valencia,nurse,ICU,1,STF-c479af96,0
51,STF-2b4ea9d4,Rebecca Valencia,nurse,ICU,0,STF-c479af96,0
52,STF-2b4ea9d4,Rebecca Valencia,nurse,ICU,1,STF-c479af96,0
1,STF-61961d5b,Christine Wright,nurse,ICU,1,STF-79236218,0
2,STF-61961d5b,Christine Wright,nurse,ICU,1,STF-79236218,0
3,STF-61961d5b,Christine Wright,nurse,ICU,0,STF-79236218,0
4,STF-61961d5b,Christine Wright,nurse,ICU,1,STF-79236218,0
5,STF-61961d5b,Christine Wright,nurse,ICU,1,STF-79236218,0
6,STF-61961d5b,Christine Wright,nurse,ICU,0,STF-79236218,0
7,STF-61961d5b,Christine Wright,nurse,ICU,1,STF-79236218,0
8,STF-61961d5b,Christine Wright,nurse,ICU,1,STF-79236218,0
9,STF-61961d5b,Christine Wright,nurse,ICU,0,STF-79236218,0
10,STF-61961d5b,Christine Wright,nurse,ICU,1,STF-79236218,0
11,STF-61961d5b,Christine Wright,nurse,ICU,1,STF-79236218,0
12,STF-61961d5b,Christine Wright,nurse,ICU,0,STF-79236218,0
13,STF-61961d5b,Christine Wright,nurse,ICU,1,STF-79236218,0
14,STF-61961d5b,Christine Wright,nurse,ICU,1,STF-79236218,0
15,STF-61961d5b,Christine Wright,nurse,ICU,0,STF-79236218,0
16,STF-61961d5b,Christine Wright,nurse,ICU,1,STF-79236218,0
17,STF-61961d5b,Christine Wright,nurse,ICU,0,STF-79236218,0
18,STF-61961d5b,Christine Wright,nurse,ICU,0,STF-79236218,0
19,STF-61961d5b,Christine Wright,nurse,ICU,1,STF-79236218,0
20,STF-61961d5b,Christine Wright,nurse,ICU,1,STF-79236218,0
21,STF-61961d5b,Christine Wright,nurse,ICU,0,STF-79236218,0
22,STF-61961d5b,Christine Wright,nurse,ICU,1,STF-79236218,0
23,STF-61961d5b,Christine Wright,nurse,ICU,1,STF-79236218,0
24,STF-61961d5b,Christine Wright,nurse,ICU,0,STF-79236218,0
25,STF-61961d5b,Christine Wright,nurse,ICU,1,STF-79236218,0
26,STF-61961d5b,Christine Wright,nurse,ICU,1,STF-79236218,0
27,STF-61961d5b,Christine Wright,nurse,ICU,0,STF-79236218,0
28,STF-61961d5b,Christine Wright,nurse,ICU,1,STF-79236218,0
29,STF-61961d5b,Christine Wright,nurse,ICU,1,STF-79236218,0
30,STF-61961d5b,Christine Wright,nurse,ICU,0,STF-79236218,0
31,STF-61961d5b,Christine Wright,nurse,ICU,1,STF-79236218,0
32,STF-61961d5b,Christine Wright,nurse,ICU,1,STF-79236218,0
33,STF-61961d5b,Christine Wright,nurse,ICU,0,STF-79236218,0
34,STF-61961d5b,Christine Wright,nurse,ICU,1,STF-79236218,0
35,STF-61961d5b,Christine Wright,nurse,ICU,0,STF-79236218,0
36,STF-61961d5b,Christine Wright,nurse,ICU,0,STF-79236218,0
37,STF-61961d5b,Christine Wright,nurse,ICU,1,STF-79236218,0
38,STF-61961d5b,Christine Wright,nurse,ICU,1,STF-79236218,0
39,STF-61961d5b,Christine Wright,nurse,ICU,0,STF-79236218,0
40,STF-61961d5b,Christine Wright,nurse,ICU,1,STF-79236218,0
41,STF-61961d5b,Christine Wright,nurse,ICU,1,STF-79236218,0
42,STF-61961d5b,Christine Wright,nurse,ICU,0,STF-79236218,0
43,STF-61961d5b,Christine Wright,nurse,ICU,1,STF-79236218,0
44,STF-61961d5b,Christine Wright,nurse,ICU,1,STF-79236218,0
45,STF-61961d5b,Christine Wright,nurse,ICU,0,STF-79236218,0
46,STF-61961d5b,Christine Wright,nurse,ICU,1,STF-79236218,0
47,STF-61961d5b,Christine Wright,nurse,ICU,1,STF-79236218,0
48,STF-61961d5b,Christine Wright,nurse,ICU,0,STF-79236218,0
49,STF-61961d5b,Christine Wright,nurse,ICU,1,STF-79236218,0
50,STF-61961d5b,Christine Wright,nurse,ICU,1,STF-79236218,0
51,STF-61961d5b,Christine Wright,nurse,ICU,0,STF-79236218,0
52,STF-61961d5b,Christine Wright,nurse,ICU,1,STF-79236218,0
1,STF-ea97e797,Richard Henson,nurse,ICU,1,STF-55d90e65,0
2,STF-ea97e797,Richard Henson,nurse,ICU,1,STF-55d90e65,0
3,STF-ea97e797,Richard Henson,nurse,ICU,0,STF-55d90e65,0
4,STF-ea97e797,Richard Henson,nurse,ICU,1,STF-55d90e65,0
5,STF-ea97e797,Richard Henson,nurse,ICU,1,STF-55d90e65,0
6,STF-ea97e797,Richard Henson,nurse,ICU,0,STF-55d90e65,0
7,STF-ea97e797,Richard Henson,nurse,ICU,1,STF-55d90e65,0
8,STF-ea97e797,Richard Henson,nurse,ICU,1,STF-55d90e65,0
9,STF-ea97e797,Richard Henson,nurse,ICU,0,STF-55d90e65,0
10,STF-ea97e797,Richard Henson,nurse,ICU,1,STF-55d90e65,0
11,STF-ea97e797,Richard Henson,nurse,ICU,1,STF-55d90e65,0
12,STF-ea97e797,Richard Henson,nurse,ICU,0,STF-55d90e65,0
13,STF-ea97e797,Richard Henson,nurse,ICU,0,STF-55d90e65,0
14,STF-ea97e797,Richard Henson,nurse,ICU,1,STF-55d90e65,0
15,STF-ea97e797,Richard Henson,nurse,ICU,0,STF-55d90e65,0
16,STF-ea97e797,Richard Henson,nurse,ICU,0,STF-55d90e65,0
17,STF-ea97e797,Richard Henson,nurse,ICU,1,STF-55d90e65,0
18,STF-ea97e797,Richard Henson,nurse,ICU,0,STF-55d90e65,0
19,STF-ea97e797,Richard Henson,nurse,ICU,1,STF-55d90e65,0
20,STF-ea97e797,Richard Henson,nurse,ICU,0,STF-55d90e65,0
21,STF-ea97e797,Richard Henson,nurse,ICU,0,STF-55d90e65,0
22,STF-ea97e797,Richard Henson,nurse,ICU,1,STF-55d90e65,0
23,STF-ea97e797,Richard Henson,nurse,ICU,1,STF-55d90e65,0
24,STF-ea97e797,Richard Henson,nurse,ICU,0,STF-55d90e65,0
25,STF-ea97e797,Richard Henson,nurse,ICU,1,STF-55d90e65,0
26,STF-ea97e797,Richard Henson,nurse,ICU,1,STF-55d90e65,0
27,STF-ea97e797,Richard Henson,nurse,ICU,0,STF-55d90e65,0
28,STF-ea97e797,Richard Henson,nurse,ICU,1,STF-55d90e65,0
29,STF-ea97e797,Richard Henson,nurse,ICU,1,STF-55d90e65,0
30,STF-ea97e797,Richard Henson,nurse,ICU,0,STF-55d90e65,0
31,STF-ea97e797,Richard Henson,nurse,ICU,1,STF-55d90e65,0
32,STF-ea97e797,Richard Henson,nurse,ICU,1,STF-55d90e65,0
33,STF-ea97e797,Richard Henson,nurse,ICU,0,STF-55d90e65,0
34,STF-ea97e797,Richard Henson,nurse,ICU,1,STF-55d90e65,0
35,STF-ea97e797,Richard Henson,nurse,ICU,1,STF-55d90e65,0
36,STF-ea97e797,Richard Henson,nurse,ICU,0,STF-55d90e65,0
37,STF-ea97e797,Richard Henson,nurse,ICU,1,STF-55d90e65,0
38,STF-ea97e797,Richard Henson,nurse,ICU,1,STF-55d90e65,0
39,STF-ea97e797,Richard Henson,nurse,ICU,0,STF-55d90e65,0
40,STF-ea97e797,Richard Henson,nurse,ICU,1,STF-55d90e65,0
41,STF-ea97e797,Richard Henson,nurse,ICU,1,STF-55d90e65,0
42,STF-ea97e797,Richard Henson,nurse,ICU,0,STF-55d90e65,0
43,STF-ea97e797,Richard Henson,nurse,ICU,1,STF-55d90e65,0
44,STF-ea97e797,Richard Henson,nurse,ICU,1,STF-55d90e65,0
45,STF-ea97e797,Richard Henson,nurse,ICU,0,STF-55d90e65,0
46,STF-ea97e797,Richard Henson,nurse,ICU,1,STF-55d90e65,0
47,STF-ea97e797,Richard Henson,nurse,ICU,1,STF-55d90e65,0
48,STF-ea97e797,Richard Henson,nurse,ICU,0,STF-55d90e65,0
49,STF-ea97e797,Richard Henson,nurse,ICU,1,STF-55d90e65,0
50,STF-ea97e797,Richard Henson,nurse,ICU,1,STF-55d90e65,0
51,STF-ea97e797,Richard Henson,nurse,ICU,0,STF-55d90e65,0
52,STF-ea97e797,Richard Henson,nurse,ICU,1,STF-55d90e65,0
1,STF-e9bd9766,Marc Moore,nurse,ICU,1,STF-2c8a995d,0
2,STF-e9bd9766,Marc Moore,nurse,ICU,1,STF-2c8a995d,0
3,STF-e9bd9766,Marc Moore,nurse,ICU,0,STF-2c8a995d,0
4,STF-e9bd9766,Marc Moore,nurse,ICU,1,STF-2c8a995d,0
5,STF-e9bd9766,Marc Moore,nurse,ICU,1,STF-2c8a995d,0
6,STF-e9bd9766,Marc Moore,nurse,ICU,0,STF-2c8a995d,0
7,STF-e9bd9766,Marc Moore,nurse,ICU,1,STF-2c8a995d,0
8,STF-e9bd9766,Marc Moore,nurse,ICU,1,STF-2c8a995d,0
9,STF-e9bd9766,Marc Moore,nurse,ICU,0,STF-2c8a995d,0
10,STF-e9bd9766,Marc Moore,nurse,ICU,1,STF-2c8a995d,0
11,STF-e9bd9766,Marc Moore,nurse,ICU,1,STF-2c8a995d,0
12,STF-e9bd9766,Marc Moore,nurse,ICU,0,STF-2c8a995d,0
13,STF-e9bd9766,Marc Moore,nurse,ICU,1,STF-2c8a995d,0
14,STF-e9bd9766,Marc Moore,nurse,ICU,1,STF-2c8a995d,0
15,STF-e9bd9766,Marc Moore,nurse,ICU,0,STF-2c8a995d,0
16,STF-e9bd9766,Marc Moore,nurse,ICU,1,STF-2c8a995d,0
17,STF-e9bd9766,Marc Moore,nurse,ICU,1,STF-2c8a995d,0
18,STF-e9bd9766,Marc Moore,nurse,ICU,0,STF-2c8a995d,0
19,STF-e9bd9766,Marc Moore,nurse,ICU,1,STF-2c8a995d,0
20,STF-e9bd9766,Marc Moore,nurse,ICU,1,STF-2c8a995d,0
21,STF-e9bd9766,Marc Moore,nurse,ICU,0,STF-2c8a995d,0
22,STF-e9bd9766,Marc Moore,nurse,ICU,1,STF-2c8a995d,0
23,STF-e9bd9766,Marc Moore,nurse,ICU,1,STF-2c8a995d,0
24,STF-e9bd9766,Marc Moore,nurse,ICU,0,STF-2c8a995d,0
25,STF-e9bd9766,Marc Moore,nurse,ICU,1,STF-2c8a995d,0
26,STF-e9bd9766,Marc Moore,nurse,ICU,1,STF-2c8a995d,0
27,STF-e9bd9766,Marc Moore,nurse,ICU,0,STF-2c8a995d,0
28,STF-e9bd9766,Marc Moore,nurse,ICU,1,STF-2c8a995d,0
29,STF-e9bd9766,Marc Moore,nurse,ICU,0,STF-2c8a995d,0
30,STF-e9bd9766,Marc Moore,nurse,ICU,0,STF-2c8a995d,0
31,STF-e9bd9766,Marc Moore,nurse,ICU,1,STF-2c8a995d,0
32,STF-e9bd9766,Marc Moore,nurse,ICU,1,STF-2c8a995d,0
33,STF-e9bd9766,Marc Moore,nurse,ICU,0,STF-2c8a995d,0
34,STF-e9bd9766,Marc Moore,nurse,ICU,1,STF-2c8a995d,0
35,STF-e9bd9766,Marc Moore,nurse,ICU,1,STF-2c8a995d,0
36,STF-e9bd9766,Marc Moore,nurse,ICU,0,STF-2c8a995d,0
37,STF-e9bd9766,Marc Moore,nurse,ICU,1,STF-2c8a995d,0
38,STF-e9bd9766,Marc Moore,nurse,ICU,1,STF-2c8a995d,0
39,STF-e9bd9766,Marc Moore,nurse,ICU,0,STF-2c8a995d,0
40,STF-e9bd9766,Marc Moore,nurse,ICU,1,STF-2c8a995d,0
41,STF-e9bd9766,Marc Moore,nurse,ICU,1,STF-2c8a995d,0
42,STF-e9bd9766,Marc Moore,nurse,ICU,0,STF-2c8a995d,0
43,STF-e9bd9766,Marc Moore,nurse,ICU,1,STF-2c8a995d,0
44,STF-e9bd9766,Marc Moore,nurse,ICU,1,STF-2c8a995d,0
45,STF-e9bd9766,Marc Moore,nurse,ICU,0,STF-2c8a995d,0
46,STF-e9bd9766,Marc Moore,nurse,ICU,1,STF-2c8a995d,0
47,STF-e9bd9766,Marc Moore,nurse,ICU,1,STF-2c8a995d,0
48,STF-e9bd9766,Marc Moore,nurse,ICU,0,STF-2c8a995d,0
49,STF-e9bd9766,Marc Moore,nurse,ICU,1,STF-2c8a995d,0
50,STF-e9bd9766,Marc Moore,nurse,ICU,0,STF-2c8a995d,0
51,STF-e9bd9766,Marc Moore,nurse,ICU,0,STF-2c8a995d,0
52,STF-e9bd9766,Marc Moore,nurse,ICU,1,STF-2c8a995d,0
1,STF-1511492d,Sharon Cherry,nurse,ICU,1,STF-251c7770,0
2,STF-1511492d,Sharon Cherry,nurse,ICU,1,STF-251c7770,0
3,STF-1511492d,Sharon Cherry,nurse,ICU,0,STF-251c7770,0
4,STF-1511492d,Sharon Cherry,nurse,ICU,1,STF-251c7770,0
5,STF-1511492d,Sharon Cherry,nurse,ICU,1,STF-251c7770,0
6,STF-1511492d,Sharon Cherry,nurse,ICU,0,STF-251c7770,0
7,STF-1511492d,Sharon Cherry,nurse,ICU,1,STF-251c7770,0
8,STF-1511492d,Sharon Cherry,nurse,ICU,1,STF-251c7770,0
9,STF-1511492d,Sharon Cherry,nurse,ICU,0,STF-251c7770,0
10,STF-1511492d,Sharon Cherry,nurse,ICU,1,STF-251c7770,0
11,STF-1511492d,Sharon Cherry,nurse,ICU,1,STF-251c7770,0
12,STF-1511492d,Sharon Cherry,nurse,ICU,0,STF-251c7770,0
13,STF-1511492d,Sharon Cherry,nurse,ICU,1,STF-251c7770,0
14,STF-1511492d,Sharon Cherry,nurse,ICU,1,STF-251c7770,0
15,STF-1511492d,Sharon Cherry,nurse,ICU,0,STF-251c7770,0
16,STF-1511492d,Sharon Cherry,nurse,ICU,0,STF-251c7770,0
17,STF-1511492d,Sharon Cherry,nurse,ICU,1,STF-251c7770,0
18,STF-1511492d,Sharon Cherry,nurse,ICU,0,STF-251c7770,0
19,STF-1511492d,Sharon Cherry,nurse,ICU,1,STF-251c7770,0
20,STF-1511492d,Sharon Cherry,nurse,ICU,1,STF-251c7770,0
21,STF-1511492d,Sharon Cherry,nurse,ICU,0,STF-251c7770,0
22,STF-1511492d,Sharon Cherry,nurse,ICU,1,STF-251c7770,0
23,STF-1511492d,Sharon Cherry,nurse,ICU,1,STF-251c7770,0
24,STF-1511492d,Sharon Cherry,nurse,ICU,0,STF-251c7770,0
25,STF-1511492d,Sharon Cherry,nurse,ICU,1,STF-251c7770,0
26,STF-1511492d,Sharon Cherry,nurse,ICU,1,STF-251c7770,0
27,STF-1511492d,Sharon Cherry,nurse,ICU,0,STF-251c7770,0
28,STF-1511492d,Sharon Cherry,nurse,ICU,1,STF-251c7770,0
29,STF-1511492d,Sharon Cherry,nurse,ICU,1,STF-251c7770,0
30,STF-1511492d,Sharon Cherry,nurse,ICU,0,STF-251c7770,0
31,STF-1511492d,Sharon Cherry,nurse,ICU,1,STF-251c7770,0
32,STF-1511492d,Sharon Cherry,nurse,ICU,0,STF-251c7770,0
33,STF-1511492d,Sharon Cherry,nurse,ICU,0,STF-251c7770,0
34,STF-1511492d,Sharon Cherry,nurse,ICU,1,STF-251c7770,0
35,STF-1511492d,Sharon Cherry,nurse,ICU,1,STF-251c7770,0
36,STF-1511492d,Sharon Cherry,nurse,ICU,0,STF-251c7770,0
37,STF-1511492d,Sharon Cherry,nurse,ICU,1,STF-251c7770,0
38,STF-1511492d,Sharon Cherry,nurse,ICU,1,STF-251c7770,0
39,STF-1511492d,Sharon Cherry,nurse,ICU,0,STF-251c7770,0
40,STF-1511492d,Sharon Cherry,nurse,ICU,1,STF-251c7770,0
41,STF-1511492d,Sharon Cherry,nurse,ICU,1,STF-251c7770,0
42,STF-1511492d,Sharon Cherry,nurse,ICU,0,STF-251c7770,0
43,STF-1511492d,Sharon Cherry,nurse,ICU,1,STF-251c7770,0
44,STF-1511492d,Sharon Cherry,nurse,ICU,1,STF-251c7770,0
45,STF-1511492d,Sharon Cherry,nurse,ICU,0,STF-251c7770,0
46,STF-1511492d,Sharon Cherry,nurse,ICU,1,STF-251c7770,0
47,STF-1511492d,Sharon Cherry,nurse,ICU,1,STF-251c7770,0
48,STF-1511492d,Sharon Cherry,nurse,ICU,0,STF-251c7770,0
49,STF-1511492d,Sharon Cherry,nurse,ICU,1,STF-251c7770,0
50,STF-1511492d,Sharon Cherry,nurse,ICU,1,STF-251c7770,0
51,STF-1511492d,Sharon Cherry,nurse,ICU,0,STF-251c7770,0
52,STF-1511492d,Sharon Cherry,nurse,ICU,1,STF-251c7770,0
1,STF-15db5d87,Sierra Johnson,nurse,ICU,1,STF-3fb56209,0
2,STF-15db5d87,Sierra Johnson,nurse,ICU,0,STF-3fb56209,0
3,STF-15db5d87,Sierra Johnson,nurse,ICU,0,STF-3fb56209,0
4,STF-15db5d87,Sierra Johnson,nurse,ICU,1,STF-3fb56209,0
5,STF-15db5d87,Sierra Johnson,nurse,ICU,0,STF-3fb56209,0
6,STF-15db5d87,Sierra Johnson,nurse,ICU,0,STF-3fb56209,0
7,STF-15db5d87,Sierra Johnson,nurse,ICU,1,STF-3fb56209,0
8,STF-15db5d87,Sierra Johnson,nurse,ICU,1,STF-3fb56209,0
9,STF-15db5d87,Sierra Johnson,nurse,ICU,0,STF-3fb56209,0
10,STF-15db5d87,Sierra Johnson,nurse,ICU,1,STF-3fb56209,0
11,STF-15db5d87,Sierra Johnson,nurse,ICU,1,STF-3fb56209,0
12,STF-15db5d87,Sierra Johnson,nurse,ICU,0,STF-3fb56209,0
13,STF-15db5d87,Sierra Johnson,nurse,ICU,0,STF-3fb56209,0
14,STF-15db5d87,Sierra Johnson,nurse,ICU,1,STF-3fb56209,0
15,STF-15db5d87,Sierra Johnson,nurse,ICU,0,STF-3fb56209,0
16,STF-15db5d87,Sierra Johnson,nurse,ICU,1,STF-3fb56209,0
17,STF-15db5d87,Sierra Johnson,nurse,ICU,1,STF-3fb56209,0
18,STF-15db5d87,Sierra Johnson,nurse,ICU,0,STF-3fb56209,0
19,STF-15db5d87,Sierra Johnson,nurse,ICU,1,STF-3fb56209,0
20,STF-15db5d87,Sierra Johnson,nurse,ICU,1,STF-3fb56209,0
21,STF-15db5d87,Sierra Johnson,nurse,ICU,0,STF-3fb56209,0
22,STF-15db5d87,Sierra Johnson,nurse,ICU,1,STF-3fb56209,0
23,STF-15db5d87,Sierra Johnson,nurse,ICU,1,STF-3fb56209,0
24,STF-15db5d87,Sierra Johnson,nurse,ICU,0,STF-3fb56209,0
25,STF-15db5d87,Sierra Johnson,nurse,ICU,1,STF-3fb56209,0
26,STF-15db5d87,Sierra Johnson,nurse,ICU,0,STF-3fb56209,0
27,STF-15db5d87,Sierra Johnson,nurse,ICU,0,STF-3fb56209,0
28,STF-15db5d87,Sierra Johnson,nurse,ICU,1,STF-3fb56209,0
29,STF-15db5d87,Sierra Johnson,nurse,ICU,1,STF-3fb56209,0
30,STF-15db5d87,Sierra Johnson,nurse,ICU,0,STF-3fb56209,0
31,STF-15db5d87,Sierra Johnson,nurse,ICU,1,STF-3fb56209,0
32,STF-15db5d87,Sierra Johnson,nurse,ICU,1,STF-3fb56209,0
33,STF-15db5d87,Sierra Johnson,nurse,ICU,0,STF-3fb56209,0
34,STF-15db5d87,Sierra Johnson,nurse,ICU,1,STF-3fb56209,0
35,STF-15db5d87,Sierra Johnson,nurse,ICU,1,STF-3fb56209,0
36,STF-15db5d87,Sierra Johnson,nurse,ICU,0,STF-3fb56209,0
37,STF-15db5d87,Sierra Johnson,nurse,ICU,0,STF-3fb56209,0
38,STF-15db5d87,Sierra Johnson,nurse,ICU,1,STF-3fb56209,0
39,STF-15db5d87,Sierra Johnson,nurse,ICU,0,STF-3fb56209,0
40,STF-15db5d87,Sierra Johnson,nurse,ICU,0,STF-3fb56209,0
41,STF-15db5d87,Sierra Johnson,nurse,ICU,1,STF-3fb56209,0
42,STF-15db5d87,Sierra Johnson,nurse,ICU,0,STF-3fb56209,0
43,STF-15db5d87,Sierra Johnson,nurse,ICU,1,STF-3fb56209,0
44,STF-15db5d87,Sierra Johnson,nurse,ICU,1,STF-3fb56209,0
45,STF-15db5d87,Sierra Johnson,nurse,ICU,0,STF-3fb56209,0
46,STF-15db5d87,Sierra Johnson,nurse,ICU,1,STF-3fb56209,0
47,STF-15db5d87,Sierra Johnson,nurse,ICU,1,STF-3fb56209,0
48,STF-15db5d87,Sierra Johnson,nurse,ICU,0,STF-3fb56209,0
49,STF-15db5d87,Sierra Johnson,nurse,ICU,1,STF-3fb56209,0
50,STF-15db5d87,Sierra Johnson,nurse,ICU,1,STF-3fb56209,0
51,STF-15db5d87,Sierra Johnson,nurse,ICU,0,STF-3fb56209,0
52,STF-15db5d87,Sierra Johnson,nurse,ICU,1,STF-3fb56209,0
1,STF-188cd855,Evelyn Galvan,nurse,ICU,1,STF-a8c30e00,0
2,STF-188cd855,Evelyn Galvan,nurse,ICU,1,STF-a8c30e00,0
3,STF-188cd855,Evelyn Galvan,nurse,ICU,0,STF-a8c30e00,0
4,STF-188cd855,Evelyn Galvan,nurse,ICU,1,STF-a8c30e00,0
5,STF-188cd855,Evelyn Galvan,nurse,ICU,0,STF-a8c30e00,0
6,STF-188cd855,Evelyn Galvan,nurse,ICU,0,STF-a8c30e00,0
7,STF-188cd855,Evelyn Galvan,nurse,ICU,0,STF-a8c30e00,0
8,STF-188cd855,Evelyn Galvan,nurse,ICU,0,STF-a8c30e00,0
9,STF-188cd855,Evelyn Galvan,nurse,ICU,0,STF-a8c30e00,0
10,STF-188cd855,Evelyn Galvan,nurse,ICU,1,STF-a8c30e00,0
11,STF-188cd855,Evelyn Galvan,nurse,ICU,1,STF-a8c30e00,0
12,STF-188cd855,Evelyn Galvan,nurse,ICU,0,STF-a8c30e00,0
13,STF-188cd855,Evelyn Galvan,nurse,ICU,1,STF-a8c30e00,0
14,STF-188cd855,Evelyn Galvan,nurse,ICU,1,STF-a8c30e00,0
15,STF-188cd855,Evelyn Galvan,nurse,ICU,0,STF-a8c30e00,0
16,STF-188cd855,Evelyn Galvan,nurse,ICU,1,STF-a8c30e00,0
17,STF-188cd855,Evelyn Galvan,nurse,ICU,1,STF-a8c30e00,0
18,STF-188cd855,Evelyn Galvan,nurse,ICU,0,STF-a8c30e00,0
19,STF-188cd855,Evelyn Galvan,nurse,ICU,1,STF-a8c30e00,0
20,STF-188cd855,Evelyn Galvan,nurse,ICU,1,STF-a8c30e00,0
21,STF-188cd855,Evelyn Galvan,nurse,ICU,0,STF-a8c30e00,0
22,STF-188cd855,Evelyn Galvan,nurse,ICU,1,STF-a8c30e00,0
23,STF-188cd855,Evelyn Galvan,nurse,ICU,1,STF-a8c30e00,0
24,STF-188cd855,Evelyn Galvan,nurse,ICU,0,STF-a8c30e00,0
25,STF-188cd855,Evelyn Galvan,nurse,ICU,1,STF-a8c30e00,0
26,STF-188cd855,Evelyn Galvan,nurse,ICU,1,STF-a8c30e00,0
27,STF-188cd855,Evelyn Galvan,nurse,ICU,0,STF-a8c30e00,0
28,STF-188cd855,Evelyn Galvan,nurse,ICU,1,STF-a8c30e00,0
29,STF-188cd855,Evelyn Galvan,nurse,ICU,1,STF-a8c30e00,0
30,STF-188cd855,Evelyn Galvan,nurse,ICU,0,STF-a8c30e00,0
31,STF-188cd855,Evelyn Galvan,nurse,ICU,1,STF-a8c30e00,0
32,STF-188cd855,Evelyn Galvan,nurse,ICU,1,STF-a8c30e00,0
33,STF-188cd855,Evelyn Galvan,nurse,ICU,0,STF-a8c30e00,0
34,STF-188cd855,Evelyn Galvan,nurse,ICU,1,STF-a8c30e00,0
35,STF-188cd855,Evelyn Galvan,nurse,ICU,1,STF-a8c30e00,0
36,STF-188cd855,Evelyn Galvan,nurse,ICU,0,STF-a8c30e00,0
37,STF-188cd855,Evelyn Galvan,nurse,ICU,1,STF-a8c30e00,0
38,STF-188cd855,Evelyn Galvan,nurse,ICU,1,STF-a8c30e00,0
39,STF-188cd855,Evelyn Galvan,nurse,ICU,0,STF-a8c30e00,0
40,STF-188cd855,Evelyn Galvan,nurse,ICU,0,STF-a8c30e00,0
41,STF-188cd855,Evelyn Galvan,nurse,ICU,1,STF-a8c30e00,0
42,STF-188cd855,Evelyn Galvan,nurse,ICU,0,STF-a8c30e00,0
43,STF-188cd855,Evelyn Galvan,nurse,ICU,1,STF-a8c30e00,0
44,STF-188cd855,Evelyn Galvan,nurse,ICU,1,STF-a8c30e00,0
45,STF-188cd855,Evelyn Galvan,nurse,ICU,0,STF-a8c30e00,0
46,STF-188cd855,Evelyn Galvan,nurse,ICU,1,STF-a8c30e00,0
47,STF-188cd855,Evelyn Galvan,nurse,ICU,1,STF-a8c30e00,0
48,STF-188cd855,Evelyn Galvan,nurse,ICU,0,STF-a8c30e00,0
49,STF-188cd855,Evelyn Galvan,nurse,ICU,1,STF-a8c30e00,0
50,STF-188cd855,Evelyn Galvan,nurse,ICU,1,STF-a8c30e00,0
51,STF-188cd855,Evelyn Galvan,nurse,ICU,0,STF-a8c30e00,0
52,STF-188cd855,Evelyn Galvan,nurse,ICU,1,STF-a8c30e00,0
1,STF-d962d308,Sharon Cochran,nurse,ICU,1,STF-021fdf9f,0
2,STF-d962d308,Sharon Cochran,nurse,ICU,1,STF-021fdf9f,0
3,STF-d962d308,Sharon Cochran,nurse,ICU,0,STF-021fdf9f,0
4,STF-d962d308,Sharon Cochran,nurse,ICU,1,STF-021fdf9f,0
5,STF-d962d308,Sharon Cochran,nurse,ICU,1,STF-021fdf9f,0
6,STF-d962d308,Sharon Cochran,nurse,ICU,0,STF-021fdf9f,0
7,STF-d962d308,Sharon Cochran,nurse,ICU,1,STF-021fdf9f,0
8,STF-d962d308,Sharon Cochran,nurse,ICU,1,STF-021fdf9f,0
9,STF-d962d308,Sharon Cochran,nurse,ICU,0,STF-021fdf9f,0
10,STF-d962d308,Sharon Cochran,nurse,ICU,1,STF-021fdf9f,0
11,STF-d962d308,Sharon Cochran,nurse,ICU,1,STF-021fdf9f,0
12,STF-d962d308,Sharon Cochran,nurse,ICU,0,STF-021fdf9f,0
13,STF-d962d308,Sharon Cochran,nurse,ICU,1,STF-021fdf9f,0
14,STF-d962d308,Sharon Cochran,nurse,ICU,1,STF-021fdf9f,0
15,STF-d962d308,Sharon Cochran,nurse,ICU,0,STF-021fdf9f,0
16,STF-d962d308,Sharon Cochran,nurse,ICU,1,STF-021fdf9f,0
17,STF-d962d308,Sharon Cochran,nurse,ICU,1,STF-021fdf9f,0
18,STF-d962d308,Sharon Cochran,nurse,ICU,0,STF-021fdf9f,0
19,STF-d962d308,Sharon Cochran,nurse,ICU,1,STF-021fdf9f,0
20,STF-d962d308,Sharon Cochran,nurse,ICU,1,STF-021fdf9f,0
21,STF-d962d308,Sharon Cochran,nurse,ICU,0,STF-021fdf9f,0
22,STF-d962d308,Sharon Cochran,nurse,ICU,1,STF-021fdf9f,0
23,STF-d962d308,Sharon Cochran,nurse,ICU,1,STF-021fdf9f,0
24,STF-d962d308,Sharon Cochran,nurse,ICU,0,STF-021fdf9f,0
25,STF-d962d308,Sharon Cochran,nurse,ICU,0,STF-021fdf9f,0
26,STF-d962d308,Sharon Cochran,nurse,ICU,1,STF-021fdf9f,0
27,STF-d962d308,Sharon Cochran,nurse,ICU,0,STF-021fdf9f,0
28,STF-d962d308,Sharon Cochran,nurse,ICU,1,STF-021fdf9f,0
29,STF-d962d308,Sharon Cochran,nurse,ICU,1,STF-021fdf9f,0
30,STF-d962d308,Sharon Cochran,nurse,ICU,0,STF-021fdf9f,0
31,STF-d962d308,Sharon Cochran,nurse,ICU,1,STF-021fdf9f,0
32,STF-d962d308,Sharon Cochran,nurse,ICU,1,STF-021fdf9f,0
33,STF-d962d308,Sharon Cochran,nurse,ICU,0,STF-021fdf9f,0
34,STF-d962d308,Sharon Cochran,nurse,ICU,1,STF-021fdf9f,0
35,STF-d962d308,Sharon Cochran,nurse,ICU,1,STF-021fdf9f,0
36,STF-d962d308,Sharon Cochran,nurse,ICU,0,STF-021fdf9f,0
37,STF-d962d308,Sharon Cochran,nurse,ICU,1,STF-021fdf9f,0
38,STF-d962d308,Sharon Cochran,nurse,ICU,1,STF-021fdf9f,0
39,STF-d962d308,Sharon Cochran,nurse,ICU,0,STF-021fdf9f,0
40,STF-d962d308,Sharon Cochran,nurse,ICU,0,STF-021fdf9f,0
41,STF-d962d308,Sharon Cochran,nurse,ICU,0,STF-021fdf9f,0
42,STF-d962d308,Sharon Cochran,nurse,ICU,0,STF-021fdf9f,0
43,STF-d962d308,Sharon Cochran,nurse,ICU,1,STF-021fdf9f,0
44,STF-d962d308,Sharon Cochran,nurse,ICU,1,STF-021fdf9f,0
45,STF-d962d308,Sharon Cochran,nurse,ICU,0,STF-021fdf9f,0
46,STF-d962d308,Sharon Cochran,nurse,ICU,1,STF-021fdf9f,0
47,STF-d962d308,Sharon Cochran,nurse,ICU,1,STF-021fdf9f,0
48,STF-d962d308,Sharon Cochran,nurse,ICU,0,STF-021fdf9f,0
49,STF-d962d308,Sharon Cochran,nurse,ICU,1,STF-021fdf9f,0
50,STF-d962d308,Sharon Cochran,nurse,ICU,1,STF-021fdf9f,0
51,STF-d962d308,Sharon Cochran,nurse,ICU,0,STF-021fdf9f,0
52,STF-d962d308,Sharon Cochran,nurse,ICU,1,STF-021fdf9f,0
1,STF-052894a3,Richard Rodriguez,nurse,ICU,0,,1
2,STF-052894a3,Richard Rodriguez,nurse,ICU,1,,1
3,STF-052894a3,Richard Rodriguez,nurse,ICU,0,,1
4,STF-052894a3,Richard Rodriguez,nurse,ICU,0,,1
5,STF-052894a3,Richard Rodriguez,nurse,ICU,1,,1
6,STF-052894a3,Richard Rodriguez,nurse,ICU,0,,1
7,STF-052894a3,Richard Rodriguez,nurse,ICU,1,,1
8,STF-052894a3,Richard Rodriguez,nurse,ICU,1,,1
9,STF-052894a3,Richard Rodriguez,nurse,ICU,0,,1
10,STF-052894a3,Richard Rodriguez,nurse,ICU,1,,1
11,STF-052894a3,Richard Rodriguez,nurse,ICU,0,,1
12,STF-052894a3,Richard Rodriguez,nurse,ICU,0,,1
13,STF-052894a3,Richard Rodriguez,nurse,ICU,1,,1
14,STF-052894a3,Richard Rodriguez,nurse,ICU,1,,1
15,STF-052894a3,Richard Rodriguez,nurse,ICU,0,,1
16,STF-052894a3,Richard Rodriguez,nurse,ICU,1,,1
17,STF-052894a3,Richard Rodriguez,nurse,ICU,1,,1
18,STF-052894a3,Richard Rodriguez,nurse,ICU,0,,1
19,STF-052894a3,Richard Rodriguez,nurse,ICU,1,,1
20,STF-052894a3,Richard Rodriguez,nurse,ICU,0,,1
21,STF-052894a3,Richard Rodriguez,nurse,ICU,0,,1
22,STF-052894a3,Richard Rodriguez,nurse,ICU,1,,1
23,STF-052894a3,Richard Rodriguez,nurse,ICU,1,,1
24,STF-052894a3,Richard Rodriguez,nurse,ICU,0,,1
25,STF-052894a3,Richard Rodriguez,nurse,ICU,1,,1
26,STF-052894a3,Richard Rodriguez,nurse,ICU,1,,1
27,STF-052894a3,Richard Rodriguez,nurse,ICU,0,,1
28,STF-052894a3,Richard Rodriguez,nurse,ICU,0,,1
29,STF-052894a3,Richard Rodriguez,nurse,ICU,1,,1
30,STF-052894a3,Richard Rodriguez,nurse,ICU,0,,1
31,STF-052894a3,Richard Rodriguez,nurse,ICU,1,,1
32,STF-052894a3,Richard Rodriguez,nurse,ICU,1,,1
33,STF-052894a3,Richard Rodriguez,nurse,ICU,0,,1
34,STF-052894a3,Richard Rodriguez,nurse,ICU,1,,1
35,STF-052894a3,Richard Rodriguez,nurse,ICU,1,,1
36,STF-052894a3,Richard Rodriguez,nurse,ICU,0,,1
37,STF-052894a3,Richard Rodriguez,nurse,ICU,1,,1
38,STF-052894a3,Richard Rodriguez,nurse,ICU,1,,1
39,STF-052894a3,Richard Rodriguez,nurse,ICU,0,,1
40,STF-052894a3,Richard Rodriguez,nurse,ICU,1,,1
41,STF-052894a3,Richard Rodriguez,nurse,ICU,1,,1
42,STF-052894a3,Richard Rodriguez,nurse,ICU,0,,1
43,STF-052894a3,Richard Rodriguez,nurse,ICU,1,,1
44,STF-052894a3,Richard Rodriguez,nurse,ICU,1,,1
45,STF-052894a3,Richard Rodriguez,nurse,ICU,0,,1
46,STF-052894a3,Richard Rodriguez,nurse,ICU,1,,1
47,STF-052894a3,Richard Rodriguez,nurse,ICU,1,,1
48,STF-052894a3,Richard Rodriguez,nurse,ICU,0,,1
49,STF-052894a3,Richard Rodriguez,nurse,ICU,0,,1
50,STF-052894a3,Richard Rodriguez,nurse,ICU,1,,1
51,STF-052894a3,Richard Rodriguez,nurse,ICU,0,,1
52,STF-052894a3,Richard Rodriguez,nurse,ICU,1,,1
1,STF-e573be71,Shannon Walker,nurse,ICU,1,,1
2,STF-e573be71,Shannon Walker,nurse,ICU,1,,1
3,STF-e573be71,Shannon Walker,nurse,ICU,0,,1
4,STF-e573be71,Shannon Walker,nurse,ICU,1,,1
5,STF-e573be71,Shannon Walker,nurse,ICU,1,,1
6,STF-e573be71,Shannon Walker,nurse,ICU,0,,1
7,STF-e573be71,Shannon Walker,nurse,ICU,1,,1
8,STF-e573be71,Shannon Walker,nurse,ICU,1,,1
9,STF-e573be71,Shannon Walker,nurse,ICU,0,,1
10,STF-e573be71,Shannon Walker,nurse,ICU,1,,1
11,STF-e573be71,Shannon Walker,nurse,ICU,1,,1
12,STF-e573be71,Shannon Walker,nurse,ICU,0,,1
13,STF-e573be71,Shannon Walker,nurse,ICU,0,,1
14,STF-e573be71,Shannon Walker,nurse,ICU,1,,1
15,STF-e573be71,Shannon Walker,nurse,ICU,0,,1
16,STF-e573be71,Shannon Walker,nurse,ICU,1,,1
17,STF-e573be71,Shannon Walker,nurse,ICU,1,,1
18,STF-e573be71,Shannon Walker,nurse,ICU,0,,1
19,STF-e573be71,Shannon Walker,nurse,ICU,1,,1
20,STF-e573be71,Shannon Walker,nurse,ICU,1,,1
21,STF-e573be71,Shannon Walker,nurse,ICU,0,,1
22,STF-e573be71,Shannon Walker,nurse,ICU,1,,1
23,STF-e573be71,Shannon Walker,nurse,ICU,1,,1
24,STF-e573be71,Shannon Walker,nurse,ICU,0,,1
25,STF-e573be71,Shannon Walker,nurse,ICU,0,,1
26,STF-e573be71,Shannon Walker,nurse,ICU,1,,1
27,STF-e573be71,Shannon Walker,nurse,ICU,0,,1
28,STF-e573be71,Shannon Walker,nurse,ICU,1,,1
29,STF-e573be71,Shannon Walker,nurse,ICU,1,,1
30,STF-e573be71,Shannon Walker,nurse,ICU,0,,1
31,STF-e573be71,Shannon Walker,nurse,ICU,0,,1
32,STF-e573be71,Shannon Walker,nurse,ICU,1,,1
33,STF-e573be71,Shannon Walker,nurse,ICU,0,,1
34,STF-e573be71,Shannon Walker,nurse,ICU,1,,1
35,STF-e573be71,Shannon Walker,nurse,ICU,1,,1
36,STF-e573be71,Shannon Walker,nurse,ICU,0,,1
37,STF-e573be71,Shannon Walker,nurse,ICU,1,,1
38,STF-e573be71,Shannon Walker,nurse,ICU,1,,1
39,STF-e573be71,Shannon Walker,nurse,ICU,0,,1
40,STF-e573be71,Shannon Walker,nurse,ICU,1,,1
41,STF-e573be71,Shannon Walker,nurse,ICU,1,,1
42,STF-e573be71,Shannon Walker,nurse,ICU,0,,1
43,STF-e573be71,Shannon Walker,nurse,ICU,1,,1
44,STF-e573be71,Shannon Walker,nurse,ICU,1,,1
45,STF-e573be71,Shannon Walker,nurse,ICU,0,,1
46,STF-e573be71,Shannon Walker,nurse,ICU,0,,1
47,STF-e573be71,Shannon Walker,nurse,ICU,1,,1
48,STF-e573be71,Shannon Walker,nurse,ICU,0,,1
49,STF-e573be71,Shannon Walker,nurse,ICU,1,,1
50,STF-e573be71,Shannon Walker,nurse,ICU,1,,1
51,STF-e573be71,Shannon Walker,nurse,ICU,0,,1
52,STF-e573be71,Shannon Walker,nurse,ICU,1,,1
1,STF-97ee23c3,Julia Torres,nurse,ICU,1,,1
2,STF-97ee23c3,Julia Torres,nurse,ICU,1,,1
3,STF-97ee23c3,Julia Torres,nurse,ICU,0,,1
4,STF-97ee23c3,Julia Torres,nurse,ICU,1,,1
5,STF-97ee23c3,Julia Torres,nurse,ICU,1,,1
6,STF-97ee23c3,Julia Torres,nurse,ICU,0,,1
7,STF-97ee23c3,Julia Torres,nurse,ICU,1,,1
8,STF-97ee23c3,Julia Torres,nurse,ICU,1,,1
9,STF-97ee23c3,Julia Torres,nurse,ICU,0,,1
10,STF-97ee23c3,Julia Torres,nurse,ICU,0,,1
11,STF-97ee23c3,Julia Torres,nurse,ICU,1,,1
12,STF-97ee23c3,Julia Torres,nurse,ICU,0,,1
13,STF-97ee23c3,Julia Torres,nurse,ICU,1,,1
14,STF-97ee23c3,Julia Torres,nurse,ICU,1,,1
15,STF-97ee23c3,Julia Torres,nurse,ICU,0,,1
16,STF-97ee23c3,Julia Torres,nurse,ICU,0,,1
17,STF-97ee23c3,Julia Torres,nurse,ICU,1,,1
18,STF-97ee23c3,Julia Torres,nurse,ICU,0,,1
19,STF-97ee23c3,Julia Torres,nurse,ICU,1,,1
20,STF-97ee23c3,Julia Torres,nurse,ICU,1,,1
21,STF-97ee23c3,Julia Torres,nurse,ICU,0,,1
22,STF-97ee23c3,Julia Torres,nurse,ICU,1,,1
23,STF-97ee23c3,Julia Torres,nurse,ICU,1,,1
24,STF-97ee23c3,Julia Torres,nurse,ICU,0,,1
25,STF-97ee23c3,Julia Torres,nurse,ICU,1,,1
26,STF-97ee23c3,Julia Torres,nurse,ICU,1,,1
27,STF-97ee23c3,Julia Torres,nurse,ICU,0,,1
28,STF-97ee23c3,Julia Torres,nurse,ICU,1,,1
29,STF-97ee23c3,Julia Torres,nurse,ICU,1,,1
30,STF-97ee23c3,Julia Torres,nurse,ICU,0,,1
31,STF-97ee23c3,Julia Torres,nurse,ICU,1,,1
32,STF-97ee23c3,Julia Torres,nurse,ICU,1,,1
33,STF-97ee23c3,Julia Torres,nurse,ICU,0,,1
34,STF-97ee23c3,Julia Torres,nurse,ICU,1,,1
35,STF-97ee23c3,Julia Torres,nurse,ICU,1,,1
36,STF-97ee23c3,Julia Torres,nurse,ICU,0,,1
37,STF-97ee23c3,Julia Torres,nurse,ICU,0,,1
38,STF-97ee23c3,Julia Torres,nurse,ICU,1,,1
39,STF-97ee23c3,Julia Torres,nurse,ICU,0,,1
40,STF-97ee23c3,Julia Torres,nurse,ICU,1,,1
41,STF-97ee23c3,Julia Torres,nurse,ICU,1,,1
42,STF-97ee23c3,Julia Torres,nurse,ICU,0,,1
43,STF-97ee23c3,Julia Torres,nurse,ICU,1,,1
44,STF-97ee23c3,Julia Torres,nurse,ICU,1,,1
45,STF-97ee23c3,Julia Torres,nurse,ICU,0,,1
46,STF-97ee23c3,Julia Torres,nurse,ICU,1,,1
47,STF-97ee23c3,Julia Torres,nurse,ICU,1,,1
48,STF-97ee23c3,Julia Torres,nurse,ICU,0,,1
49,STF-97ee23c3,Julia Torres,nurse,ICU,1,,1
50,STF-97ee23c3,Julia Torres,nurse,ICU,1,,1
51,STF-97ee23c3,Julia Torres,nurse,ICU,0,,1
52,STF-97ee23c3,Julia Torres,nurse,ICU,1,,1
1,STF-cf9225db,Crystal Johnson,nurse,ICU,1,,1
2,STF-cf9225db,Crystal Johnson,nurse,ICU,1,,1
3,STF-cf9225db,Crystal Johnson,nurse,ICU,0,,1
4,STF-cf9225db,Crystal Johnson,nurse,ICU,0,,1
5,STF-cf9225db,Crystal Johnson,nurse,ICU,0,,1
6,STF-cf9225db,Crystal Johnson,nurse,ICU,0,,1
7,STF-cf9225db,Crystal Johnson,nurse,ICU,0,,1
8,STF-cf9225db,Crystal Johnson,nurse,ICU,1,,1
9,STF-cf9225db,Crystal Johnson,nurse,ICU,0,,1
10,STF-cf9225db,Crystal Johnson,nurse,ICU,1,,1
11,STF-cf9225db,Crystal Johnson,nurse,ICU,1,,1
12,STF-cf9225db,Crystal Johnson,nurse,ICU,0,,1
13,STF-cf9225db,Crystal Johnson,nurse,ICU,1,,1
14,STF-cf9225db,Crystal Johnson,nurse,ICU,1,,1
15,STF-cf9225db,Crystal Johnson,nurse,ICU,0,,1
16,STF-cf9225db,Crystal Johnson,nurse,ICU,1,,1
17,STF-cf9225db,Crystal Johnson,nurse,ICU,1,,1
18,STF-cf9225db,Crystal Johnson,nurse,ICU,0,,1
19,STF-cf9225db,Crystal Johnson,nurse,ICU,1,,1
20,STF-cf9225db,Crystal Johnson,nurse,ICU,1,,1
21,STF-cf9225db,Crystal Johnson,nurse,ICU,0,,1
22,STF-cf9225db,Crystal Johnson,nurse,ICU,1,,1
23,STF-cf9225db,Crystal Johnson,nurse,ICU,1,,1
24,STF-cf9225db,Crystal Johnson,nurse,ICU,0,,1
25,STF-cf9225db,Crystal Johnson,nurse,ICU,1,,1
26,STF-cf9225db,Crystal Johnson,nurse,ICU,1,,1
27,STF-cf9225db,Crystal Johnson,nurse,ICU,0,,1
28,STF-cf9225db,Crystal Johnson,nurse,ICU,1,,1
29,STF-cf9225db,Crystal Johnson,nurse,ICU,1,,1
30,STF-cf9225db,Crystal Johnson,nurse,ICU,0,,1
31,STF-cf9225db,Crystal Johnson,nurse,ICU,1,,1
32,STF-cf9225db,Crystal Johnson,nurse,ICU,1,,1
33,STF-cf9225db,Crystal Johnson,nurse,ICU,0,,1
34,STF-cf9225db,Crystal Johnson,nurse,ICU,1,,1
35,STF-cf9225db,Crystal Johnson,nurse,ICU,1,,1
36,STF-cf9225db,Crystal Johnson,nurse,ICU,0,,1
37,STF-cf9225db,Crystal Johnson,nurse,ICU,1,,1
38,STF-cf9225db,Crystal Johnson,nurse,ICU,1,,1
39,STF-cf9225db,Crystal Johnson,nurse,ICU,0,,1
40,STF-cf9225db,Crystal Johnson,nurse,ICU,0,,1
41,STF-cf9225db,Crystal Johnson,nurse,ICU,1,,1
42,STF-cf9225db,Crystal Johnson,nurse,ICU,0,,1
43,STF-cf9225db,Crystal Johnson,nurse,ICU,1,,1
44,STF-cf9225db,Crystal Johnson,nurse,ICU,1,,1
45,STF-cf9225db,Crystal Johnson,nurse,ICU,0,,1
46,STF-cf9225db,Crystal Johnson,nurse,ICU,1,,1
47,STF-cf9225db,Crystal Johnson,nurse,ICU,1,,1
48,STF-cf9225db,Crystal Johnson,nurse,ICU,0,,1
49,STF-cf9225db,Crystal Johnson,nurse,ICU,1,,1
50,STF-cf9225db,Crystal Johnson,nurse,ICU,1,,1
51,STF-cf9225db,Crystal Johnson,nurse,ICU,0,,1
52,STF-cf9225db,Crystal Johnson,nurse,ICU,1,,1
1,STF-abfdc900,Garrett Lin,nurse,ICU,1,,1
2,STF-abfdc900,Garrett Lin,nurse,ICU,1,,1
3,STF-abfdc900,Garrett Lin,nurse,ICU,0,,1
4,STF-abfdc900,Garrett Lin,nurse,ICU,1,,1
5,STF-abfdc900,Garrett Lin,nurse,ICU,1,,1
6,STF-abfdc900,Garrett Lin,nurse,ICU,0,,1
7,STF-abfdc900,Garrett Lin,nurse,ICU,1,,1
8,STF-abfdc900,Garrett Lin,nurse,ICU,0,,1
9,STF-abfdc900,Garrett Lin,nurse,ICU,0,,1
10,STF-abfdc900,Garrett Lin,nurse,ICU,1,,1
11,STF-abfdc900,Garrett Lin,nurse,ICU,1,,1
12,STF-abfdc900,Garrett Lin,nurse,ICU,0,,1
13,STF-abfdc900,Garrett Lin,nurse,ICU,1,,1
14,STF-abfdc900,Garrett Lin,nurse,ICU,1,,1
15,STF-abfdc900,Garrett Lin,nurse,ICU,0,,1
16,STF-abfdc900,Garrett Lin,nurse,ICU,1,,1
17,STF-abfdc900,Garrett Lin,nurse,ICU,1,,1
18,STF-abfdc900,Garrett Lin,nurse,ICU,0,,1
19,STF-abfdc900,Garrett Lin,nurse,ICU,1,,1
20,STF-abfdc900,Garrett Lin,nurse,ICU,1,,1
21,STF-abfdc900,Garrett Lin,nurse,ICU,0,,1
22,STF-abfdc900,Garrett Lin,nurse,ICU,0,,1
23,STF-abfdc900,Garrett Lin,nurse,ICU,1,,1
24,STF-abfdc900,Garrett Lin,nurse,ICU,0,,1
25,STF-abfdc900,Garrett Lin,nurse,ICU,0,,1
26,STF-abfdc900,Garrett Lin,nurse,ICU,1,,1
27,STF-abfdc900,Garrett Lin,nurse,ICU,0,,1
28,STF-abfdc900,Garrett Lin,nurse,ICU,1,,1
29,STF-abfdc900,Garrett Lin,nurse,ICU,1,,1
30,STF-abfdc900,Garrett Lin,nurse,ICU,0,,1
31,STF-abfdc900,Garrett Lin,nurse,ICU,1,,1
32,STF-abfdc900,Garrett Lin,nurse,ICU,1,,1
33,STF-abfdc900,Garrett Lin,nurse,ICU,0,,1
34,STF-abfdc900,Garrett Lin,nurse,ICU,1,,1
35,STF-abfdc900,Garrett Lin,nurse,ICU,1,,1
36,STF-abfdc900,Garrett Lin,nurse,ICU,0,,1
37,STF-abfdc900,Garrett Lin,nurse,ICU,0,,1
38,STF-abfdc900,Garrett Lin,nurse,ICU,1,,1
39,STF-abfdc900,Garrett Lin,nurse,ICU,0,,1
40,STF-abfdc900,Garrett Lin,nurse,ICU,1,,1
41,STF-abfdc900,Garrett Lin,nurse,ICU,1,,1
42,STF-abfdc900,Garrett Lin,nurse,ICU,0,,1
43,STF-abfdc900,Garrett Lin,nurse,ICU,1,,1
44,STF-abfdc900,Garrett Lin,nurse,ICU,1,,1
45,STF-abfdc900,Garrett Lin,nurse,ICU,0,,1
46,STF-abfdc900,Garrett Lin,nurse,ICU,1,,1
47,STF-abfdc900,Garrett Lin,nurse,ICU,1,,1
48,STF-abfdc900,Garrett Lin,nurse,ICU,0,,1
49,STF-abfdc900,Garrett Lin,nurse,ICU,1,,1
50,STF-abfdc900,Garrett Lin,nurse,ICU,1,,1
51,STF-abfdc900,Garrett Lin,nurse,ICU,0,,1
52,STF-abfdc900,Garrett Lin,nurse,ICU,1,,1
1,STF-836e90d0,Diana May,nurse,ICU,1,,1
2,STF-836e90d0,Diana May,nurse,ICU,1,,1
3,STF-836e90d0,Diana May,nurse,ICU,0,,1
4,STF-836e90d0,Diana May,nurse,ICU,1,,1
5,STF-836e90d0,Diana May,nurse,ICU,1,,1
6,STF-836e90d0,Diana May,nurse,ICU,0,,1
7,STF-836e90d0,Diana May,nurse,ICU,1,,1
8,STF-836e90d0,Diana May,nurse,ICU,0,,1
9,STF-836e90d0,Diana May,nurse,ICU,0,,1
10,STF-836e90d0,Diana May,nurse,ICU,1,,1
11,STF-836e90d0,Diana May,nurse,ICU,1,,1
12,STF-836e90d0,Diana May,nurse,ICU,0,,1
13,STF-836e90d0,Diana May,nurse,ICU,1,,1
14,STF-836e90d0,Diana May,nurse,ICU,1,,1
15,STF-836e90d0,Diana May,nurse,ICU,0,,1
16,STF-836e90d0,Diana May,nurse,ICU,1,,1
17,STF-836e90d0,Diana May,nurse,ICU,1,,1
18,STF-836e90d0,Diana May,nurse,ICU,0,,1
19,STF-836e90d0,Diana May,nurse,ICU,1,,1
20,STF-836e90d0,Diana May,nurse,ICU,1,,1
21,STF-836e90d0,Diana May,nurse,ICU,0,,1
22,STF-836e90d0,Diana May,nurse,ICU,1,,1
23,STF-836e90d0,Diana May,nurse,ICU,1,,1
24,STF-836e90d0,Diana May,nurse,ICU,0,,1
25,STF-836e90d0,Diana May,nurse,ICU,1,,1
26,STF-836e90d0,Diana May,nurse,ICU,1,,1
27,STF-836e90d0,Diana May,nurse,ICU,0,,1
28,STF-836e90d0,Diana May,nurse,ICU,1,,1
29,STF-836e90d0,Diana May,nurse,ICU,1,,1
30,STF-836e90d0,Diana May,nurse,ICU,0,,1
31,STF-836e90d0,Diana May,nurse,ICU,1,,1
32,STF-836e90d0,Diana May,nurse,ICU,1,,1
33,STF-836e90d0,Diana May,nurse,ICU,0,,1
34,STF-836e90d0,Diana May,nurse,ICU,1,,1
35,STF-836e90d0,Diana May,nurse,ICU,0,,1
36,STF-836e90d0,Diana May,nurse,ICU,0,,1
37,STF-836e90d0,Diana May,nurse,ICU,1,,1
38,STF-836e90d0,Diana May,nurse,ICU,1,,1
39,STF-836e90d0,Diana May,nurse,ICU,0,,1
40,STF-836e90d0,Diana May,nurse,ICU,0,,1
41,STF-836e90d0,Diana May,nurse,ICU,1,,1
42,STF-836e90d0,Diana May,nurse,ICU,0,,1
43,STF-836e90d0,Diana May,nurse,ICU,1,,1
44,STF-836e90d0,Diana May,nurse,ICU,1,,1
45,STF-836e90d0,Diana May,nurse,ICU,0,,1
46,STF-836e90d0,Diana May,nurse,ICU,0,,1
47,STF-836e90d0,Diana May,nurse,ICU,1,,1
48,STF-836e90d0,Diana May,nurse,ICU,0,,1
49,STF-836e90d0,Diana May,nurse,ICU,1,,1
50,STF-836e90d0,Diana May,nurse,ICU,1,,1
51,STF-836e90d0,Diana May,nurse,ICU,0,,1
52,STF-836e90d0,Diana May,nurse,ICU,1,,1
1,STF-05591498,William Herrera,nurse,ICU,1,,1
2,STF-05591498,William Herrera,nurse,ICU,1,,1
3,STF-05591498,William Herrera,nurse,ICU,0,,1
4,STF-05591498,William Herrera,nurse,ICU,0,,1
5,STF-05591498,William Herrera,nurse,ICU,1,,1
6,STF-05591498,William Herrera,nurse,ICU,0,,1
7,STF-05591498,William Herrera,nurse,ICU,1,,1
8,STF-05591498,William Herrera,nurse,ICU,1,,1
9,STF-05591498,William Herrera,nurse,ICU,0,,1
10,STF-05591498,William Herrera,nurse,ICU,1,,1
11,STF-05591498,William Herrera,nurse,ICU,1,,1
12,STF-05591498,William Herrera,nurse,ICU,0,,1
13,STF-05591498,William Herrera,nurse,ICU,1,,1
14,STF-05591498,William Herrera,nurse,ICU,1,,1
15,STF-05591498,William Herrera,nurse,ICU,0,,1
16,STF-05591498,William Herrera,nurse,ICU,1,,1
17,STF-05591498,William Herrera,nurse,ICU,0,,1
18,STF-05591498,William Herrera,nurse,ICU,0,,1
19,STF-05591498,William Herrera,nurse,ICU,1,,1
20,STF-05591498,William Herrera,nurse,ICU,1,,1
21,STF-05591498,William Herrera,nurse,ICU,0,,1
22,STF-05591498,William Herrera,nurse,ICU,1,,1
23,STF-05591498,William Herrera,nurse,ICU,1,,1
24,STF-05591498,William Herrera,nurse,ICU,0,,1
25,STF-05591498,William Herrera,nurse,ICU,1,,1
26,STF-05591498,William Herrera,nurse,ICU,1,,1
27,STF-05591498,William Herrera,nurse,ICU,0,,1
28,STF-05591498,William Herrera,nurse,ICU,1,,1
29,STF-05591498,William Herrera,nurse,ICU,1,,1
30,STF-05591498,William Herrera,nurse,ICU,0,,1
31,STF-05591498,William Herrera,nurse,ICU,1,,1
32,STF-05591498,William Herrera,nurse,ICU,1,,1
33,STF-05591498,William Herrera,nurse,ICU,0,,1
34,STF-05591498,William Herrera,nurse,ICU,1,,1
35,STF-05591498,William Herrera,nurse,ICU,1,,1
36,STF-05591498,William Herrera,nurse,ICU,0,,1
37,STF-05591498,William Herrera,nurse,ICU,0,,1
38,STF-05591498,William Herrera,nurse,ICU,1,,1
39,STF-05591498,William Herrera,nurse,ICU,0,,1
40,STF-05591498,William Herrera,nurse,ICU,1,,1
41,STF-05591498,William Herrera,nurse,ICU,1,,1
42,STF-05591498,William Herrera,nurse,ICU,0,,1
43,STF-05591498,William Herrera,nurse,ICU,1,,1
44,STF-05591498,William Herrera,nurse,ICU,1,,1
45,STF-05591498,William Herrera,nurse,ICU,0,,1
46,STF-05591498,William Herrera,nurse,ICU,1,,1
47,STF-05591498,William Herrera,nurse,ICU,1,,1
48,STF-05591498,William Herrera,nurse,ICU,0,,1
49,STF-05591498,William Herrera,nurse,ICU,1,,1
50,STF-05591498,William Herrera,nurse,ICU,1,,1
51,STF-05591498,William Herrera,nurse,ICU,0,,1
52,STF-05591498,William Herrera,nurse,ICU,0,,1
1,STF-4740993e,Ashley Waller,nursing_assistant,ICU,0,,1
2,STF-4740993e,Ashley Waller,nursing_assistant,ICU,1,,1
3,STF-4740993e,Ashley Waller,nursing_assistant,ICU,0,,1
4,STF-4740993e,Ashley Waller,nursing_assistant,ICU,1,,1
5,STF-4740993e,Ashley Waller,nursing_assistant,ICU,1,,1
6,STF-4740993e,Ashley Waller,nursing_assistant,ICU,0,,1
7,STF-4740993e,Ashley Waller,nursing_assistant,ICU,0,,1
8,STF-4740993e,Ashley Waller,nursing_assistant,ICU,1,,1
9,STF-4740993e,Ashley Waller,nursing_assistant,ICU,0,,1
10,STF-4740993e,Ashley Waller,nursing_assistant,ICU,1,,1
11,STF-4740993e,Ashley Waller,nursing_assistant,ICU,1,,1
12,STF-4740993e,Ashley Waller,nursing_assistant,ICU,0,,1
13,STF-4740993e,Ashley Waller,nursing_assistant,ICU,0,,1
14,STF-4740993e,Ashley Waller,nursing_assistant,ICU,1,,1
15,STF-4740993e,Ashley Waller,nursing_assistant,ICU,0,,1
16,STF-4740993e,Ashley Waller,nursing_assistant,ICU,1,,1
17,STF-4740993e,Ashley Waller,nursing_assistant,ICU,0,,1
18,STF-4740993e,Ashley Waller,nursing_assistant,ICU,0,,1
19,STF-4740993e,Ashley Waller,nursing_assistant,ICU,1,,1
20,STF-4740993e,Ashley Waller,nursing_assistant,ICU,1,,1
21,STF-4740993e,Ashley Waller,nursing_assistant,ICU,0,,1
22,STF-4740993e,Ashley Waller,nursing_assistant,ICU,1,,1
23,STF-4740993e,Ashley Waller,nursing_assistant,ICU,1,,1
24,STF-4740993e,Ashley Waller,nursing_assistant,ICU,0,,1
25,STF-4740993e,Ashley Waller,nursing_assistant,ICU,1,,1
26,STF-4740993e,Ashley Waller,nursing_assistant,ICU,1,,1
27,STF-4740993e,Ashley Waller,nursing_assistant,ICU,0,,1
28,STF-4740993e,Ashley Waller,nursing_assistant,ICU,1,,1
29,STF-4740993e,Ashley Waller,nursing_assistant,ICU,1,,1
30,STF-4740993e,Ashley Waller,nursing_assistant,ICU,0,,1
31,STF-4740993e,Ashley Waller,nursing_assistant,ICU,1,,1
32,STF-4740993e,Ashley Waller,nursing_assistant,ICU,1,,1
33,STF-4740993e,Ashley Waller,nursing_assistant,ICU,0,,1
34,STF-4740993e,Ashley Waller,nursing_assistant,ICU,1,,1
35,STF-4740993e,Ashley Waller,nursing_assistant,ICU,1,,1
36,STF-4740993e,Ashley Waller,nursing_assistant,ICU,0,,1
37,STF-4740993e,Ashley Waller,nursing_assistant,ICU,1,,1
38,STF-4740993e,Ashley Waller,nursing_assistant,ICU,1,,1
39,STF-4740993e,Ashley Waller,nursing_assistant,ICU,0,,1
40,STF-4740993e,Ashley Waller,nursing_assistant,ICU,1,,1
41,STF-4740993e,Ashley Waller,nursing_assistant,ICU,1,,1
42,STF-4740993e,Ashley Waller,nursing_assistant,ICU,0,,1
43,STF-4740993e,Ashley Waller,nursing_assistant,ICU,1,,1
44,STF-4740993e,Ashley Waller,nursing_assistant,ICU,1,,1
45,STF-4740993e,Ashley Waller,nursing_assistant,ICU,0,,1
46,STF-4740993e,Ashley Waller,nursing_assistant,ICU,1,,1
47,STF-4740993e,Ashley Waller,nursing_assistant,ICU,1,,1
48,STF-4740993e,Ashley Waller,nursing_assistant,ICU,0,,1
49,STF-4740993e,Ashley Waller,nursing_assistant,ICU,1,,1
50,STF-4740993e,Ashley Waller,nursing_assistant,ICU,1,,1
51,STF-4740993e,Ashley Waller,nursing_assistant,ICU,0,,1
52,STF-4740993e,Ashley Waller,nursing_assistant,ICU,1,,1
1,STF-ddd99f9e,Victor Baker,nursing_assistant,ICU,1,,1
2,STF-ddd99f9e,Victor Baker,nursing_assistant,ICU,1,,1
3,STF-ddd99f9e,Victor Baker,nursing_assistant,ICU,0,,1
4,STF-ddd99f9e,Victor Baker,nursing_assistant,ICU,1,,1
5,STF-ddd99f9e,Victor Baker,nursing_assistant,ICU,1,,1
6,STF-ddd99f9e,Victor Baker,nursing_assistant,ICU,0,,1
7,STF-ddd99f9e,Victor Baker,nursing_assistant,ICU,1,,1
8,STF-ddd99f9e,Victor Baker,nursing_assistant,ICU,0,,1
9,STF-ddd99f9e,Victor Baker,nursing_assistant,ICU,0,,1
10,STF-ddd99f9e,Victor Baker,nursing_assistant,ICU,1,,1
11,STF-ddd99f9e,Victor Baker,nursing_assistant,ICU,1,,1
12,STF-ddd99f9e,Victor Baker,nursing_assistant,ICU,0,,1
13,STF-ddd99f9e,Victor Baker,nursing_assistant,ICU,1,,1
14,STF-ddd99f9e,Victor Baker,nursing_assistant,ICU,1,,1
15,STF-ddd99f9e,Victor Baker,nursing_assistant,ICU,0,,1
16,STF-ddd99f9e,Victor Baker,nursing_assistant,ICU,1,,1
17,STF-ddd99f9e,Victor Baker,nursing_assistant,ICU,1,,1
18,STF-ddd99f9e,Victor Baker,nursing_assistant,ICU,0,,1
19,STF-ddd99f9e,Victor Baker,nursing_assistant,ICU,1,,1
20,STF-ddd99f9e,Victor Baker,nursing_assistant,ICU,1,,1
21,STF-ddd99f9e,Victor Baker,nursing_assistant,ICU,0,,1
22,STF-ddd99f9e,Victor Baker,nursing_assistant,ICU,1,,1
23,STF-ddd99f9e,Victor Baker,nursing_assistant,ICU,1,,1
24,STF-ddd99f9e,Victor Baker,nursing_assistant,ICU,0,,1
25,STF-ddd99f9e,Victor Baker,nursing_assistant,ICU,1,,1
26,STF-ddd99f9e,Victor Baker,nursing_assistant,ICU,1,,1
27,STF-ddd99f9e,Victor Baker,nursing_assistant,ICU,0,,1
28,STF-ddd99f9e,Victor Baker,nursing_assistant,ICU,1,,1
29,STF-ddd99f9e,Victor Baker,nursing_assistant,ICU,1,,1
30,STF-ddd99f9e,Victor Baker,nursing_assistant,ICU,0,,1
31,STF-ddd99f9e,Victor Baker,nursing_assistant,ICU,1,,1
32,STF-ddd99f9e,Victor Baker,nursing_assistant,ICU,1,,1
33,STF-ddd99f9e,Victor Baker,nursing_assistant,ICU,0,,1
34,STF-ddd99f9e,Victor Baker,nursing_assistant,ICU,0,,1
35,STF-ddd99f9e,Victor Baker,nursing_assistant,ICU,1,,1
36,STF-ddd99f9e,Victor Baker,nursing_assistant,ICU,0,,1
37,STF-ddd99f9e,Victor Baker,nursing_assistant,ICU,1,,1
38,STF-ddd99f9e,Victor Baker,nursing_assistant,ICU,1,,1
39,STF-ddd99f9e,Victor Baker,nursing_assistant,ICU,0,,1
40,STF-ddd99f9e,Victor Baker,nursing_assistant,ICU,1,,1
41,STF-ddd99f9e,Victor Baker,nursing_assistant,ICU,1,,1
42,STF-ddd99f9e,Victor Baker,nursing_assistant,ICU,0,,1
43,STF-ddd99f9e,Victor Baker,nursing_assistant,ICU,1,,1
44,STF-ddd99f9e,Victor Baker,nursing_assistant,ICU,1,,1
45,STF-ddd99f9e,Victor Baker,nursing_assistant,ICU,0,,1
46,STF-ddd99f9e,Victor Baker,nursing_assistant,ICU,1,,1
47,STF-ddd99f9e,Victor Baker,nursing_assistant,ICU,1,,1
48,STF-ddd99f9e,Victor Baker,nursing_assistant,ICU,0,,1
49,STF-ddd99f9e,Victor Baker,nursing_assistant,ICU,1,,1
50,STF-ddd99f9e,Victor Baker,nursing_assistant,ICU,1,,1
51,STF-ddd99f9e,Victor Baker,nursing_assistant,ICU,0,,1
52,STF-ddd99f9e,Victor Baker,nursing_assistant,ICU,1,,1
1,STF-4daae752,Jeffrey Chandler,nursing_assistant,ICU,1,,1
2,STF-4daae752,Jeffrey Chandler,nursing_assistant,ICU,1,,1
3,STF-4daae752,Jeffrey Chandler,nursing_assistant,ICU,0,,1
4,STF-4daae752,Jeffrey Chandler,nursing_assistant,ICU,1,,1
5,STF-4daae752,Jeffrey Chandler,nursing_assistant,ICU,1,,1
6,STF-4daae752,Jeffrey Chandler,nursing_assistant,ICU,0,,1
7,STF-4daae752,Jeffrey Chandler,nursing_assistant,ICU,1,,1
8,STF-4daae752,Jeffrey Chandler,nursing_assistant,ICU,1,,1
9,STF-4daae752,Jeffrey Chandler,nursing_assistant,ICU,0,,1
10,STF-4daae752,Jeffrey Chandler,nursing_assistant,ICU,1,,1
11,STF-4daae752,Jeffrey Chandler,nursing_assistant,ICU,1,,1
12,STF-4daae752,Jeffrey Chandler,nursing_assistant,ICU,0,,1
13,STF-4daae752,Jeffrey Chandler,nursing_assistant,ICU,0,,1
14,STF-4daae752,Jeffrey Chandler,nursing_assistant,ICU,1,,1
15,STF-4daae752,Jeffrey Chandler,nursing_assistant,ICU,0,,1
16,STF-4daae752,Jeffrey Chandler,nursing_assistant,ICU,1,,1
17,STF-4daae752,Jeffrey Chandler,nursing_assistant,ICU,0,,1
18,STF-4daae752,Jeffrey Chandler,nursing_assistant,ICU,0,,1
19,STF-4daae752,Jeffrey Chandler,nursing_assistant,ICU,1,,1
20,STF-4daae752,Jeffrey Chandler,nursing_assistant,ICU,1,,1
21,STF-4daae752,Jeffrey Chandler,nursing_assistant,ICU,0,,1
22,STF-4daae752,Jeffrey Chandler,nursing_assistant,ICU,1,,1
23,STF-4daae752,Jeffrey Chandler,nursing_assistant,ICU,1,,1
24,STF-4daae752,Jeffrey Chandler,nursing_assistant,ICU,0,,1
25,STF-4daae752,Jeffrey Chandler,nursing_assistant,ICU,1,,1
26,STF-4daae752,Jeffrey Chandler,nursing_assistant,ICU,1,,1
27,STF-4daae752,Jeffrey Chandler,nursing_assistant,ICU,0,,1
28,STF-4daae752,Jeffrey Chandler,nursing_assistant,ICU,1,,1
29,STF-4daae752,Jeffrey Chandler,nursing_assistant,ICU,1,,1
30,STF-4daae752,Jeffrey Chandler,nursing_assistant,ICU,0,,1
31,STF-4daae752,Jeffrey Chandler,nursing_assistant,ICU,1,,1
32,STF-4daae752,Jeffrey Chandler,nursing_assistant,ICU,1,,1
33,STF-4daae752,Jeffrey Chandler,nursing_assistant,ICU,0,,1
34,STF-4daae752,Jeffrey Chandler,nursing_assistant,ICU,1,,1
35,STF-4daae752,Jeffrey Chandler,nursing_assistant,ICU,0,,1
36,STF-4daae752,Jeffrey Chandler,nursing_assistant,ICU,0,,1
37,STF-4daae752,Jeffrey Chandler,nursing_assistant,ICU,1,,1
38,STF-4daae752,Jeffrey Chandler,nursing_assistant,ICU,1,,1
39,STF-4daae752,Jeffrey Chandler,nursing_assistant,ICU,0,,1
40,STF-4daae752,Jeffrey Chandler,nursing_assistant,ICU,1,,1
41,STF-4daae752,Jeffrey Chandler,nursing_assistant,ICU,1,,1
42,STF-4daae752,Jeffrey Chandler,nursing_assistant,ICU,0,,1
43,STF-4daae752,Jeffrey Chandler,nursing_assistant,ICU,1,,1
44,STF-4daae752,Jeffrey Chandler,nursing_assistant,ICU,1,,1
45,STF-4daae752,Jeffrey Chandler,nursing_assistant,ICU,0,,1
46,STF-4daae752,Jeffrey Chandler,nursing_assistant,ICU,1,,1
47,STF-4daae752,Jeffrey Chandler,nursing_assistant,ICU,1,,1
48,STF-4daae752,Jeffrey Chandler,nursing_assistant,ICU,0,,1
49,STF-4daae752,Jeffrey Chandler,nursing_assistant,ICU,1,,1
50,STF-4daae752,Jeffrey Chandler,nursing_assistant,ICU,1,,1
51,STF-4daae752,Jeffrey Chandler,nursing_assistant,ICU,0,,1
52,STF-4daae752,Jeffrey Chandler,nursing_assistant,ICU,1,,1
1,STF-b00ed3e2,Larry Dixon,nursing_assistant,ICU,1,,1
2,STF-b00ed3e2,Larry Dixon,nursing_assistant,ICU,1,,1
3,STF-b00ed3e2,Larry Dixon,nursing_assistant,ICU,0,,1
4,STF-b00ed3e2,Larry Dixon,nursing_assistant,ICU,1,,1
5,STF-b00ed3e2,Larry Dixon,nursing_assistant,ICU,1,,1
6,STF-b00ed3e2,Larry Dixon,nursing_assistant,ICU,0,,1
7,STF-b00ed3e2,Larry Dixon,nursing_assistant,ICU,1,,1
8,STF-b00ed3e2,Larry Dixon,nursing_assistant,ICU,1,,1
9,STF-b00ed3e2,Larry Dixon,nursing_assistant,ICU,0,,1
10,STF-b00ed3e2,Larry Dixon,nursing_assistant,ICU,1,,1
11,STF-b00ed3e2,Larry Dixon,nursing_assistant,ICU,1,,1
12,STF-b00ed3e2,Larry Dixon,nursing_assistant,ICU,0,,1
13,STF-b00ed3e2,Larry Dixon,nursing_assistant,ICU,1,,1
14,STF-b00ed3e2,Larry Dixon,nursing_assistant,ICU,1,,1
15,STF-b00ed3e2,Larry Dixon,nursing_assistant,ICU,0,,1
16,STF-b00ed3e2,Larry Dixon,nursing_assistant,ICU,1,,1
17,STF-b00ed3e2,Larry Dixon,nursing_assistant,ICU,1,,1
18,STF-b00ed3e2,Larry Dixon,nursing_assistant,ICU,0,,1
19,STF-b00ed3e2,Larry Dixon,nursing_assistant,ICU,1,,1
20,STF-b00ed3e2,Larry Dixon,nursing_assistant,ICU,1,,1
21,STF-b00ed3e2,Larry Dixon,nursing_assistant,ICU,0,,1
22,STF-b00ed3e2,Larry Dixon,nursing_assistant,ICU,1,,1
23,STF-b00ed3e2,Larry Dixon,nursing_assistant,ICU,1,,1
24,STF-b00ed3e2,Larry Dixon,nursing_assistant,ICU,0,,1
25,STF-b00ed3e2,Larry Dixon,nursing_assistant,ICU,1,,1
26,STF-b00ed3e2,Larry Dixon,nursing_assistant,ICU,1,,1
27,STF-b00ed3e2,Larry Dixon,nursing_assistant,ICU,0,,1
28,STF-b00ed3e2,Larry Dixon,nursing_assistant,ICU,0,,1
29,STF-b00ed3e2,Larry Dixon,nursing_assistant,ICU,1,,1
30,STF-b00ed3e2,Larry Dixon,nursing_assistant,ICU,0,,1
31,STF-b00ed3e2,Larry Dixon,nursing_assistant,ICU,1,,1
32,STF-b00ed3e2,Larry Dixon,nursing_assistant,ICU,1,,1
33,STF-b00ed3e2,Larry Dixon,nursing_assistant,ICU,0,,1
34,STF-b00ed3e2,Larry Dixon,nursing_assistant,ICU,1,,1
35,STF-b00ed3e2,Larry Dixon,nursing_assistant,ICU,1,,1
36,STF-b00ed3e2,Larry Dixon,nursing_assistant,ICU,0,,1
37,STF-b00ed3e2,Larry Dixon,nursing_assistant,ICU,0,,1
38,STF-b00ed3e2,Larry Dixon,nursing_assistant,ICU,1,,1
39,STF-b00ed3e2,Larry Dixon,nursing_assistant,ICU,0,,1
40,STF-b00ed3e2,Larry Dixon,nursing_assistant,ICU,0,,1
41,STF-b00ed3e2,Larry Dixon,nursing_assistant,ICU,1,,1
42,STF-b00ed3e2,Larry Dixon,nursing_assistant,ICU,0,,1
43,STF-b00ed3e2,Larry Dixon,nursing_assistant,ICU,1,,1
44,STF-b00ed3e2,Larry Dixon,nursing_assistant,ICU,1,,1
45,STF-b00ed3e2,Larry Dixon,nursing_assistant,ICU,0,,1
46,STF-b00ed3e2,Larry Dixon,nursing_assistant,ICU,1,,1
47,STF-b00ed3e2,Larry Dixon,nursing_assistant,ICU,1,,1
48,STF-b00ed3e2,Larry Dixon,nursing_assistant,ICU,0,,1
49,STF-b00ed3e2,Larry Dixon,nursing_assistant,ICU,1,,1
50,STF-b00ed3e2,Larry Dixon,nursing_assistant,ICU,1,,1
51,STF-b00ed3e2,Larry Dixon,nursing_assistant,ICU,0,,1
52,STF-b00ed3e2,Larry Dixon,nursing_assistant,ICU,1,,1
1,STF-e983db1d,Kenneth Scott,nursing_assistant,ICU,1,,1
2,STF-e983db1d,Kenneth Scott,nursing_assistant,ICU,1,,1
3,STF-e983db1d,Kenneth Scott,nursing_assistant,ICU,0,,1
4,STF-e983db1d,Kenneth Scott,nursing_assistant,ICU,1,,1
5,STF-e983db1d,Kenneth Scott,nursing_assistant,ICU,1,,1
6,STF-e983db1d,Kenneth Scott,nursing_assistant,ICU,0,,1
7,STF-e983db1d,Kenneth Scott,nursing_assistant,ICU,1,,1
8,STF-e983db1d,Kenneth Scott,nursing_assistant,ICU,1,,1
9,STF-e983db1d,Kenneth Scott,nursing_assistant,ICU,0,,1
10,STF-e983db1d,Kenneth Scott,nursing_assistant,ICU,1,,1
11,STF-e983db1d,Kenneth Scott,nursing_assistant,ICU,1,,1
12,STF-e983db1d,Kenneth Scott,nursing_assistant,ICU,0,,1
13,STF-e983db1d,Kenneth Scott,nursing_assistant,ICU,1,,1
14,STF-e983db1d,Kenneth Scott,nursing_assistant,ICU,1,,1
15,STF-e983db1d,Kenneth Scott,nursing_assistant,ICU,0,,1
16,STF-e983db1d,Kenneth Scott,nursing_assistant,ICU,1,,1
17,STF-e983db1d,Kenneth Scott,nursing_assistant,ICU,1,,1
18,STF-e983db1d,Kenneth Scott,nursing_assistant,ICU,0,,1
19,STF-e983db1d,Kenneth Scott,nursing_assistant,ICU,1,,1
20,STF-e983db1d,Kenneth Scott,nursing_assistant,ICU,1,,1
21,STF-e983db1d,Kenneth Scott,nursing_assistant,ICU,0,,1
22,STF-e983db1d,Kenneth Scott,nursing_assistant,ICU,1,,1
23,STF-e983db1d,Kenneth Scott,nursing_assistant,ICU,1,,1
24,STF-e983db1d,Kenneth Scott,nursing_assistant,ICU,0,,1
25,STF-e983db1d,Kenneth Scott,nursing_assistant,ICU,1,,1
26,STF-e983db1d,Kenneth Scott,nursing_assistant,ICU,1,,1
27,STF-e983db1d,Kenneth Scott,nursing_assistant,ICU,0,,1
28,STF-e983db1d,Kenneth Scott,nursing_assistant,ICU,1,,1
29,STF-e983db1d,Kenneth Scott,nursing_assistant,ICU,1,,1
30,STF-e983db1d,Kenneth Scott,nursing_assistant,ICU,0,,1
31,STF-e983db1d,Kenneth Scott,nursing_assistant,ICU,0,,1
32,STF-e983db1d,Kenneth Scott,nursing_assistant,ICU,1,,1
33,STF-e983db1d,Kenneth Scott,nursing_assistant,ICU,0,,1
34,STF-e983db1d,Kenneth Scott,nursing_assistant,ICU,1,,1
35,STF-e983db1d,Kenneth Scott,nursing_assistant,ICU,1,,1
36,STF-e983db1d,Kenneth Scott,nursing_assistant,ICU,0,,1
37,STF-e983db1d,Kenneth Scott,nursing_assistant,ICU,1,,1
38,STF-e983db1d,Kenneth Scott,nursing_assistant,ICU,1,,1
39,STF-e983db1d,Kenneth Scott,nursing_assistant,ICU,0,,1
40,STF-e983db1d,Kenneth Scott,nursing_assistant,ICU,1,,1
41,STF-e983db1d,Kenneth Scott,nursing_assistant,ICU,1,,1
42,STF-e983db1d,Kenneth Scott,nursing_assistant,ICU,0,,1
43,STF-e983db1d,Kenneth Scott,nursing_assistant,ICU,1,,1
44,STF-e983db1d,Kenneth Scott,nursing_assistant,ICU,1,,1
45,STF-e983db1d,Kenneth Scott,nursing_assistant,ICU,0,,1
46,STF-e983db1d,Kenneth Scott,nursing_assistant,ICU,1,,1
47,STF-e983db1d,Kenneth Scott,nursing_assistant,ICU,1,,1
48,STF-e983db1d,Kenneth Scott,nursing_assistant,ICU,0,,1
49,STF-e983db1d,Kenneth Scott,nursing_assistant,ICU,1,,1
50,STF-e983db1d,Kenneth Scott,nursing_assistant,ICU,1,,1
51,STF-e983db1d,Kenneth Scott,nursing_assistant,ICU,0,,1
52,STF-e983db1d,Kenneth Scott,nursing_assistant,ICU,0,,1
1,STF-6a7114cb,April Frost,nursing_assistant,ICU,1,,1
2,STF-6a7114cb,April Frost,nursing_assistant,ICU,0,,1
3,STF-6a7114cb,April Frost,nursing_assistant,ICU,0,,1
4,STF-6a7114cb,April Frost,nursing_assistant,ICU,1,,1
5,STF-6a7114cb,April Frost,nursing_assistant,ICU,1,,1
6,STF-6a7114cb,April Frost,nursing_assistant,ICU,0,,1
7,STF-6a7114cb,April Frost,nursing_assistant,ICU,1,,1
8,STF-6a7114cb,April Frost,nursing_assistant,ICU,1,,1
9,STF-6a7114cb,April Frost,nursing_assistant,ICU,0,,1
10,STF-6a7114cb,April Frost,nursing_assistant,ICU,1,,1
11,STF-6a7114cb,April Frost,nursing_assistant,ICU,1,,1
12,STF-6a7114cb,April Frost,nursing_assistant,ICU,0,,1
13,STF-6a7114cb,April Frost,nursing_assistant,ICU,1,,1
14,STF-6a7114cb,April Frost,nursing_assistant,ICU,1,,1
15,STF-6a7114cb,April Frost,nursing_assistant,ICU,0,,1
16,STF-6a7114cb,April Frost,nursing_assistant,ICU,1,,1
17,STF-6a7114cb,April Frost,nursing_assistant,ICU,1,,1
18,STF-6a7114cb,April Frost,nursing_assistant,ICU,0,,1
19,STF-6a7114cb,April Frost,nursing_assistant,ICU,1,,1
20,STF-6a7114cb,April Frost,nursing_assistant,ICU,1,,1
21,STF-6a7114cb,April Frost,nursing_assistant,ICU,0,,1
22,STF-6a7114cb,April Frost,nursing_assistant,ICU,1,,1
23,STF-6a7114cb,April Frost,nursing_assistant,ICU,1,,1
24,STF-6a7114cb,April Frost,nursing_assistant,ICU,0,,1
25,STF-6a7114cb,April Frost,nursing_assistant,ICU,1,,1
26,STF-6a7114cb,April Frost,nursing_assistant,ICU,1,,1
27,STF-6a7114cb,April Frost,nursing_assistant,ICU,0,,1
28,STF-6a7114cb,April Frost,nursing_assistant,ICU,1,,1
29,STF-6a7114cb,April Frost,nursing_assistant,ICU,1,,1
30,STF-6a7114cb,April Frost,nursing_assistant,ICU,0,,1
31,STF-6a7114cb,April Frost,nursing_assistant,ICU,1,,1
32,STF-6a7114cb,April Frost,nursing_assistant,ICU,0,,1
33,STF-6a7114cb,April Frost,nursing_assistant,ICU,0,,1
34,STF-6a7114cb,April Frost,nursing_assistant,ICU,1,,1
35,STF-6a7114cb,April Frost,nursing_assistant,ICU,1,,1
36,STF-6a7114cb,April Frost,nursing_assistant,ICU,0,,1
37,STF-6a7114cb,April Frost,nursing_assistant,ICU,1,,1
38,STF-6a7114cb,April Frost,nursing_assistant,ICU,1,,1
39,STF-6a7114cb,April Frost,nursing_assistant,ICU,0,,1
40,STF-6a7114cb,April Frost,nursing_assistant,ICU,1,,1
41,STF-6a7114cb,April Frost,nursing_assistant,ICU,1,,1
42,STF-6a7114cb,April Frost,nursing_assistant,ICU,0,,1
43,STF-6a7114cb,April Frost,nursing_assistant,ICU,1,,1
44,STF-6a7114cb,April Frost,nursing_assistant,ICU,1,,1
45,STF-6a7114cb,April Frost,nursing_assistant,ICU,0,,1
46,STF-6a7114cb,April Frost,nursing_assistant,ICU,0,,1
47,STF-6a7114cb,April Frost,nursing_assistant,ICU,1,,1
48,STF-6a7114cb,April Frost,nursing_assistant,ICU,0,,1
49,STF-6a7114cb,April Frost,nursing_assistant,ICU,1,,1
50,STF-6a7114cb,April Frost,nursing_assistant,ICU,0,,1
51,STF-6a7114cb,April Frost,nursing_assistant,ICU,0,,1
52,STF-6a7114cb,April Frost,nursing_assistant,ICU,1,,1
1,STF-9da1bed5,Michelle Harmon,nursing_assistant,ICU,1,,1
2,STF-9da1bed5,Michelle Harmon,nursing_assistant,ICU,0,,1
3,STF-9da1bed5,Michelle Harmon,nursing_assistant,ICU,0,,1
4,STF-9da1bed5,Michelle Harmon,nursing_assistant,ICU,0,,1
5,STF-9da1bed5,Michelle Harmon,nursing_assistant,ICU,1,,1
6,STF-9da1bed5,Michelle Harmon,nursing_assistant,ICU,0,,1
7,STF-9da1bed5,Michelle Harmon,nursing_assistant,ICU,1,,1
8,STF-9da1bed5,Michelle Harmon,nursing_assistant,ICU,1,,1
9,STF-9da1bed5,Michelle Harmon,nursing_assistant,ICU,0,,1
10,STF-9da1bed5,Michelle Harmon,nursing_assistant,ICU,1,,1
11,STF-9da1bed5,Michelle Harmon,nursing_assistant,ICU,1,,1
12,STF-9da1bed5,Michelle Harmon,nursing_assistant,ICU,0,,1
13,STF-9da1bed5,Michelle Harmon,nursing_assistant,ICU,0,,1
14,STF-9da1bed5,Michelle Harmon,nursing_assistant,ICU,1,,1
15,STF-9da1bed5,Michelle Harmon,nursing_assistant,ICU,0,,1
16,STF-9da1bed5,Michelle Harmon,nursing_assistant,ICU,1,,1
17,STF-9da1bed5,Michelle Harmon,nursing_assistant,ICU,1,,1
18,STF-9da1bed5,Michelle Harmon,nursing_assistant,ICU,0,,1
19,STF-9da1bed5,Michelle Harmon,nursing_assistant,ICU,1,,1
20,STF-9da1bed5,Michelle Harmon,nursing_assistant,ICU,1,,1
21,STF-9da1bed5,Michelle Harmon,nursing_assistant,ICU,0,,1
22,STF-9da1bed5,Michelle Harmon,nursing_assistant,ICU,1,,1
23,STF-9da1bed5,Michelle Harmon,nursing_assistant,ICU,1,,1
24,STF-9da1bed5,Michelle Harmon,nursing_assistant,ICU,0,,1
25,STF-9da1bed5,Michelle Harmon,nursing_assistant,ICU,1,,1
26,STF-9da1bed5,Michelle Harmon,nursing_assistant,ICU,1,,1
27,STF-9da1bed5,Michelle Harmon,nursing_assistant,ICU,0,,1
28,STF-9da1bed5,Michelle Harmon,nursing_assistant,ICU,1,,1
29,STF-9da1bed5,Michelle Harmon,nursing_assistant,ICU,1,,1
30,STF-9da1bed5,Michelle Harmon,nursing_assistant,ICU,0,,1
31,STF-9da1bed5,Michelle Harmon,nursing_assistant,ICU,1,,1
32,STF-9da1bed5,Michelle Harmon,nursing_assistant,ICU,1,,1
33,STF-9da1bed5,Michelle Harmon,nursing_assistant,ICU,0,,1
34,STF-9da1bed5,Michelle Harmon,nursing_assistant,ICU,1,,1
35,STF-9da1bed5,Michelle Harmon,nursing_assistant,ICU,1,,1
36,STF-9da1bed5,Michelle Harmon,nursing_assistant,ICU,0,,1
37,STF-9da1bed5,Michelle Harmon,nursing_assistant,ICU,1,,1
38,STF-9da1bed5,Michelle Harmon,nursing_assistant,ICU,1,,1
39,STF-9da1bed5,Michelle Harmon,nursing_assistant,ICU,0,,1
40,STF-9da1bed5,Michelle Harmon,nursing_assistant,ICU,1,,1
41,STF-9da1bed5,Michelle Harmon,nursing_assistant,ICU,1,,1
42,STF-9da1bed5,Michelle Harmon,nursing_assistant,ICU,0,,1
43,STF-9da1bed5,Michelle Harmon,nursing_assistant,ICU,1,,1
44,STF-9da1bed5,Michelle Harmon,nursing_assistant,ICU,1,,1
45,STF-9da1bed5,Michelle Harmon,nursing_assistant,ICU,0,,1
46,STF-9da1bed5,Michelle Harmon,nursing_assistant,ICU,1,,1
47,STF-9da1bed5,Michelle Harmon,nursing_assistant,ICU,1,,1
48,STF-9da1bed5,Michelle Harmon,nursing_assistant,ICU,0,,1
49,STF-9da1bed5,Michelle Harmon,nursing_assistant,ICU,1,,1
50,STF-9da1bed5,Michelle Harmon,nursing_assistant,ICU,1,,1
51,STF-9da1bed5,Michelle Harmon,nursing_assistant,ICU,0,,1
52,STF-9da1bed5,Michelle Harmon,nursing_assistant,ICU,0,,1
1,STF-669a95d5,Helen Jones,nursing_assistant,ICU,1,,1
2,STF-669a95d5,Helen Jones,nursing_assistant,ICU,1,,1
3,STF-669a95d5,Helen Jones,nursing_assistant,ICU,0,,1
4,STF-669a95d5,Helen Jones,nursing_assistant,ICU,1,,1
5,STF-669a95d5,Helen Jones,nursing_assistant,ICU,0,,1
6,STF-669a95d5,Helen Jones,nursing_assistant,ICU,0,,1
7,STF-669a95d5,Helen Jones,nursing_assistant,ICU,1,,1
8,STF-669a95d5,Helen Jones,nursing_assistant,ICU,1,,1
9,STF-669a95d5,Helen Jones,nursing_assistant,ICU,0,,1
10,STF-669a95d5,Helen Jones,nursing_assistant,ICU,1,,1
11,STF-669a95d5,Helen Jones,nursing_assistant,ICU,1,,1
12,STF-669a95d5,Helen Jones,nursing_assistant,ICU,0,,1
13,STF-669a95d5,Helen Jones,nursing_assistant,ICU,0,,1
14,STF-669a95d5,Helen Jones,nursing_assistant,ICU,1,,1
15,STF-669a95d5,Helen Jones,nursing_assistant,ICU,0,,1
16,STF-669a95d5,Helen Jones,nursing_assistant,ICU,1,,1
17,STF-669a95d5,Helen Jones,nursing_assistant,ICU,1,,1
18,STF-669a95d5,Helen Jones,nursing_assistant,ICU,0,,1
19,STF-669a95d5,Helen Jones,nursing_assistant,ICU,1,,1
20,STF-669a95d5,Helen Jones,nursing_assistant,ICU,1,,1
21,STF-669a95d5,Helen Jones,nursing_assistant,ICU,0,,1
22,STF-669a95d5,Helen Jones,nursing_assistant,ICU,1,,1
23,STF-669a95d5,Helen Jones,nursing_assistant,ICU,0,,1
24,STF-669a95d5,Helen Jones,nursing_assistant,ICU,0,,1
25,STF-669a95d5,Helen Jones,nursing_assistant,ICU,1,,1
26,STF-669a95d5,Helen Jones,nursing_assistant,ICU,1,,1
27,STF-669a95d5,Helen Jones,nursing_assistant,ICU,0,,1
28,STF-669a95d5,Helen Jones,nursing_assistant,ICU,1,,1
29,STF-669a95d5,Helen Jones,nursing_assistant,ICU,1,,1
30,STF-669a95d5,Helen Jones,nursing_assistant,ICU,0,,1
31,STF-669a95d5,Helen Jones,nursing_assistant,ICU,1,,1
32,STF-669a95d5,Helen Jones,nursing_assistant,ICU,1,,1
33,STF-669a95d5,Helen Jones,nursing_assistant,ICU,0,,1
34,STF-669a95d5,Helen Jones,nursing_assistant,ICU,1,,1
35,STF-669a95d5,Helen Jones,nursing_assistant,ICU,1,,1
36,STF-669a95d5,Helen Jones,nursing_assistant,ICU,0,,1
37,STF-669a95d5,Helen Jones,nursing_assistant,ICU,1,,1
38,STF-669a95d5,Helen Jones,nursing_assistant,ICU,0,,1
39,STF-669a95d5,Helen Jones,nursing_assistant,ICU,0,,1
40,STF-669a95d5,Helen Jones,nursing_assistant,ICU,1,,1
41,STF-669a95d5,Helen Jones,nursing_assistant,ICU,1,,1
42,STF-669a95d5,Helen Jones,nursing_assistant,ICU,0,,1
43,STF-669a95d5,Helen Jones,nursing_assistant,ICU,1,,1
44,STF-669a95d5,Helen Jones,nursing_assistant,ICU,1,,1
45,STF-669a95d5,Helen Jones,nursing_assistant,ICU,0,,1
46,STF-669a95d5,Helen Jones,nursing_assistant,ICU,1,,1
47,STF-669a95d5,Helen Jones,nursing_assistant,ICU,0,,1
48,STF-669a95d5,Helen Jones,nursing_assistant,ICU,0,,1
49,STF-669a95d5,Helen Jones,nursing_assistant,ICU,1,,1
50,STF-669a95d5,Helen Jones,nursing_assistant,ICU,1,,1
51,STF-669a95d5,Helen Jones,nursing_assistant,ICU,0,,1
52,STF-669a95d5,Helen Jones,nursing_assistant,ICU,0,,1
1,STF-302eb752,Erin Edwards,nursing_assistant,ICU,1,,1
2,STF-302eb752,Erin Edwards,nursing_assistant,ICU,1,,1
3,STF-302eb752,Erin Edwards,nursing_assistant,ICU,0,,1
4,STF-302eb752,Erin Edwards,nursing_assistant,ICU,1,,1
5,STF-302eb752,Erin Edwards,nursing_assistant,ICU,1,,1
6,STF-302eb752,Erin Edwards,nursing_assistant,ICU,0,,1
7,STF-302eb752,Erin Edwards,nursing_assistant,ICU,1,,1
8,STF-302eb752,Erin Edwards,nursing_assistant,ICU,1,,1
9,STF-302eb752,Erin Edwards,nursing_assistant,ICU,0,,1
10,STF-302eb752,Erin Edwards,nursing_assistant,ICU,0,,1
11,STF-302eb752,Erin Edwards,nursing_assistant,ICU,1,,1
12,STF-302eb752,Erin Edwards,nursing_assistant,ICU,0,,1
13,STF-302eb752,Erin Edwards,nursing_assistant,ICU,1,,1
14,STF-302eb752,Erin Edwards,nursing_assistant,ICU,1,,1
15,STF-302eb752,Erin Edwards,nursing_assistant,ICU,0,,1
16,STF-302eb752,Erin Edwards,nursing_assistant,ICU,1,,1
17,STF-302eb752,Erin Edwards,nursing_assistant,ICU,1,,1
18,STF-302eb752,Erin Edwards,nursing_assistant,ICU,0,,1
19,STF-302eb752,Erin Edwards,nursing_assistant,ICU,1,,1
20,STF-302eb752,Erin Edwards,nursing_assistant,ICU,1,,1
21,STF-302eb752,Erin Edwards,nursing_assistant,ICU,0,,1
22,STF-302eb752,Erin Edwards,nursing_assistant,ICU,1,,1
23,STF-302eb752,Erin Edwards,nursing_assistant,ICU,1,,1
24,STF-302eb752,Erin Edwards,nursing_assistant,ICU,0,,1
25,STF-302eb752,Erin Edwards,nursing_assistant,ICU,0,,1
26,STF-302eb752,Erin Edwards,nursing_assistant,ICU,1,,1
27,STF-302eb752,Erin Edwards,nursing_assistant,ICU,0,,1
28,STF-302eb752,Erin Edwards,nursing_assistant,ICU,1,,1
29,STF-302eb752,Erin Edwards,nursing_assistant,ICU,1,,1
30,STF-302eb752,Erin Edwards,nursing_assistant,ICU,0,,1
31,STF-302eb752,Erin Edwards,nursing_assistant,ICU,1,,1
32,STF-302eb752,Erin Edwards,nursing_assistant,ICU,0,,1
33,STF-302eb752,Erin Edwards,nursing_assistant,ICU,0,,1
34,STF-302eb752,Erin Edwards,nursing_assistant,ICU,1,,1
35,STF-302eb752,Erin Edwards,nursing_assistant,ICU,1,,1
36,STF-302eb752,Erin Edwards,nursing_assistant,ICU,0,,1
37,STF-302eb752,Erin Edwards,nursing_assistant,ICU,1,,1
38,STF-302eb752,Erin Edwards,nursing_assistant,ICU,1,,1
39,STF-302eb752,Erin Edwards,nursing_assistant,ICU,0,,1
40,STF-302eb752,Erin Edwards,nursing_assistant,ICU,1,,1
41,STF-302eb752,Erin Edwards,nursing_assistant,ICU,0,,1
42,STF-302eb752,Erin Edwards,nursing_assistant,ICU,0,,1
43,STF-302eb752,Erin Edwards,nursing_assistant,ICU,0,,1
44,STF-302eb752,Erin Edwards,nursing_assistant,ICU,1,,1
45,STF-302eb752,Erin Edwards,nursing_assistant,ICU,0,,1
46,STF-302eb752,Erin Edwards,nursing_assistant,ICU,0,,1
47,STF-302eb752,Erin Edwards,nursing_assistant,ICU,1,,1
48,STF-302eb752,Erin Edwards,nursing_assistant,ICU,0,,1
49,STF-302eb752,Erin Edwards,nursing_assistant,ICU,1,,1
50,STF-302eb752,Erin Edwards,nursing_assistant,ICU,1,,1
51,STF-302eb752,Erin Edwards,nursing_assistant,ICU,0,,1
52,STF-302eb752,Erin Edwards,nursing_assistant,ICU,1,,1
